customer_id,product_id,interaction_type,occurred_at
1257,186,VIEW,2024-08-06 15:16:05
1257,179,VIEW,2024-12-15 04:00:22
1257,185,FAVORITE,2024-12-27 17:28:34
1257,212,VIEW,2025-11-23 13:21:00
1258,193,SEARCH,2024-06-07 16:16:20
1258,209,VIEW,2024-06-10 18:28:57
1258,217,SEARCH,2024-06-11 03:16:28
1258,217,VIEW,2024-06-17 23:31:30
1258,181,FAVORITE,2024-07-19 01:20:41
1258,215,VIEW,2024-08-02 08:13:26
1258,180,FAVORITE,2024-08-22 04:31:03
1258,197,VIEW,2024-09-06 10:16:50
1258,196,ADD_TO_CART,2024-09-08 21:07:47
1258,181,VIEW,2024-09-08 22:46:27
1258,193,VIEW,2024-09-09 05:42:07
1258,181,VIEW,2024-09-10 10:25:45
1258,180,VIEW,2024-09-15 11:19:55
1258,217,VIEW,2024-10-02 01:36:46
1258,187,VIEW,2024-10-03 16:41:43
1258,184,SEARCH,2024-10-06 08:41:27
1258,197,FAVORITE,2024-10-18 03:52:18
1258,217,SEARCH,2024-10-19 16:08:49
1258,181,SEARCH,2024-10-27 03:40:28
1258,195,ADD_TO_CART,2024-11-09 23:37:45
1258,198,VIEW,2024-11-14 23:22:46
1258,181,SEARCH,2024-11-28 12:22:56
1258,180,VIEW,2024-12-09 07:54:01
1258,199,VIEW,2024-12-09 14:31:12
1258,197,SHARE,2024-12-14 03:32:55
1258,179,ADD_TO_CART,2024-12-14 06:18:59
1258,208,VIEW,2024-12-19 10:16:34
1258,197,SHARE,2025-01-21 01:19:53
1258,181,ADD_TO_CART,2025-01-21 01:51:59
1258,197,VIEW,2025-01-25 05:52:03
1258,185,FAVORITE,2025-02-14 19:03:29
1258,181,VIEW,2025-03-09 16:22:37
1258,199,SEARCH,2025-03-11 17:00:17
1258,203,SEARCH,2025-03-21 10:45:22
1258,188,ADD_TO_CART,2025-04-06 09:29:55
1258,217,SEARCH,2025-04-16 21:31:16
1258,183,VIEW,2025-04-18 01:29:08
1258,211,VIEW,2025-04-30 21:03:24
1258,195,SHARE,2025-05-06 00:42:23
1258,199,VIEW,2025-05-18 12:13:38
1258,181,VIEW,2025-06-08 21:18:39
1258,199,FAVORITE,2025-07-03 16:55:33
1258,218,ADD_TO_CART,2025-07-15 15:01:39
1258,213,SEARCH,2025-07-17 19:08:12
1258,197,VIEW,2025-08-19 06:07:44
1258,181,VIEW,2025-08-26 12:11:33
1258,193,VIEW,2025-08-27 14:25:43
1258,197,SEARCH,2025-08-31 01:28:30
1258,188,VIEW,2025-09-11 11:22:48
1258,217,SEARCH,2025-09-21 11:27:59
1258,203,VIEW,2025-09-25 06:09:11
1258,181,VIEW,2025-10-03 15:26:57
1258,217,VIEW,2025-10-12 23:31:22
1258,209,VIEW,2025-10-24 08:59:47
1258,181,VIEW,2025-11-04 06:07:28
1258,180,VIEW,2025-11-23 01:26:36
1258,196,VIEW,2025-11-28 01:05:53
1258,186,VIEW,2025-11-29 23:46:10
1258,196,VIEW,2025-12-23 17:18:10
1258,192,VIEW,2026-01-13 16:25:36
1258,204,VIEW,2026-01-16 17:00:34
1258,196,VIEW,2026-01-25 14:16:23
1258,197,VIEW,2026-01-26 21:46:04
1258,180,VIEW,2026-01-28 21:32:01
1258,199,VIEW,2026-02-25 22:46:21
1258,181,SEARCH,2026-03-10 12:15:19
1258,204,SEARCH,2026-03-26 00:40:15
1258,197,VIEW,2026-03-28 12:33:07
1258,217,VIEW,2026-04-04 12:51:24
1258,213,SEARCH,2026-04-08 19:57:45
1258,179,VIEW,2026-04-24 19:46:20
1258,181,VIEW,2026-05-25 00:47:18
1258,202,VIEW,2026-06-10 13:11:00
1259,193,VIEW,2026-02-25 00:04:53
1259,192,VIEW,2026-02-26 06:22:10
1259,187,VIEW,2026-02-26 13:49:16
1259,197,VIEW,2026-02-27 17:00:20
1259,180,VIEW,2026-03-01 19:26:28
1259,211,VIEW,2026-03-01 20:12:43
1259,188,SHARE,2026-03-03 01:00:00
1259,202,VIEW,2026-03-03 14:27:55
1259,211,VIEW,2026-03-04 02:14:07
1259,198,VIEW,2026-03-04 03:11:43
1259,192,VIEW,2026-03-04 06:21:03
1259,208,VIEW,2026-03-05 23:37:09
1259,182,SEARCH,2026-03-06 00:53:18
1259,182,VIEW,2026-03-06 23:56:37
1259,211,SEARCH,2026-03-07 08:31:48
1259,187,SEARCH,2026-03-07 14:20:26
1259,189,VIEW,2026-03-08 18:19:12
1259,200,VIEW,2026-03-09 08:27:50
1259,212,ADD_TO_CART,2026-03-12 13:06:10
1259,192,ADD_TO_CART,2026-03-13 05:38:37
1259,192,SEARCH,2026-03-13 14:16:08
1259,184,VIEW,2026-03-13 17:20:58
1259,185,VIEW,2026-03-13 23:37:30
1259,194,VIEW,2026-03-15 03:38:04
1259,201,VIEW,2026-03-15 19:03:58
1259,192,VIEW,2026-03-15 20:02:27
1259,217,VIEW,2026-03-16 01:44:23
1259,192,SEARCH,2026-03-17 00:11:58
1259,190,SHARE,2026-03-17 10:40:50
1259,201,VIEW,2026-03-17 13:03:56
1259,183,VIEW,2026-03-18 10:23:27
1259,205,SHARE,2026-03-18 14:01:31
1259,207,VIEW,2026-03-19 04:24:29
1259,192,VIEW,2026-03-19 05:36:09
1259,192,ADD_TO_CART,2026-03-20 01:02:56
1259,190,VIEW,2026-03-20 05:20:41
1259,188,VIEW,2026-03-20 05:29:33
1259,201,VIEW,2026-03-20 06:58:59
1259,201,VIEW,2026-03-21 05:58:16
1259,189,VIEW,2026-03-21 07:53:43
1259,213,SEARCH,2026-03-22 07:52:25
1259,201,VIEW,2026-03-22 18:31:27
1259,183,VIEW,2026-03-23 19:28:11
1259,184,VIEW,2026-03-24 23:35:10
1259,201,ADD_TO_CART,2026-03-25 10:14:50
1259,216,ADD_TO_CART,2026-03-26 01:00:09
1259,211,VIEW,2026-03-26 14:24:08
1259,212,VIEW,2026-03-27 08:43:02
1259,182,VIEW,2026-03-27 09:31:13
1259,194,VIEW,2026-03-28 13:28:52
1259,202,VIEW,2026-03-30 06:12:38
1259,211,VIEW,2026-03-30 09:57:59
1259,190,VIEW,2026-03-30 19:33:51
1259,200,SHARE,2026-03-31 10:32:03
1259,197,VIEW,2026-04-01 05:30:38
1259,212,SEARCH,2026-04-01 15:19:27
1259,195,FAVORITE,2026-04-02 00:43:27
1259,184,SEARCH,2026-04-02 15:44:02
1259,211,VIEW,2026-04-04 12:28:11
1259,194,VIEW,2026-04-04 15:46:24
1259,192,ADD_TO_CART,2026-04-04 19:27:37
1259,212,VIEW,2026-04-05 22:26:56
1259,192,SEARCH,2026-04-10 04:56:51
1259,192,VIEW,2026-04-12 16:16:40
1259,184,SEARCH,2026-04-14 04:33:41
1259,206,SEARCH,2026-04-14 07:59:55
1259,194,FAVORITE,2026-04-16 03:38:01
1259,211,VIEW,2026-04-17 10:51:00
1260,204,ADD_TO_CART,2025-09-16 08:42:12
1260,205,VIEW,2025-09-21 00:21:11
1260,191,SEARCH,2025-10-17 20:32:22
1260,203,FAVORITE,2025-11-15 09:01:31
1260,193,ADD_TO_CART,2025-12-11 22:20:27
1260,185,SEARCH,2025-12-31 22:06:19
1260,183,VIEW,2026-01-06 09:09:29
1260,192,SEARCH,2026-01-06 13:04:12
1260,204,VIEW,2026-01-06 20:42:26
1260,189,VIEW,2026-01-12 10:05:10
1260,216,FAVORITE,2026-01-20 04:17:53
1260,205,VIEW,2026-01-23 21:55:36
1260,209,VIEW,2026-01-23 23:07:59
1260,216,VIEW,2026-02-11 06:40:45
1260,192,SEARCH,2026-02-25 08:19:31
1260,186,VIEW,2026-03-16 15:17:24
1260,187,ADD_TO_CART,2026-03-27 12:55:34
1260,180,VIEW,2026-03-31 09:44:09
1260,199,VIEW,2026-04-02 09:05:48
1260,204,VIEW,2026-04-04 15:44:19
1260,181,SEARCH,2026-04-05 09:57:42
1260,183,VIEW,2026-04-14 07:57:38
1260,210,SEARCH,2026-04-16 18:10:49
1260,209,VIEW,2026-05-02 18:34:05
1260,181,VIEW,2026-05-03 06:23:57
1260,188,VIEW,2026-05-17 06:56:34
1260,186,SEARCH,2026-06-01 04:12:07
1260,180,SEARCH,2026-06-01 20:04:09
1260,210,VIEW,2026-06-06 04:43:48
1260,203,VIEW,2026-06-10 15:38:35
1260,205,VIEW,2026-06-17 05:09:44
1260,189,VIEW,2026-06-19 17:17:04
1260,194,VIEW,2026-07-02 15:01:00
1261,184,SEARCH,2024-11-23 11:34:14
1261,209,SHARE,2024-12-01 07:15:56
1261,181,SEARCH,2024-12-27 23:03:15
1261,182,SHARE,2025-01-23 10:51:08
1261,204,VIEW,2025-01-27 20:15:24
1261,183,VIEW,2025-02-14 20:09:47
1261,196,VIEW,2025-02-24 08:48:16
1261,218,VIEW,2025-02-28 08:40:50
1261,184,VIEW,2025-03-13 17:50:03
1261,205,VIEW,2025-03-17 05:40:11
1261,182,VIEW,2025-04-11 07:57:35
1261,179,ADD_TO_CART,2025-04-30 00:32:26
1261,204,VIEW,2025-07-20 22:08:46
1261,200,SEARCH,2025-07-31 17:37:16
1261,202,VIEW,2025-08-03 02:10:34
1261,202,VIEW,2025-08-05 14:17:22
1261,201,FAVORITE,2025-08-13 14:41:09
1261,182,VIEW,2025-08-13 23:02:59
1261,198,VIEW,2025-08-20 11:15:21
1261,184,VIEW,2025-10-10 08:20:40
1261,211,VIEW,2025-11-01 07:24:02
1261,203,VIEW,2025-11-16 22:44:09
1261,197,ADD_TO_CART,2025-11-19 10:53:51
1261,200,SEARCH,2025-12-14 17:04:36
1261,200,VIEW,2026-01-21 02:31:50
1261,184,VIEW,2026-01-23 01:41:08
1261,184,SEARCH,2026-01-25 13:41:32
1261,190,FAVORITE,2026-01-26 09:03:08
1261,182,ADD_TO_CART,2026-02-03 06:43:36
1261,211,VIEW,2026-02-15 01:30:14
1261,202,VIEW,2026-02-26 12:46:53
1261,183,VIEW,2026-03-19 03:53:08
1261,209,VIEW,2026-03-20 22:32:26
1261,184,VIEW,2026-04-22 11:22:55
1261,180,SEARCH,2026-05-18 19:10:03
1261,202,VIEW,2026-05-22 05:06:44
1261,199,SEARCH,2026-06-23 11:42:00
1262,214,VIEW,2024-02-08 15:02:41
1262,198,ADD_TO_CART,2024-04-20 13:46:49
1262,192,VIEW,2024-06-03 20:21:09
1262,187,VIEW,2024-06-07 08:12:36
1262,192,VIEW,2024-06-28 17:17:58
1262,196,SEARCH,2024-08-14 05:48:31
1262,192,SEARCH,2024-09-01 13:32:48
1262,218,VIEW,2024-09-13 11:07:29
1262,181,VIEW,2024-09-16 10:26:48
1262,204,SEARCH,2024-10-22 06:58:00
1262,192,VIEW,2024-10-23 03:43:28
1262,203,VIEW,2024-10-28 14:55:06
1262,192,VIEW,2024-11-03 19:40:33
1262,207,VIEW,2024-11-15 23:15:11
1262,185,VIEW,2024-11-16 07:16:53
1262,198,SEARCH,2024-11-27 04:20:59
1262,199,VIEW,2024-12-26 04:34:25
1262,211,VIEW,2025-01-10 14:57:42
1262,213,VIEW,2025-01-20 21:05:00
1262,212,SEARCH,2025-01-25 22:08:08
1262,212,SEARCH,2025-02-05 14:33:28
1262,212,SEARCH,2025-02-07 03:20:01
1262,210,VIEW,2025-02-11 17:16:48
1262,207,VIEW,2025-02-12 17:39:37
1262,211,FAVORITE,2025-02-17 19:37:20
1262,192,VIEW,2025-04-20 16:55:54
1262,194,VIEW,2025-04-28 02:08:36
1262,192,VIEW,2025-05-29 20:01:15
1262,185,VIEW,2025-05-31 13:40:12
1262,211,SEARCH,2025-06-03 20:37:58
1262,211,ADD_TO_CART,2025-06-20 04:23:51
1262,198,VIEW,2025-06-20 13:15:24
1262,195,VIEW,2025-06-25 18:27:11
1262,185,VIEW,2025-08-15 19:06:41
1262,182,VIEW,2025-09-12 20:43:05
1262,194,SEARCH,2025-09-17 08:43:18
1262,180,ADD_TO_CART,2025-10-03 16:26:31
1262,211,SEARCH,2025-10-08 18:08:21
1262,197,SEARCH,2025-10-13 09:54:43
1262,197,VIEW,2025-10-21 05:15:19
1262,217,VIEW,2025-11-09 20:52:31
1262,198,VIEW,2025-11-25 03:22:47
1262,210,VIEW,2026-01-29 15:49:08
1262,218,VIEW,2026-02-05 10:51:23
1262,180,VIEW,2026-02-17 13:55:36
1262,197,ADD_TO_CART,2026-03-01 06:53:28
1262,217,VIEW,2026-03-10 07:21:28
1262,203,VIEW,2026-03-24 13:57:35
1262,197,VIEW,2026-04-22 10:50:00
1263,217,VIEW,2025-11-17 01:42:08
1263,184,VIEW,2025-11-19 17:09:39
1263,184,VIEW,2025-11-30 20:48:33
1263,212,SEARCH,2025-12-03 04:37:40
1263,194,ADD_TO_CART,2025-12-03 14:56:51
1263,212,SEARCH,2025-12-04 23:40:30
1263,195,VIEW,2025-12-05 19:29:10
1263,184,VIEW,2025-12-06 04:30:15
1263,207,ADD_TO_CART,2025-12-22 23:14:44
1263,212,VIEW,2025-12-25 02:39:51
1263,198,SEARCH,2025-12-25 15:59:47
1263,212,ADD_TO_CART,2025-12-28 10:26:07
1263,194,VIEW,2025-12-29 11:15:05
1263,211,SEARCH,2025-12-30 02:00:03
1263,194,VIEW,2025-12-30 21:56:43
1263,192,SEARCH,2026-01-01 01:39:52
1263,211,VIEW,2026-01-02 11:28:42
1263,211,VIEW,2026-01-10 04:30:28
1263,194,VIEW,2026-01-19 13:14:56
1263,192,VIEW,2026-01-24 00:06:01
1263,194,VIEW,2026-01-27 12:15:32
1263,194,ADD_TO_CART,2026-01-29 08:19:57
1263,200,FAVORITE,2026-01-31 01:40:33
1263,214,ADD_TO_CART,2026-02-04 07:37:57
1263,198,VIEW,2026-02-06 11:51:50
1263,211,ADD_TO_CART,2026-02-06 15:51:41
1263,193,VIEW,2026-02-09 08:19:13
1263,179,SEARCH,2026-02-10 21:46:46
1263,186,FAVORITE,2026-02-12 04:46:46
1263,212,ADD_TO_CART,2026-02-12 06:01:49
1263,206,SEARCH,2026-02-13 18:17:22
1263,192,VIEW,2026-02-15 22:11:03
1263,208,FAVORITE,2026-02-18 00:16:13
1263,215,VIEW,2026-02-18 12:56:47
1263,192,SEARCH,2026-02-21 05:33:20
1263,213,VIEW,2026-02-26 05:21:52
1263,202,SEARCH,2026-02-28 05:11:19
1263,212,VIEW,2026-03-08 20:24:18
1263,192,SHARE,2026-03-09 13:02:30
1263,212,VIEW,2026-03-17 23:57:11
1263,207,VIEW,2026-03-21 00:47:24
1263,196,VIEW,2026-03-29 08:16:18
1263,193,VIEW,2026-03-30 11:10:25
1263,214,VIEW,2026-03-30 21:23:24
1263,192,VIEW,2026-03-31 22:06:24
1263,193,VIEW,2026-04-07 03:56:26
1263,212,SEARCH,2026-04-08 08:03:52
1263,208,SEARCH,2026-04-11 15:31:37
1263,211,VIEW,2026-04-12 17:21:47
1263,211,VIEW,2026-04-19 16:40:35
1263,212,SEARCH,2026-04-21 01:28:00
1263,192,VIEW,2026-05-01 10:31:07
1263,193,SEARCH,2026-05-04 02:27:25
1263,209,VIEW,2026-05-08 12:20:28
1263,192,VIEW,2026-05-09 06:01:38
1263,213,VIEW,2026-05-13 10:08:12
1263,192,VIEW,2026-05-17 14:18:46
1263,197,VIEW,2026-05-18 03:22:26
1263,197,VIEW,2026-05-20 16:59:17
1263,179,VIEW,2026-05-23 07:05:12
1263,192,VIEW,2026-05-24 17:20:34
1263,208,VIEW,2026-05-25 11:14:55
1263,201,VIEW,2026-05-27 15:01:21
1263,183,VIEW,2026-05-28 10:39:45
1263,192,SEARCH,2026-05-30 00:04:55
1263,182,VIEW,2026-05-30 08:24:10
1263,217,VIEW,2026-06-04 00:48:52
1263,217,VIEW,2026-06-09 00:32:55
1263,212,VIEW,2026-06-11 17:06:00
1264,215,SEARCH,2026-01-24 12:39:53
1264,209,VIEW,2026-01-25 19:06:13
1264,203,VIEW,2026-02-08 03:26:36
1264,196,VIEW,2026-02-08 12:54:16
1264,199,VIEW,2026-02-11 20:30:42
1264,195,VIEW,2026-02-12 19:28:07
1264,210,VIEW,2026-02-14 04:09:55
1264,195,SHARE,2026-02-19 03:43:16
1264,196,VIEW,2026-02-22 13:48:49
1264,190,VIEW,2026-02-22 18:52:09
1264,212,SEARCH,2026-02-22 23:45:58
1264,205,VIEW,2026-02-23 02:49:59
1264,207,VIEW,2026-02-27 16:56:42
1264,209,SEARCH,2026-03-02 11:51:43
1264,215,VIEW,2026-03-07 18:14:58
1264,217,VIEW,2026-03-13 17:01:45
1264,215,VIEW,2026-03-17 08:43:51
1264,210,VIEW,2026-03-18 17:36:57
1264,194,VIEW,2026-03-19 17:33:04
1264,217,ADD_TO_CART,2026-03-23 20:29:05
1264,192,ADD_TO_CART,2026-03-25 05:42:01
1264,196,ADD_TO_CART,2026-04-08 15:40:05
1264,191,VIEW,2026-04-09 15:06:26
1264,194,VIEW,2026-04-15 03:01:24
1264,190,VIEW,2026-04-15 04:11:56
1264,216,VIEW,2026-04-16 09:57:18
1264,195,SEARCH,2026-04-16 12:57:04
1264,195,VIEW,2026-04-21 15:46:48
1264,198,VIEW,2026-04-22 20:34:08
1264,195,ADD_TO_CART,2026-04-23 01:54:26
1264,194,SEARCH,2026-04-23 18:22:17
1264,209,VIEW,2026-04-23 22:01:23
1264,180,SHARE,2026-04-26 01:15:55
1264,199,VIEW,2026-04-30 19:25:28
1264,210,VIEW,2026-05-03 09:47:25
1264,209,ADD_TO_CART,2026-05-08 16:38:58
1264,188,VIEW,2026-05-10 03:31:43
1264,196,FAVORITE,2026-05-11 10:36:03
1264,217,VIEW,2026-05-13 05:55:37
1264,216,VIEW,2026-05-19 14:43:43
1264,210,VIEW,2026-05-21 15:43:23
1264,202,VIEW,2026-05-25 14:38:58
1264,218,VIEW,2026-05-25 20:59:16
1264,217,VIEW,2026-05-26 03:10:06
1264,208,VIEW,2026-05-28 22:02:29
1264,209,SEARCH,2026-06-03 03:59:28
1264,195,VIEW,2026-06-03 11:23:04
1264,205,VIEW,2026-06-03 13:58:03
1264,185,VIEW,2026-06-05 12:09:00
1265,201,VIEW,2025-03-20 23:14:53
1265,195,ADD_TO_CART,2025-03-27 04:54:24
1265,207,SHARE,2025-03-29 22:58:24
1265,206,VIEW,2025-04-07 01:50:34
1265,217,SEARCH,2025-04-14 00:22:29
1265,202,VIEW,2025-04-24 21:58:43
1265,196,VIEW,2025-05-11 01:03:54
1265,184,VIEW,2025-05-24 04:21:54
1265,211,SHARE,2025-06-05 09:33:07
1265,194,SEARCH,2025-06-24 03:30:23
1265,207,VIEW,2025-06-30 07:14:31
1265,190,VIEW,2025-07-08 08:20:48
1265,196,SEARCH,2025-07-27 17:26:06
1265,207,VIEW,2025-07-30 08:17:48
1265,189,VIEW,2025-08-01 03:48:16
1265,207,VIEW,2025-08-01 15:36:28
1265,202,VIEW,2025-08-11 10:57:48
1265,208,VIEW,2025-08-21 20:50:24
1265,191,VIEW,2025-08-23 16:52:45
1265,207,SEARCH,2025-08-24 03:46:16
1265,207,VIEW,2025-09-11 07:12:03
1265,208,VIEW,2025-09-11 22:35:57
1265,207,VIEW,2025-09-15 08:59:21
1265,218,VIEW,2025-09-21 14:31:29
1265,207,VIEW,2025-09-27 16:07:51
1265,190,VIEW,2025-10-04 19:57:16
1265,207,SEARCH,2025-10-06 21:21:52
1265,208,VIEW,2025-10-23 16:51:01
1265,182,VIEW,2025-11-25 14:41:16
1265,204,ADD_TO_CART,2025-11-28 03:31:32
1265,207,VIEW,2025-12-02 19:43:34
1265,180,SEARCH,2025-12-15 04:46:32
1265,218,SEARCH,2025-12-24 03:52:45
1265,206,VIEW,2025-12-28 16:22:30
1265,194,FAVORITE,2026-01-05 10:29:34
1265,208,VIEW,2026-01-21 10:02:56
1265,208,ADD_TO_CART,2026-01-24 21:55:42
1265,207,VIEW,2026-02-04 20:57:24
1265,187,VIEW,2026-02-06 06:12:33
1265,207,VIEW,2026-02-18 08:30:58
1265,194,VIEW,2026-02-22 04:16:54
1265,207,VIEW,2026-03-13 11:06:35
1265,207,VIEW,2026-03-21 02:19:02
1265,181,SEARCH,2026-03-22 22:30:03
1265,185,ADD_TO_CART,2026-03-28 09:20:12
1265,191,VIEW,2026-03-30 06:08:10
1265,214,ADD_TO_CART,2026-04-10 00:21:12
1265,203,VIEW,2026-04-20 12:45:37
1265,194,VIEW,2026-05-10 10:08:28
1265,208,VIEW,2026-05-20 09:52:29
1265,207,VIEW,2026-05-21 20:34:33
1265,216,FAVORITE,2026-05-27 14:17:28
1265,208,VIEW,2026-05-29 20:29:34
1265,207,VIEW,2026-06-09 05:43:47
1265,193,VIEW,2026-06-11 16:22:43
1265,206,SEARCH,2026-06-22 00:45:49
1265,186,FAVORITE,2026-06-22 21:12:21
1265,180,VIEW,2026-07-20 09:54:00
1266,193,VIEW,2025-03-20 15:37:26
1266,179,VIEW,2025-04-04 07:54:52
1266,192,ADD_TO_CART,2025-04-09 02:23:59
1266,217,VIEW,2025-04-11 19:53:27
1266,183,VIEW,2025-04-18 08:46:38
1266,209,VIEW,2025-04-30 19:51:06
1266,207,VIEW,2025-05-06 18:16:10
1266,218,VIEW,2025-05-11 06:03:54
1266,207,VIEW,2025-05-19 04:22:54
1266,190,VIEW,2025-07-02 06:41:50
1266,204,VIEW,2025-07-15 12:05:02
1266,206,ADD_TO_CART,2025-08-02 15:24:59
1266,207,FAVORITE,2025-08-10 05:12:18
1266,183,FAVORITE,2025-08-13 11:40:00
1266,208,SEARCH,2025-08-21 09:52:12
1266,194,SEARCH,2025-08-27 22:16:47
1266,205,VIEW,2025-09-06 10:53:13
1266,205,ADD_TO_CART,2025-09-13 18:38:57
1266,181,VIEW,2025-09-19 18:49:54
1266,198,VIEW,2025-09-21 06:38:15
1266,190,ADD_TO_CART,2025-10-03 02:20:14
1266,203,VIEW,2025-10-23 23:47:24
1266,218,VIEW,2025-10-26 10:55:54
1266,189,FAVORITE,2025-11-03 10:46:42
1266,208,VIEW,2025-11-10 13:50:02
1266,197,SEARCH,2025-11-11 05:09:32
1266,179,SHARE,2025-11-17 01:11:06
1266,198,ADD_TO_CART,2025-12-03 15:39:38
1266,205,ADD_TO_CART,2025-12-04 00:53:15
1266,190,SEARCH,2025-12-18 05:57:54
1266,213,SHARE,2025-12-27 00:49:40
1266,186,VIEW,2025-12-27 09:52:12
1266,180,VIEW,2025-12-28 09:33:21
1266,207,VIEW,2025-12-30 12:26:25
1266,203,SEARCH,2025-12-30 17:27:12
1266,184,VIEW,2026-01-09 00:14:08
1266,213,VIEW,2026-02-19 14:49:41
1266,209,VIEW,2026-02-19 21:37:45
1266,206,VIEW,2026-02-26 09:35:23
1266,188,VIEW,2026-03-07 04:41:46
1266,196,VIEW,2026-03-10 04:30:08
1266,207,VIEW,2026-04-01 01:36:26
1266,208,VIEW,2026-04-04 12:32:05
1266,206,VIEW,2026-04-09 15:18:56
1266,207,VIEW,2026-04-20 10:52:48
1266,179,VIEW,2026-05-02 07:25:39
1266,208,VIEW,2026-05-03 01:59:10
1266,207,ADD_TO_CART,2026-05-03 14:28:02
1266,208,ADD_TO_CART,2026-05-08 20:00:56
1266,207,ADD_TO_CART,2026-05-09 08:58:13
1266,217,SEARCH,2026-05-11 08:02:58
1266,208,VIEW,2026-05-12 12:51:00
1266,208,ADD_TO_CART,2026-05-16 15:03:13
1266,200,VIEW,2026-05-19 10:02:46
1266,207,ADD_TO_CART,2026-06-20 00:02:18
1266,206,SEARCH,2026-06-22 06:07:34
1266,198,VIEW,2026-07-10 11:48:00
1267,182,VIEW,2024-08-18 21:52:56
1267,199,ADD_TO_CART,2024-08-23 05:55:01
1267,187,VIEW,2024-09-06 18:35:20
1267,194,VIEW,2024-10-01 13:49:32
1267,184,VIEW,2024-10-11 20:29:59
1267,198,ADD_TO_CART,2024-10-15 12:31:34
1267,214,VIEW,2024-11-05 04:48:12
1267,194,VIEW,2024-11-23 09:06:34
1267,203,VIEW,2024-12-15 17:55:41
1267,186,VIEW,2024-12-30 03:37:46
1267,210,VIEW,2025-01-09 03:54:08
1267,205,ADD_TO_CART,2025-02-10 03:53:02
1267,198,VIEW,2025-02-19 02:52:23
1267,213,VIEW,2025-03-02 02:58:16
1267,193,VIEW,2025-03-06 06:27:52
1267,180,VIEW,2025-03-10 19:32:34
1267,204,SEARCH,2025-03-11 21:38:39
1267,201,FAVORITE,2025-03-12 14:40:29
1267,179,VIEW,2025-03-28 12:08:47
1267,193,VIEW,2025-03-28 23:13:22
1267,194,SHARE,2025-04-02 17:16:38
1267,217,VIEW,2025-04-06 05:17:15
1267,211,VIEW,2025-04-12 01:26:54
1267,212,VIEW,2025-04-14 21:23:23
1267,181,SEARCH,2025-04-14 21:30:18
1267,198,ADD_TO_CART,2025-04-24 21:52:34
1267,180,VIEW,2025-04-28 22:45:04
1267,199,FAVORITE,2025-04-30 21:11:48
1267,194,VIEW,2025-05-20 21:38:55
1267,193,VIEW,2025-05-24 15:49:51
1267,199,ADD_TO_CART,2025-05-25 09:50:23
1267,199,VIEW,2025-06-01 20:26:39
1267,201,VIEW,2025-06-06 12:11:53
1267,213,SEARCH,2025-06-09 03:32:22
1267,189,VIEW,2025-06-30 14:30:33
1267,188,VIEW,2025-07-04 22:13:11
1267,193,VIEW,2025-07-06 16:53:22
1267,193,VIEW,2025-07-15 17:47:03
1267,214,SEARCH,2025-07-21 04:33:25
1267,187,VIEW,2025-07-30 06:20:46
1267,209,VIEW,2025-07-30 13:08:33
1267,181,SHARE,2025-07-30 15:27:35
1267,214,ADD_TO_CART,2025-08-05 11:05:08
1267,213,VIEW,2025-08-06 14:07:04
1267,194,VIEW,2025-08-13 15:02:10
1267,193,VIEW,2025-08-17 22:48:14
1267,194,FAVORITE,2025-08-24 09:14:37
1267,193,VIEW,2025-08-31 13:47:01
1267,189,ADD_TO_CART,2025-09-05 16:43:38
1267,213,VIEW,2025-09-13 14:52:09
1267,209,VIEW,2025-09-26 08:43:37
1267,207,SHARE,2025-09-26 22:29:08
1267,193,SHARE,2025-09-28 07:18:38
1267,193,SHARE,2025-10-05 19:44:37
1267,213,VIEW,2025-10-13 05:46:37
1267,184,SEARCH,2025-10-15 22:10:18
1267,194,SEARCH,2025-10-24 23:42:48
1267,193,VIEW,2025-11-01 14:19:57
1267,193,VIEW,2025-11-03 15:50:43
1267,194,VIEW,2025-11-04 05:50:08
1267,213,SEARCH,2025-11-11 17:33:31
1267,213,VIEW,2025-11-18 04:51:51
1267,213,FAVORITE,2025-11-20 16:53:29
1267,194,VIEW,2025-11-30 02:24:07
1267,183,SEARCH,2025-12-21 06:47:45
1267,199,FAVORITE,2026-01-02 21:47:57
1267,194,VIEW,2026-01-06 09:36:18
1267,213,VIEW,2026-01-21 11:36:45
1267,199,VIEW,2026-02-02 03:04:37
1267,193,VIEW,2026-02-10 13:08:30
1267,182,FAVORITE,2026-02-14 09:40:23
1267,181,VIEW,2026-04-10 08:38:04
1267,207,VIEW,2026-04-12 05:03:49
1267,201,ADD_TO_CART,2026-04-18 08:49:51
1267,193,SEARCH,2026-04-18 14:24:30
1267,182,VIEW,2026-04-21 20:44:49
1267,194,VIEW,2026-05-18 11:11:00
1268,209,VIEW,2025-07-04 02:32:10
1268,193,VIEW,2025-07-05 06:20:11
1268,198,VIEW,2025-07-08 10:14:29
1268,195,SEARCH,2025-07-22 19:57:11
1268,207,VIEW,2025-07-25 08:39:53
1268,209,ADD_TO_CART,2025-08-04 21:01:50
1268,216,VIEW,2025-09-14 05:35:53
1268,186,SEARCH,2025-09-25 19:47:16
1268,194,FAVORITE,2025-10-05 06:24:30
1268,193,VIEW,2025-10-08 06:56:21
1268,199,VIEW,2025-10-19 06:00:14
1268,213,VIEW,2025-10-27 09:58:12
1268,193,VIEW,2025-10-27 16:17:44
1268,193,VIEW,2025-11-10 03:07:54
1268,214,VIEW,2025-11-16 09:59:25
1268,194,VIEW,2025-11-24 12:50:21
1268,201,VIEW,2025-12-02 02:02:58
1268,193,SEARCH,2025-12-08 16:20:18
1268,195,VIEW,2025-12-15 12:17:53
1268,193,ADD_TO_CART,2026-01-04 01:39:25
1268,207,VIEW,2026-01-09 07:35:42
1268,213,ADD_TO_CART,2026-01-20 15:23:34
1268,195,VIEW,2026-02-01 01:08:51
1268,217,VIEW,2026-02-03 04:50:09
1268,193,SEARCH,2026-02-04 15:17:08
1268,181,VIEW,2026-02-06 16:21:55
1268,217,FAVORITE,2026-02-11 10:58:46
1268,193,VIEW,2026-02-12 05:20:34
1268,217,VIEW,2026-02-12 06:05:59
1268,186,ADD_TO_CART,2026-02-12 07:30:20
1268,182,SHARE,2026-03-04 08:13:03
1268,193,VIEW,2026-03-27 23:40:15
1268,193,ADD_TO_CART,2026-03-31 03:33:29
1268,213,VIEW,2026-04-01 06:47:07
1268,217,VIEW,2026-04-18 07:22:54
1268,212,VIEW,2026-05-08 14:29:02
1268,183,VIEW,2026-06-12 19:33:46
1268,201,VIEW,2026-06-20 18:38:00
1269,197,VIEW,2024-12-11 03:47:55
1269,181,ADD_TO_CART,2024-12-16 18:06:31
1269,200,SEARCH,2024-12-24 08:10:43
1269,194,VIEW,2025-01-22 23:40:59
1269,181,VIEW,2025-02-21 18:41:05
1269,181,VIEW,2025-03-01 10:13:43
1269,179,VIEW,2025-03-24 16:27:54
1269,195,VIEW,2025-03-28 03:44:45
1269,181,VIEW,2025-04-28 07:11:48
1269,185,SEARCH,2025-04-30 09:31:46
1269,180,VIEW,2025-05-01 16:25:32
1269,199,VIEW,2025-05-03 18:51:46
1269,209,ADD_TO_CART,2025-05-10 14:47:11
1269,191,VIEW,2025-05-18 13:54:55
1269,212,ADD_TO_CART,2025-05-23 15:27:44
1269,181,ADD_TO_CART,2025-05-26 01:38:25
1269,182,VIEW,2025-06-18 06:32:16
1269,218,SHARE,2025-07-25 18:57:27
1269,198,VIEW,2025-08-15 02:39:51
1269,209,VIEW,2025-08-20 23:17:23
1269,198,ADD_TO_CART,2025-09-04 20:31:24
1269,199,SEARCH,2025-09-24 17:42:21
1269,186,ADD_TO_CART,2025-10-04 11:46:35
1269,197,VIEW,2025-10-15 09:11:48
1269,198,VIEW,2025-11-07 02:42:11
1269,212,VIEW,2025-11-07 14:35:34
1269,184,VIEW,2025-11-10 14:08:12
1269,187,VIEW,2025-11-12 03:40:03
1269,180,VIEW,2025-11-12 16:46:40
1269,189,VIEW,2025-12-03 03:32:27
1269,180,VIEW,2025-12-04 15:11:07
1269,181,SEARCH,2025-12-13 17:56:48
1269,197,VIEW,2025-12-14 17:27:47
1269,199,VIEW,2025-12-14 18:02:27
1269,213,VIEW,2025-12-27 20:01:06
1269,195,ADD_TO_CART,2026-01-09 14:59:43
1269,199,FAVORITE,2026-01-10 18:05:30
1269,184,SEARCH,2026-01-13 13:50:37
1269,197,VIEW,2026-01-21 12:30:41
1269,198,ADD_TO_CART,2026-01-22 08:20:48
1269,186,VIEW,2026-01-25 00:39:26
1269,197,VIEW,2026-01-27 15:05:37
1269,202,SHARE,2026-02-11 18:09:39
1269,180,FAVORITE,2026-02-26 12:11:05
1269,206,VIEW,2026-03-19 20:30:20
1269,199,SEARCH,2026-03-24 19:27:40
1269,180,VIEW,2026-03-25 02:50:41
1269,217,SEARCH,2026-04-04 07:13:25
1269,194,SEARCH,2026-04-10 15:36:38
1269,181,SEARCH,2026-04-14 00:09:05
1269,199,VIEW,2026-04-14 12:36:42
1269,179,ADD_TO_CART,2026-04-16 06:14:57
1269,187,VIEW,2026-04-17 21:21:41
1269,197,FAVORITE,2026-04-28 13:33:16
1269,179,VIEW,2026-05-14 01:39:00
1269,179,FAVORITE,2026-05-15 06:47:38
1269,198,FAVORITE,2026-05-16 05:00:57
1269,194,VIEW,2026-06-04 01:27:09
1269,200,VIEW,2026-06-06 03:22:23
1269,204,VIEW,2026-06-24 15:45:00
1270,214,ADD_TO_CART,2024-04-01 04:04:51
1270,209,VIEW,2024-10-30 07:27:51
1270,206,VIEW,2024-12-02 22:45:13
1270,218,VIEW,2024-12-19 17:08:22
1270,204,SHARE,2025-01-10 17:52:12
1270,185,VIEW,2025-02-25 07:21:52
1270,211,VIEW,2025-03-15 06:20:15
1270,203,VIEW,2025-03-23 02:39:30
1270,213,ADD_TO_CART,2025-04-24 09:37:30
1270,194,VIEW,2025-05-04 01:40:58
1270,185,VIEW,2025-05-10 00:27:26
1270,186,SHARE,2025-06-20 08:25:45
1270,203,VIEW,2025-06-28 01:39:42
1270,190,VIEW,2025-07-10 13:25:05
1270,183,ADD_TO_CART,2025-07-31 03:48:30
1270,213,VIEW,2025-08-09 10:53:42
1270,205,VIEW,2025-12-10 01:16:09
1270,186,VIEW,2026-01-09 15:24:00
1271,208,VIEW,2026-01-17 01:32:41
1271,194,ADD_TO_CART,2026-01-17 06:26:48
1271,182,VIEW,2026-01-18 14:15:08
1271,193,SEARCH,2026-01-22 01:37:42
1271,197,FAVORITE,2026-01-27 02:36:05
1271,198,VIEW,2026-01-31 06:04:16
1271,198,VIEW,2026-02-03 22:05:50
1271,209,VIEW,2026-02-08 15:11:42
1271,187,SEARCH,2026-02-09 14:19:49
1271,199,VIEW,2026-02-15 17:29:07
1271,201,VIEW,2026-02-17 04:42:14
1271,206,VIEW,2026-02-17 10:40:33
1271,180,ADD_TO_CART,2026-02-24 22:00:42
1271,197,VIEW,2026-02-26 07:27:52
1271,197,VIEW,2026-02-26 09:45:22
1271,198,SEARCH,2026-02-26 12:52:12
1271,198,VIEW,2026-02-26 16:59:07
1271,184,VIEW,2026-03-04 08:54:28
1271,197,VIEW,2026-03-08 22:18:53
1271,181,VIEW,2026-03-14 04:47:12
1271,194,VIEW,2026-03-14 09:11:02
1271,184,FAVORITE,2026-03-16 13:33:28
1271,180,SEARCH,2026-03-22 19:19:57
1271,209,SEARCH,2026-03-23 02:03:11
1271,180,VIEW,2026-03-26 17:56:50
1271,179,VIEW,2026-03-29 06:03:54
1271,183,FAVORITE,2026-03-30 11:46:55
1271,180,VIEW,2026-03-31 05:31:08
1271,193,VIEW,2026-04-01 00:43:58
1271,204,ADD_TO_CART,2026-04-03 16:12:33
1271,192,VIEW,2026-04-04 03:40:27
1271,180,VIEW,2026-04-05 18:21:12
1271,179,VIEW,2026-04-06 05:25:18
1271,201,SEARCH,2026-04-07 17:00:57
1271,198,VIEW,2026-04-10 15:36:11
1271,217,VIEW,2026-04-11 18:47:26
1271,199,VIEW,2026-04-20 04:14:54
1271,198,SEARCH,2026-04-28 15:19:51
1271,181,SEARCH,2026-05-01 10:16:21
1271,181,VIEW,2026-05-01 15:09:02
1271,199,VIEW,2026-05-01 21:33:31
1271,184,VIEW,2026-05-01 22:12:07
1271,182,ADD_TO_CART,2026-05-04 02:22:07
1271,198,FAVORITE,2026-05-04 21:47:53
1271,198,VIEW,2026-05-08 08:04:53
1271,207,VIEW,2026-05-09 12:32:53
1271,180,VIEW,2026-05-23 11:27:25
1271,192,VIEW,2026-05-26 17:22:54
1271,218,SHARE,2026-05-27 14:50:29
1271,201,VIEW,2026-05-28 19:30:19
1271,199,ADD_TO_CART,2026-06-01 06:42:18
1271,201,VIEW,2026-06-01 17:09:33
1271,198,SEARCH,2026-06-15 11:13:44
1271,203,VIEW,2026-06-17 16:06:52
1271,198,VIEW,2026-06-20 08:04:53
1271,199,VIEW,2026-06-26 07:18:19
1271,183,ADD_TO_CART,2026-06-27 14:35:07
1271,198,VIEW,2026-06-28 16:57:10
1271,210,SEARCH,2026-06-29 23:52:44
1271,189,VIEW,2026-07-03 18:14:17
1271,202,VIEW,2026-07-04 01:13:21
1271,181,SEARCH,2026-07-05 10:33:03
1271,204,FAVORITE,2026-07-06 18:22:11
1271,197,VIEW,2026-07-10 17:30:28
1271,218,SEARCH,2026-07-12 11:58:11
1271,183,VIEW,2026-07-16 13:41:28
1271,198,VIEW,2026-07-18 09:01:42
1271,181,SEARCH,2026-07-22 18:18:00
1272,179,VIEW,2024-05-13 09:48:17
1272,197,VIEW,2024-05-19 18:45:03
1272,180,SEARCH,2024-07-12 20:10:32
1272,179,VIEW,2024-07-20 18:12:54
1272,207,SEARCH,2024-09-02 13:06:22
1272,183,ADD_TO_CART,2024-09-07 05:58:11
1272,208,ADD_TO_CART,2024-09-20 20:06:47
1272,180,VIEW,2024-10-23 05:11:14
1272,180,ADD_TO_CART,2024-10-24 03:39:27
1272,201,VIEW,2024-11-07 08:05:39
1272,207,VIEW,2025-01-14 13:50:55
1272,197,VIEW,2025-02-10 12:30:04
1272,198,VIEW,2025-03-11 20:18:36
1272,210,SEARCH,2025-03-19 10:19:53
1272,199,FAVORITE,2025-04-01 16:21:11
1272,179,VIEW,2025-04-09 12:10:07
1272,201,SEARCH,2025-05-03 12:23:35
1272,197,VIEW,2025-05-11 06:56:22
1272,199,VIEW,2025-05-12 22:26:31
1272,181,SEARCH,2025-05-20 21:42:53
1272,199,VIEW,2025-05-26 06:09:41
1272,198,ADD_TO_CART,2025-06-27 09:32:16
1272,198,VIEW,2025-07-10 16:59:10
1272,208,SEARCH,2025-07-15 06:48:52
1272,218,VIEW,2025-07-22 16:52:34
1272,179,VIEW,2025-07-24 05:37:00
1272,198,VIEW,2025-09-03 22:22:19
1272,192,VIEW,2025-09-07 12:27:09
1272,193,VIEW,2025-09-17 01:54:43
1272,194,ADD_TO_CART,2025-09-24 09:39:50
1272,197,SHARE,2025-09-26 10:26:30
1272,198,VIEW,2025-10-09 23:05:18
1272,198,SEARCH,2025-10-17 12:34:17
1272,195,VIEW,2025-11-05 19:48:33
1272,206,VIEW,2025-11-07 23:05:59
1272,183,VIEW,2025-11-09 14:27:45
1272,193,VIEW,2025-11-09 16:16:39
1272,197,VIEW,2025-12-06 10:23:27
1272,184,SEARCH,2025-12-06 16:59:47
1272,180,VIEW,2025-12-21 22:08:09
1272,197,VIEW,2025-12-23 18:23:44
1272,181,SEARCH,2025-12-27 23:18:14
1272,210,VIEW,2025-12-30 09:35:14
1272,198,SEARCH,2026-01-09 15:35:58
1272,197,ADD_TO_CART,2026-01-22 14:12:51
1272,180,VIEW,2026-01-31 15:43:08
1272,193,VIEW,2026-02-08 10:13:10
1272,180,VIEW,2026-02-13 22:54:32
1272,206,VIEW,2026-02-26 02:26:17
1272,197,VIEW,2026-03-07 04:53:07
1272,205,ADD_TO_CART,2026-03-28 07:59:51
1272,199,VIEW,2026-04-17 17:38:09
1272,198,ADD_TO_CART,2026-04-20 04:33:11
1272,217,SEARCH,2026-06-03 07:58:50
1272,207,VIEW,2026-06-21 15:00:00
1273,201,VIEW,2025-05-22 07:23:01
1273,181,SEARCH,2025-05-28 20:32:41
1273,204,VIEW,2025-06-15 20:32:07
1273,217,ADD_TO_CART,2025-06-17 21:09:37
1273,218,VIEW,2025-08-07 11:05:25
1273,201,VIEW,2025-08-13 21:07:10
1273,215,SEARCH,2025-08-14 15:43:25
1273,206,SEARCH,2025-08-15 20:04:17
1273,193,FAVORITE,2025-08-19 15:22:47
1273,194,VIEW,2025-08-26 22:46:07
1273,189,SEARCH,2025-08-29 12:10:30
1273,206,VIEW,2025-09-01 16:03:08
1273,218,ADD_TO_CART,2025-09-06 05:04:23
1273,193,VIEW,2025-09-11 02:52:32
1273,203,VIEW,2025-09-22 06:28:36
1273,218,ADD_TO_CART,2025-09-26 09:13:00
1273,208,VIEW,2025-09-26 23:23:02
1273,183,SEARCH,2025-10-05 19:31:00
1273,189,VIEW,2025-10-15 21:59:00
1273,209,VIEW,2025-10-21 02:39:25
1273,209,FAVORITE,2025-10-22 18:38:47
1273,216,FAVORITE,2025-11-11 16:09:51
1273,207,VIEW,2025-11-14 02:53:20
1273,218,VIEW,2025-11-14 05:54:04
1273,198,SEARCH,2025-11-24 07:38:55
1273,209,VIEW,2025-12-19 06:45:18
1273,192,SHARE,2025-12-19 16:16:31
1273,188,ADD_TO_CART,2025-12-27 00:26:43
1273,218,VIEW,2025-12-28 20:40:30
1273,210,VIEW,2025-12-29 15:39:22
1273,186,SEARCH,2026-01-05 13:10:34
1273,190,SEARCH,2026-01-17 07:04:47
1273,204,VIEW,2026-02-06 12:43:31
1273,187,VIEW,2026-02-09 19:17:12
1273,217,SEARCH,2026-02-12 08:23:12
1273,218,FAVORITE,2026-02-25 05:08:33
1273,207,ADD_TO_CART,2026-03-05 05:44:30
1273,202,FAVORITE,2026-03-07 22:16:22
1273,181,VIEW,2026-03-23 01:36:46
1273,194,VIEW,2026-03-27 13:06:59
1273,205,VIEW,2026-03-29 18:55:48
1273,207,SEARCH,2026-03-29 23:09:03
1273,184,VIEW,2026-04-05 02:12:07
1273,206,VIEW,2026-04-08 17:34:52
1273,207,VIEW,2026-04-10 12:26:12
1273,189,SEARCH,2026-04-29 21:15:10
1273,195,VIEW,2026-04-30 07:58:33
1273,183,VIEW,2026-05-04 03:11:41
1273,185,VIEW,2026-05-07 10:47:33
1273,197,SEARCH,2026-05-14 07:47:04
1273,206,VIEW,2026-06-07 02:57:51
1273,190,VIEW,2026-06-09 14:57:00
1274,198,VIEW,2024-03-17 15:00:45
1274,211,SHARE,2024-03-27 10:53:05
1274,215,VIEW,2024-04-19 23:11:36
1274,193,VIEW,2024-05-15 17:36:15
1274,193,SHARE,2024-05-26 02:02:05
1274,179,VIEW,2024-05-27 19:12:42
1274,218,SEARCH,2024-06-13 20:35:23
1274,216,VIEW,2024-07-12 19:13:59
1274,207,VIEW,2024-09-06 13:33:44
1274,209,VIEW,2024-09-12 08:52:03
1274,183,VIEW,2024-10-04 13:54:52
1274,207,VIEW,2024-10-08 15:38:16
1274,184,VIEW,2024-10-22 16:16:11
1274,183,SEARCH,2024-10-28 07:59:21
1274,198,ADD_TO_CART,2024-11-30 14:01:27
1274,198,VIEW,2024-12-15 12:53:41
1274,193,VIEW,2025-01-18 09:11:25
1274,209,VIEW,2025-01-24 08:06:09
1274,202,VIEW,2025-01-24 16:35:28
1274,214,VIEW,2025-02-06 19:03:20
1274,218,VIEW,2025-03-03 03:57:23
1274,184,VIEW,2025-03-10 07:26:16
1274,181,VIEW,2025-03-13 06:37:56
1274,218,VIEW,2025-03-27 17:14:57
1274,199,SEARCH,2025-04-10 12:33:37
1274,195,VIEW,2025-04-14 02:37:25
1274,197,VIEW,2025-05-03 17:36:52
1274,207,SEARCH,2025-05-04 04:30:22
1274,185,ADD_TO_CART,2025-05-16 06:10:35
1274,186,SEARCH,2025-06-03 09:41:50
1274,218,VIEW,2025-06-12 16:56:23
1274,218,VIEW,2025-06-17 03:05:40
1274,210,VIEW,2025-06-20 21:24:40
1274,179,VIEW,2025-07-07 23:52:23
1274,217,SEARCH,2025-07-13 23:14:58
1274,181,VIEW,2025-07-21 01:42:13
1274,209,VIEW,2025-07-24 15:01:51
1274,180,VIEW,2025-08-05 08:02:16
1274,218,VIEW,2025-08-05 12:49:01
1274,217,VIEW,2025-08-08 01:47:12
1274,218,VIEW,2025-08-20 19:42:37
1274,207,FAVORITE,2025-09-04 21:03:36
1274,209,ADD_TO_CART,2025-09-26 22:55:58
1274,218,ADD_TO_CART,2025-10-05 10:52:20
1274,218,VIEW,2025-10-21 17:48:57
1274,218,SHARE,2025-10-29 06:30:16
1274,207,VIEW,2025-10-30 02:48:59
1274,193,VIEW,2025-11-06 07:00:32
1274,186,VIEW,2025-11-10 22:09:02
1274,211,VIEW,2025-12-08 20:02:24
1274,218,VIEW,2025-12-13 04:25:10
1274,190,SEARCH,2025-12-15 09:52:08
1274,191,VIEW,2026-01-04 07:32:50
1274,218,VIEW,2026-01-23 20:48:22
1274,212,FAVORITE,2026-01-26 06:49:17
1274,218,VIEW,2026-01-30 09:48:47
1274,217,VIEW,2026-02-14 17:45:34
1274,185,SEARCH,2026-02-21 01:50:22
1274,192,ADD_TO_CART,2026-03-08 00:06:13
1274,180,VIEW,2026-03-10 00:32:44
1274,184,VIEW,2026-03-18 00:37:01
1274,180,SHARE,2026-03-20 02:55:40
1274,196,VIEW,2026-03-21 02:47:38
1274,213,VIEW,2026-03-27 11:28:51
1274,200,VIEW,2026-04-02 06:26:34
1274,193,ADD_TO_CART,2026-04-04 01:54:38
1274,198,VIEW,2026-04-05 19:37:02
1274,197,SEARCH,2026-04-18 19:10:58
1274,197,VIEW,2026-05-01 03:06:46
1274,199,VIEW,2026-05-14 03:38:21
1274,199,VIEW,2026-05-29 21:04:25
1274,218,VIEW,2026-06-21 09:13:00
1275,183,VIEW,2024-11-21 12:45:16
1275,195,VIEW,2024-12-07 02:35:23
1275,196,SHARE,2025-01-19 18:15:46
1275,211,SEARCH,2025-02-24 05:47:01
1275,208,VIEW,2025-03-09 22:36:29
1275,202,ADD_TO_CART,2025-04-16 14:03:48
1275,202,ADD_TO_CART,2025-04-22 03:13:14
1275,206,VIEW,2025-05-22 10:19:27
1275,207,VIEW,2025-05-25 11:00:26
1275,183,VIEW,2025-05-29 19:46:40
1275,202,VIEW,2025-07-13 10:35:33
1275,184,SEARCH,2025-07-16 10:55:21
1275,183,VIEW,2025-08-07 20:33:52
1275,199,SEARCH,2025-08-08 01:45:51
1275,187,VIEW,2025-09-07 09:17:43
1275,183,VIEW,2025-09-21 10:21:11
1275,183,VIEW,2025-09-23 10:21:52
1275,184,SEARCH,2025-10-24 01:27:23
1275,184,VIEW,2025-10-30 07:02:17
1275,183,VIEW,2026-01-24 07:16:23
1275,188,VIEW,2026-02-08 08:24:02
1275,202,ADD_TO_CART,2026-05-30 09:46:00
1275,192,SEARCH,2026-06-11 20:03:20
1275,204,SHARE,2026-06-12 07:58:55
1275,183,VIEW,2026-06-24 16:27:00
1276,180,VIEW,2026-02-16 04:01:26
1276,180,SHARE,2026-02-28 04:49:39
1276,179,ADD_TO_CART,2026-03-01 04:58:33
1276,187,VIEW,2026-03-05 21:59:43
1276,218,FAVORITE,2026-03-11 09:00:08
1276,188,VIEW,2026-03-15 23:44:38
1276,210,ADD_TO_CART,2026-03-21 08:00:03
1276,204,VIEW,2026-03-23 21:32:43
1276,218,SEARCH,2026-04-01 07:29:42
1276,193,ADD_TO_CART,2026-04-01 10:42:15
1276,181,ADD_TO_CART,2026-04-02 00:09:35
1276,209,SEARCH,2026-04-04 21:24:08
1276,201,VIEW,2026-04-10 14:09:00
1276,197,ADD_TO_CART,2026-04-12 14:55:42
1276,207,VIEW,2026-04-15 11:54:45
1276,192,SEARCH,2026-04-15 14:58:01
1276,179,VIEW,2026-04-19 12:03:29
1276,209,VIEW,2026-04-21 17:30:48
1276,199,SHARE,2026-04-21 17:51:20
1276,205,VIEW,2026-04-23 08:01:28
1276,218,SEARCH,2026-04-27 03:24:48
1276,195,SEARCH,2026-04-30 22:33:41
1276,199,VIEW,2026-05-01 11:53:34
1276,179,VIEW,2026-05-08 23:04:25
1276,199,VIEW,2026-05-13 05:10:05
1276,188,SEARCH,2026-05-13 19:52:30
1276,179,VIEW,2026-05-14 20:58:11
1276,196,VIEW,2026-05-17 00:14:23
1276,183,VIEW,2026-05-21 15:38:25
1276,217,VIEW,2026-05-25 18:06:26
1276,198,VIEW,2026-05-26 05:03:28
1276,199,SHARE,2026-05-26 12:27:06
1276,179,VIEW,2026-05-29 07:34:29
1276,198,VIEW,2026-05-30 08:37:06
1276,198,VIEW,2026-05-30 10:50:28
1276,180,VIEW,2026-06-08 19:28:16
1276,218,SEARCH,2026-06-09 20:12:21
1276,181,VIEW,2026-06-11 10:06:17
1276,198,ADD_TO_CART,2026-06-26 14:16:00
1277,199,VIEW,2024-11-04 13:14:28
1277,211,SEARCH,2024-11-13 16:33:13
1277,193,VIEW,2024-11-18 23:10:15
1277,206,VIEW,2025-01-15 13:13:40
1277,207,VIEW,2025-01-20 21:00:26
1277,214,SHARE,2025-01-25 03:15:22
1277,194,SHARE,2025-01-31 12:17:20
1277,193,VIEW,2025-02-08 13:50:22
1277,214,FAVORITE,2025-02-09 11:02:52
1277,194,VIEW,2025-02-13 10:22:30
1277,215,VIEW,2025-03-14 21:09:55
1277,213,VIEW,2025-03-17 09:44:53
1277,213,VIEW,2025-04-04 09:30:20
1277,198,SEARCH,2025-04-23 01:46:09
1277,204,SEARCH,2025-05-19 05:27:35
1277,194,ADD_TO_CART,2025-05-31 02:00:46
1277,207,VIEW,2025-06-07 10:44:45
1277,186,VIEW,2025-07-04 16:21:14
1277,201,ADD_TO_CART,2025-07-14 10:56:23
1277,193,SEARCH,2025-07-14 14:30:53
1277,211,SHARE,2025-07-17 04:02:46
1277,213,SEARCH,2025-07-21 06:04:55
1277,193,SEARCH,2025-07-23 11:53:59
1277,199,VIEW,2025-07-29 15:39:13
1277,194,VIEW,2025-07-31 15:37:05
1277,194,VIEW,2025-08-08 01:30:19
1277,194,VIEW,2025-08-08 03:27:30
1277,213,VIEW,2025-08-10 20:56:56
1277,196,SEARCH,2025-08-19 03:21:45
1277,207,VIEW,2025-08-22 16:52:03
1277,213,VIEW,2025-09-03 10:40:14
1277,203,VIEW,2025-09-18 04:17:14
1277,193,VIEW,2025-09-22 21:06:46
1277,193,VIEW,2025-09-29 18:16:31
1277,180,VIEW,2025-09-30 16:41:43
1277,193,VIEW,2025-10-02 19:12:53
1277,214,VIEW,2025-10-06 07:32:55
1277,194,SEARCH,2025-10-07 02:27:18
1277,213,VIEW,2025-10-19 09:25:17
1277,217,ADD_TO_CART,2025-10-19 12:22:15
1277,194,VIEW,2025-10-22 11:14:22
1277,179,VIEW,2025-10-27 22:38:07
1277,181,VIEW,2025-10-28 01:22:13
1277,193,VIEW,2025-11-15 17:16:59
1277,213,SHARE,2025-11-21 03:16:14
1277,191,VIEW,2025-11-21 13:46:40
1277,179,VIEW,2025-11-21 20:01:31
1277,196,ADD_TO_CART,2025-12-19 06:27:12
1277,193,VIEW,2025-12-26 00:44:25
1277,180,VIEW,2025-12-26 12:40:37
1277,194,VIEW,2026-01-02 06:26:31
1277,180,SEARCH,2026-01-19 07:54:32
1277,208,SHARE,2026-01-24 03:51:03
1277,210,VIEW,2026-01-29 15:09:28
1277,179,VIEW,2026-01-31 13:09:51
1277,208,VIEW,2026-02-03 00:13:48
1277,214,VIEW,2026-02-04 23:08:48
1277,193,VIEW,2026-02-15 11:54:56
1277,193,VIEW,2026-03-23 17:20:00
1277,214,SHARE,2026-04-07 01:49:40
1277,193,VIEW,2026-04-14 21:50:44
1277,193,SEARCH,2026-04-25 12:38:07
1277,211,ADD_TO_CART,2026-05-20 11:22:06
1277,213,SEARCH,2026-05-29 02:41:09
1277,194,SEARCH,2026-06-11 13:46:00
1278,180,SEARCH,2025-12-03 04:36:32
1278,184,VIEW,2025-12-12 13:57:15
1278,201,SEARCH,2025-12-15 01:22:51
1278,200,VIEW,2025-12-15 13:27:43
1278,201,VIEW,2025-12-24 12:24:10
1278,198,VIEW,2026-01-03 18:15:56
1278,201,ADD_TO_CART,2026-01-13 08:59:49
1278,201,VIEW,2026-01-16 16:58:16
1278,195,FAVORITE,2026-01-24 14:28:10
1278,202,VIEW,2026-01-30 14:55:54
1278,183,SEARCH,2026-02-01 16:14:46
1278,201,VIEW,2026-02-02 16:55:29
1278,196,VIEW,2026-02-03 05:37:25
1278,182,VIEW,2026-02-26 12:05:19
1278,200,SEARCH,2026-02-28 07:18:26
1278,201,VIEW,2026-03-02 21:03:20
1278,201,VIEW,2026-03-07 15:58:22
1278,202,VIEW,2026-03-11 18:29:20
1278,184,VIEW,2026-03-27 04:07:38
1278,184,VIEW,2026-04-02 22:59:11
1278,183,VIEW,2026-04-04 14:32:14
1278,202,ADD_TO_CART,2026-04-07 00:14:08
1278,183,SEARCH,2026-04-08 21:06:26
1278,209,VIEW,2026-04-16 03:47:46
1278,184,VIEW,2026-04-16 06:53:59
1278,206,SEARCH,2026-04-17 18:18:35
1278,186,VIEW,2026-04-22 10:25:21
1278,195,SEARCH,2026-05-05 14:24:36
1278,201,SEARCH,2026-05-15 17:45:36
1278,202,FAVORITE,2026-05-19 23:52:32
1278,183,ADD_TO_CART,2026-05-23 02:09:27
1278,201,ADD_TO_CART,2026-05-28 18:05:12
1278,201,VIEW,2026-05-30 00:47:40
1278,184,SEARCH,2026-05-30 15:54:32
1278,183,VIEW,2026-06-02 20:38:57
1278,196,SEARCH,2026-06-14 04:27:01
1278,183,VIEW,2026-06-15 09:10:00
1279,202,VIEW,2025-04-21 09:54:33
1279,215,FAVORITE,2025-05-16 04:47:29
1279,212,VIEW,2025-05-29 21:22:25
1279,185,VIEW,2025-06-17 18:14:43
1279,207,VIEW,2025-06-24 00:52:39
1279,217,VIEW,2025-06-30 12:07:58
1279,217,VIEW,2025-07-01 01:50:38
1279,192,VIEW,2025-07-06 11:18:41
1279,182,VIEW,2025-07-17 22:34:40
1279,215,VIEW,2025-07-28 01:40:36
1279,195,ADD_TO_CART,2025-07-28 11:30:28
1279,216,VIEW,2025-08-22 10:30:26
1279,205,SEARCH,2025-09-11 08:30:55
1279,204,FAVORITE,2025-09-13 05:19:40
1279,210,VIEW,2025-09-16 08:02:20
1279,218,FAVORITE,2025-09-16 22:52:43
1279,195,VIEW,2025-09-20 07:35:00
1279,215,VIEW,2025-09-21 15:24:05
1279,218,SEARCH,2025-09-24 22:21:16
1279,179,ADD_TO_CART,2025-09-30 14:07:15
1279,202,VIEW,2025-10-02 19:15:23
1279,206,SHARE,2025-10-03 14:47:04
1279,196,ADD_TO_CART,2025-10-08 12:58:25
1279,211,SEARCH,2025-10-19 17:31:34
1279,201,SEARCH,2025-11-02 00:22:31
1279,211,VIEW,2025-11-07 20:54:57
1279,214,VIEW,2025-11-11 12:27:08
1279,187,VIEW,2025-11-15 01:54:55
1279,196,SEARCH,2025-11-20 13:15:16
1279,205,VIEW,2025-11-27 19:44:41
1279,196,VIEW,2025-11-28 23:28:38
1279,182,VIEW,2025-12-02 19:30:15
1279,187,VIEW,2025-12-03 22:15:40
1279,201,VIEW,2025-12-08 14:40:58
1279,184,VIEW,2025-12-19 02:51:25
1279,215,VIEW,2026-01-01 21:39:51
1279,183,VIEW,2026-01-02 15:49:55
1279,216,VIEW,2026-01-16 18:30:37
1279,215,ADD_TO_CART,2026-01-19 01:06:10
1279,197,VIEW,2026-01-19 04:04:48
1279,203,VIEW,2026-01-27 02:27:33
1279,184,VIEW,2026-01-29 08:26:27
1279,216,VIEW,2026-02-16 17:32:32
1279,193,SEARCH,2026-02-19 01:42:45
1279,215,ADD_TO_CART,2026-02-22 09:38:26
1279,215,ADD_TO_CART,2026-02-24 02:59:09
1279,201,VIEW,2026-02-25 03:44:00
1279,206,VIEW,2026-02-27 19:48:53
1279,200,SHARE,2026-03-04 16:42:05
1279,196,SEARCH,2026-03-12 00:38:51
1279,194,SEARCH,2026-03-16 19:06:29
1279,184,VIEW,2026-03-25 12:23:25
1279,210,SEARCH,2026-03-31 02:39:01
1279,202,VIEW,2026-04-12 22:42:19
1279,183,VIEW,2026-04-15 12:22:28
1279,195,VIEW,2026-04-24 06:45:48
1279,202,SEARCH,2026-05-10 22:28:16
1279,194,VIEW,2026-05-27 02:34:53
1279,199,VIEW,2026-07-18 10:55:29
1279,185,VIEW,2026-07-25 23:23:42
1279,192,SHARE,2026-07-26 09:04:00
1280,181,SEARCH,2025-07-08 13:41:07
1280,180,SEARCH,2025-07-11 20:23:33
1280,198,VIEW,2025-07-12 09:46:52
1280,201,VIEW,2025-07-25 15:55:07
1280,193,SEARCH,2025-07-30 10:59:16
1280,194,SEARCH,2025-08-03 05:00:14
1280,203,SEARCH,2025-08-20 16:09:22
1280,215,VIEW,2025-08-25 17:20:27
1280,200,SEARCH,2025-08-30 22:26:32
1280,194,ADD_TO_CART,2025-09-03 20:59:06
1280,185,ADD_TO_CART,2025-09-04 03:26:53
1280,185,SEARCH,2025-09-13 19:41:03
1280,194,VIEW,2025-09-21 02:38:00
1280,181,VIEW,2025-10-04 08:34:27
1280,201,VIEW,2025-10-06 13:48:17
1280,193,VIEW,2025-10-12 07:04:52
1280,188,VIEW,2025-10-16 10:12:55
1280,181,FAVORITE,2025-10-17 05:15:00
1280,213,VIEW,2025-10-22 02:47:43
1280,214,ADD_TO_CART,2025-10-24 08:44:46
1280,185,SEARCH,2025-10-26 15:53:20
1280,193,VIEW,2025-10-28 22:25:07
1280,214,SEARCH,2025-10-30 16:06:59
1280,213,SEARCH,2025-10-30 16:36:51
1280,202,VIEW,2025-11-02 21:49:46
1280,198,VIEW,2025-11-16 01:43:16
1280,213,VIEW,2025-11-30 18:46:16
1280,187,SEARCH,2025-12-06 07:27:29
1280,195,VIEW,2025-12-08 19:34:44
1280,211,SEARCH,2025-12-09 10:22:54
1280,194,SEARCH,2025-12-09 18:25:37
1280,194,VIEW,2025-12-10 09:53:37
1280,217,VIEW,2025-12-15 10:01:46
1280,201,VIEW,2025-12-15 18:05:14
1280,198,ADD_TO_CART,2025-12-20 19:43:08
1280,193,FAVORITE,2025-12-31 04:26:56
1280,197,VIEW,2026-01-11 18:24:46
1280,214,ADD_TO_CART,2026-02-03 10:13:22
1280,179,VIEW,2026-02-04 03:37:39
1280,213,VIEW,2026-02-07 16:38:08
1280,214,VIEW,2026-02-13 13:53:20
1280,195,VIEW,2026-02-27 12:37:31
1280,198,ADD_TO_CART,2026-03-02 11:07:25
1280,183,SEARCH,2026-03-07 12:05:01
1280,193,SEARCH,2026-03-23 04:45:11
1280,193,VIEW,2026-03-28 08:42:34
1280,184,VIEW,2026-04-01 14:06:27
1280,193,ADD_TO_CART,2026-04-09 15:10:31
1280,197,VIEW,2026-04-12 23:30:08
1280,193,VIEW,2026-04-13 23:05:51
1280,211,VIEW,2026-04-14 15:50:48
1280,193,VIEW,2026-04-20 07:45:18
1280,217,ADD_TO_CART,2026-04-20 21:33:37
1280,214,ADD_TO_CART,2026-04-26 03:42:48
1280,194,VIEW,2026-04-29 11:27:10
1280,194,VIEW,2026-05-03 22:44:18
1280,194,VIEW,2026-05-12 06:52:05
1280,180,SEARCH,2026-05-17 05:13:11
1280,194,VIEW,2026-05-25 05:51:47
1280,213,VIEW,2026-06-02 02:12:52
1280,198,VIEW,2026-06-10 16:58:16
1280,180,VIEW,2026-06-23 20:32:34
1280,194,SEARCH,2026-06-25 15:04:43
1280,209,SEARCH,2026-07-18 17:45:00
1281,195,ADD_TO_CART,2024-07-30 20:35:58
1281,217,SEARCH,2024-08-21 00:18:48
1281,215,VIEW,2024-10-09 13:07:33
1281,191,SEARCH,2024-10-17 07:09:18
1281,209,VIEW,2024-10-27 18:51:23
1281,191,VIEW,2024-10-29 20:57:42
1281,193,VIEW,2024-11-20 10:56:54
1281,193,SEARCH,2025-01-15 18:31:19
1281,216,VIEW,2025-02-22 19:32:22
1281,198,VIEW,2025-03-02 02:28:05
1281,204,VIEW,2025-03-26 09:43:03
1281,203,VIEW,2025-04-16 14:56:17
1281,187,VIEW,2025-04-29 07:28:08
1281,215,VIEW,2025-05-04 05:26:00
1281,204,VIEW,2025-05-12 00:37:10
1281,209,VIEW,2025-07-18 23:12:25
1281,192,SHARE,2025-10-03 16:44:55
1281,195,VIEW,2025-10-04 07:12:08
1281,196,ADD_TO_CART,2025-10-21 02:39:54
1281,193,ADD_TO_CART,2025-11-21 22:01:44
1281,210,VIEW,2025-12-01 17:49:17
1281,196,VIEW,2026-01-02 23:02:51
1281,215,VIEW,2026-01-08 19:05:19
1281,195,VIEW,2026-02-03 19:14:27
1281,195,ADD_TO_CART,2026-04-07 00:17:27
1281,194,VIEW,2026-05-11 03:33:25
1281,217,VIEW,2026-05-15 20:43:46
1281,188,VIEW,2026-06-14 04:31:22
1281,210,VIEW,2026-07-01 16:38:00
1282,179,SEARCH,2025-02-03 23:24:22
1282,198,ADD_TO_CART,2025-02-09 02:37:51
1282,194,SEARCH,2025-02-16 04:55:56
1282,207,SEARCH,2025-03-13 19:20:29
1282,180,VIEW,2025-03-27 22:51:45
1282,194,VIEW,2025-04-18 16:17:45
1282,199,VIEW,2025-05-09 03:38:33
1282,179,SEARCH,2025-06-01 14:28:43
1282,218,VIEW,2025-07-06 07:24:07
1282,179,VIEW,2025-07-19 08:06:25
1282,179,VIEW,2025-08-19 02:59:19
1282,182,VIEW,2025-08-19 10:06:56
1282,216,VIEW,2025-08-21 15:53:47
1282,198,FAVORITE,2025-09-02 04:51:08
1282,180,VIEW,2025-09-04 15:34:19
1282,179,FAVORITE,2025-10-22 15:53:06
1282,195,ADD_TO_CART,2025-11-14 04:53:38
1282,209,SEARCH,2025-11-22 00:44:06
1282,197,ADD_TO_CART,2025-11-27 06:31:51
1282,199,VIEW,2025-11-27 08:00:49
1282,198,VIEW,2025-12-01 22:38:39
1282,198,VIEW,2025-12-19 23:25:05
1282,180,FAVORITE,2025-12-22 22:40:12
1282,180,VIEW,2025-12-27 18:03:34
1282,211,VIEW,2026-01-28 06:28:24
1282,207,VIEW,2026-03-17 23:36:08
1282,206,VIEW,2026-03-19 16:34:41
1282,199,VIEW,2026-04-02 03:30:19
1282,206,VIEW,2026-04-03 20:29:22
1282,199,SEARCH,2026-04-25 12:25:29
1282,198,VIEW,2026-04-30 11:51:56
1282,199,VIEW,2026-05-29 13:51:16
1282,199,SEARCH,2026-07-27 17:16:00
1283,195,SEARCH,2024-08-21 15:54:40
1283,200,ADD_TO_CART,2024-08-21 17:27:55
1283,193,VIEW,2024-11-02 18:04:43
1283,183,VIEW,2025-01-04 09:29:32
1283,196,VIEW,2025-01-28 07:57:33
1283,207,VIEW,2025-02-23 20:59:09
1283,210,SEARCH,2025-04-13 22:59:19
1283,207,VIEW,2025-04-26 16:01:00
1283,195,VIEW,2025-08-05 15:48:25
1283,209,VIEW,2025-09-10 09:02:11
1283,196,SEARCH,2025-09-20 10:33:36
1283,208,VIEW,2025-09-20 22:41:52
1283,217,VIEW,2025-09-27 01:11:52
1283,207,VIEW,2025-10-11 03:04:04
1283,198,VIEW,2025-10-24 02:11:35
1283,217,VIEW,2025-10-27 17:35:16
1283,210,VIEW,2025-11-20 13:57:14
1283,194,VIEW,2025-11-24 07:39:15
1283,207,VIEW,2026-02-03 17:00:46
1283,214,VIEW,2026-02-05 23:21:13
1283,191,VIEW,2026-02-15 22:47:05
1283,213,SEARCH,2026-02-22 01:46:49
1283,190,VIEW,2026-03-09 08:58:12
1283,183,VIEW,2026-03-14 19:11:19
1283,217,VIEW,2026-03-19 14:46:28
1283,213,VIEW,2026-03-19 15:51:35
1283,207,VIEW,2026-03-25 11:30:13
1283,207,VIEW,2026-05-13 17:39:57
1283,205,VIEW,2026-05-28 05:44:16
1283,186,SEARCH,2026-06-28 10:29:00
1284,193,ADD_TO_CART,2024-07-12 16:51:10
1284,201,FAVORITE,2025-02-21 13:34:32
1284,181,VIEW,2025-07-12 02:36:23
1284,203,VIEW,2025-08-16 15:06:14
1284,208,ADD_TO_CART,2025-08-19 09:29:42
1284,207,SHARE,2025-10-08 12:42:35
1284,203,SEARCH,2025-11-13 13:28:22
1284,186,VIEW,2025-12-10 05:06:29
1284,206,SEARCH,2025-12-17 03:03:03
1284,205,ADD_TO_CART,2026-03-28 12:54:04
1284,193,SHARE,2026-04-06 23:21:20
1284,191,ADD_TO_CART,2026-05-04 15:41:00
1285,198,VIEW,2024-05-23 01:53:32
1285,198,VIEW,2024-05-29 03:46:40
1285,212,SHARE,2024-06-20 04:43:51
1285,207,VIEW,2024-08-22 23:36:21
1285,184,VIEW,2024-08-24 20:39:08
1285,207,VIEW,2024-09-01 19:10:41
1285,208,VIEW,2024-09-11 19:05:17
1285,210,VIEW,2024-09-12 17:38:52
1285,207,FAVORITE,2024-09-13 22:40:02
1285,207,VIEW,2024-09-14 12:03:00
1285,187,SEARCH,2024-09-27 23:20:51
1285,180,SEARCH,2024-10-01 05:38:56
1285,208,VIEW,2024-10-26 00:29:14
1285,217,VIEW,2024-11-04 03:32:47
1285,212,SEARCH,2024-11-10 20:22:07
1285,212,VIEW,2024-11-10 22:14:55
1285,210,SHARE,2024-11-25 03:24:23
1285,202,VIEW,2024-11-26 11:46:55
1285,206,VIEW,2024-12-03 16:24:50
1285,211,SEARCH,2024-12-05 02:21:06
1285,211,VIEW,2024-12-06 06:16:06
1285,208,VIEW,2024-12-08 11:24:35
1285,208,SEARCH,2024-12-20 06:43:05
1285,206,SEARCH,2024-12-25 00:28:04
1285,207,VIEW,2025-01-13 19:59:35
1285,181,ADD_TO_CART,2025-01-20 00:23:11
1285,207,SEARCH,2025-02-06 22:00:44
1285,208,VIEW,2025-02-21 20:24:25
1285,206,VIEW,2025-02-28 20:21:02
1285,208,VIEW,2025-03-09 09:33:36
1285,191,VIEW,2025-03-13 01:31:54
1285,215,VIEW,2025-03-17 09:17:57
1285,201,VIEW,2025-03-18 10:22:49
1285,211,SHARE,2025-04-09 18:53:38
1285,197,VIEW,2025-04-16 20:37:27
1285,201,VIEW,2025-05-02 17:09:06
1285,184,VIEW,2025-05-04 04:23:24
1285,207,ADD_TO_CART,2025-05-04 17:03:42
1285,189,FAVORITE,2025-05-13 13:53:14
1285,193,VIEW,2025-05-25 22:53:38
1285,208,VIEW,2025-06-13 09:35:32
1285,215,VIEW,2025-06-21 23:04:40
1285,195,ADD_TO_CART,2025-06-23 05:23:16
1285,192,VIEW,2025-07-01 05:29:07
1285,183,VIEW,2025-07-02 17:04:52
1285,206,VIEW,2025-07-06 10:55:42
1285,207,VIEW,2025-07-18 17:38:36
1285,185,VIEW,2025-08-02 09:56:42
1285,211,ADD_TO_CART,2025-08-03 19:12:55
1285,207,VIEW,2025-08-22 20:46:37
1285,195,SEARCH,2025-08-24 05:45:01
1285,211,VIEW,2025-08-24 11:30:54
1285,192,VIEW,2025-08-27 12:14:51
1285,209,VIEW,2025-09-08 15:41:45
1285,207,ADD_TO_CART,2025-09-29 20:57:46
1285,207,SEARCH,2025-10-15 10:13:40
1285,191,VIEW,2026-01-02 13:16:37
1285,207,VIEW,2026-01-13 00:08:12
1285,207,VIEW,2026-01-24 15:08:57
1285,216,VIEW,2026-01-30 14:33:05
1285,208,VIEW,2026-02-06 19:36:59
1285,195,VIEW,2026-02-09 06:13:34
1285,189,VIEW,2026-02-20 13:46:40
1285,194,VIEW,2026-02-22 03:37:04
1285,211,VIEW,2026-03-26 01:34:50
1285,208,VIEW,2026-03-29 07:21:43
1285,181,SEARCH,2026-03-31 15:24:19
1285,206,VIEW,2026-04-05 17:39:30
1285,218,VIEW,2026-04-06 10:03:52
1285,208,VIEW,2026-05-12 20:31:09
1285,184,VIEW,2026-05-12 23:48:42
1285,218,VIEW,2026-06-19 11:46:00
1286,186,SEARCH,2025-03-15 20:24:01
1286,189,SEARCH,2025-03-23 10:28:25
1286,202,SEARCH,2025-03-23 22:11:41
1286,201,ADD_TO_CART,2025-03-28 09:10:56
1286,190,SHARE,2025-03-31 06:11:57
1286,181,SEARCH,2025-04-12 15:38:13
1286,206,SEARCH,2025-04-13 21:08:42
1286,208,SEARCH,2025-05-21 13:05:12
1286,184,VIEW,2025-05-22 19:19:53
1286,208,VIEW,2025-05-26 13:41:30
1286,213,VIEW,2025-05-31 17:17:22
1286,207,VIEW,2025-06-14 07:10:20
1286,191,SEARCH,2025-06-23 10:46:08
1286,190,SEARCH,2025-06-30 11:32:18
1286,200,SEARCH,2025-07-16 13:17:48
1286,200,VIEW,2025-08-02 01:02:56
1286,208,VIEW,2025-08-29 07:58:47
1286,216,VIEW,2025-09-11 19:55:33
1286,208,SEARCH,2025-09-14 09:08:47
1286,208,ADD_TO_CART,2025-09-15 20:05:26
1286,202,VIEW,2025-09-21 20:52:19
1286,195,VIEW,2025-09-25 17:41:34
1286,214,VIEW,2025-09-27 04:43:48
1286,193,ADD_TO_CART,2025-09-27 12:33:45
1286,206,VIEW,2025-10-13 05:50:53
1286,209,VIEW,2025-10-24 10:36:35
1286,182,SEARCH,2025-10-28 03:53:10
1286,202,VIEW,2025-11-01 19:26:05
1286,207,ADD_TO_CART,2025-11-07 17:49:07
1286,201,ADD_TO_CART,2025-11-17 14:19:36
1286,186,SEARCH,2025-11-29 02:19:58
1286,208,VIEW,2025-12-01 14:55:50
1286,207,SEARCH,2025-12-04 21:13:07
1286,216,VIEW,2025-12-05 02:06:20
1286,206,SEARCH,2025-12-05 23:38:56
1286,193,VIEW,2025-12-23 15:17:25
1286,187,VIEW,2025-12-29 12:20:59
1286,203,SEARCH,2026-01-07 19:29:19
1286,214,FAVORITE,2026-01-14 03:50:01
1286,207,SEARCH,2026-01-16 00:50:44
1286,202,SHARE,2026-01-16 17:10:23
1286,183,VIEW,2026-01-23 07:17:18
1286,208,VIEW,2026-01-31 08:49:50
1286,194,SEARCH,2026-02-06 21:16:48
1286,201,VIEW,2026-02-07 06:59:41
1286,207,VIEW,2026-02-12 21:17:54
1286,188,VIEW,2026-02-21 23:13:56
1286,196,SEARCH,2026-03-03 11:03:44
1286,212,SHARE,2026-03-06 05:01:23
1286,189,VIEW,2026-03-08 19:34:08
1286,207,VIEW,2026-04-04 08:51:07
1286,206,VIEW,2026-04-27 10:04:53
1286,207,VIEW,2026-05-08 14:56:21
1286,199,SEARCH,2026-05-11 13:07:16
1286,201,VIEW,2026-05-18 11:29:57
1286,197,VIEW,2026-05-27 22:59:38
1286,193,VIEW,2026-06-12 18:50:00
1287,207,VIEW,2025-04-06 01:38:30
1287,201,VIEW,2025-07-16 01:38:26
1287,208,ADD_TO_CART,2025-11-20 10:57:14
1287,208,ADD_TO_CART,2025-11-29 15:18:07
1287,204,VIEW,2025-12-02 10:19:50
1287,211,SEARCH,2025-12-16 16:12:37
1287,217,VIEW,2025-12-25 11:14:51
1287,211,SEARCH,2026-01-17 09:05:40
1287,188,VIEW,2026-02-20 09:19:09
1287,192,ADD_TO_CART,2026-02-27 15:01:13
1287,212,ADD_TO_CART,2026-04-30 09:13:00
1288,183,VIEW,2025-04-03 21:36:46
1288,197,VIEW,2025-04-11 00:15:57
1288,183,SEARCH,2025-04-27 16:52:04
1288,201,FAVORITE,2025-05-17 20:27:28
1288,201,VIEW,2025-07-30 01:15:59
1288,184,VIEW,2025-08-09 03:30:04
1288,184,SEARCH,2025-08-22 16:20:20
1288,183,VIEW,2025-09-07 22:40:30
1288,193,VIEW,2025-09-14 13:06:46
1288,202,VIEW,2025-09-15 06:37:29
1288,193,VIEW,2025-11-25 03:28:23
1288,201,SEARCH,2025-12-07 11:38:19
1288,194,VIEW,2026-01-22 07:24:31
1288,182,VIEW,2026-02-16 09:25:00
1289,190,SEARCH,2026-03-29 23:02:47
1289,209,SEARCH,2026-04-01 01:31:39
1289,212,VIEW,2026-04-04 12:36:51
1289,190,VIEW,2026-04-10 04:54:53
1289,191,VIEW,2026-04-11 21:39:22
1289,180,VIEW,2026-04-15 12:53:31
1289,209,VIEW,2026-04-18 17:11:28
1289,190,VIEW,2026-04-21 13:13:30
1289,191,SEARCH,2026-04-21 18:53:30
1289,216,SEARCH,2026-04-24 01:30:44
1289,189,VIEW,2026-04-25 02:04:06
1289,183,SEARCH,2026-04-27 06:55:45
1289,210,VIEW,2026-05-11 16:35:39
1289,184,VIEW,2026-05-12 13:11:12
1289,215,SEARCH,2026-05-13 01:49:11
1289,191,VIEW,2026-05-14 08:39:21
1289,212,VIEW,2026-05-15 02:46:19
1289,190,VIEW,2026-05-18 19:47:27
1289,209,VIEW,2026-05-19 10:34:19
1289,188,VIEW,2026-05-20 09:43:21
1289,207,VIEW,2026-05-22 21:19:33
1289,209,FAVORITE,2026-05-23 04:27:15
1289,189,VIEW,2026-05-24 16:01:43
1289,194,SEARCH,2026-05-25 07:24:49
1289,209,SHARE,2026-05-26 13:58:45
1289,210,VIEW,2026-05-26 20:20:49
1289,203,SHARE,2026-05-29 20:47:01
1289,192,ADD_TO_CART,2026-05-30 14:54:39
1289,210,VIEW,2026-06-03 18:58:09
1289,218,SEARCH,2026-06-07 21:29:59
1289,209,SHARE,2026-06-17 04:13:04
1289,181,ADD_TO_CART,2026-06-23 15:07:36
1289,208,SHARE,2026-06-24 00:54:56
1289,185,SEARCH,2026-06-25 05:02:00
1289,189,VIEW,2026-06-26 06:29:00
1289,208,VIEW,2026-06-29 16:36:28
1289,217,VIEW,2026-07-01 09:57:03
1289,195,VIEW,2026-07-02 08:44:14
1289,218,VIEW,2026-07-03 22:41:22
1289,194,VIEW,2026-07-06 01:26:57
1289,202,VIEW,2026-07-14 02:21:44
1289,198,SEARCH,2026-07-16 15:39:48
1289,202,VIEW,2026-07-18 01:57:43
1289,213,SEARCH,2026-07-18 04:23:54
1289,209,FAVORITE,2026-07-18 16:01:00
1290,187,SEARCH,2025-06-08 08:37:15
1290,190,VIEW,2025-06-13 12:27:51
1290,206,VIEW,2025-06-26 17:23:27
1290,186,VIEW,2025-07-03 10:32:11
1290,188,VIEW,2025-07-03 22:28:33
1290,187,VIEW,2025-07-05 16:11:19
1290,205,SEARCH,2025-07-06 10:50:27
1290,194,VIEW,2025-07-08 13:47:31
1290,203,VIEW,2025-07-11 06:21:14
1290,187,VIEW,2025-07-13 01:44:06
1290,182,VIEW,2025-07-22 05:48:17
1290,203,VIEW,2025-08-01 15:38:52
1290,185,FAVORITE,2025-08-06 19:31:03
1290,179,FAVORITE,2025-08-08 09:54:21
1290,205,VIEW,2025-08-11 21:46:35
1290,205,VIEW,2025-08-12 18:52:46
1290,186,VIEW,2025-09-02 19:44:10
1290,192,VIEW,2025-09-05 16:25:07
1290,190,VIEW,2025-09-12 08:19:58
1290,186,VIEW,2025-09-18 17:10:26
1290,207,ADD_TO_CART,2025-09-23 20:51:32
1290,187,VIEW,2025-10-03 08:33:36
1290,187,VIEW,2025-10-23 15:45:39
1290,187,SHARE,2025-11-12 10:49:48
1290,187,SEARCH,2025-11-16 15:31:47
1290,200,VIEW,2025-11-18 06:34:54
1290,203,SEARCH,2025-11-21 20:16:45
1290,186,VIEW,2025-11-23 18:31:39
1290,205,VIEW,2025-12-02 05:07:40
1290,187,VIEW,2025-12-04 07:50:53
1290,211,ADD_TO_CART,2025-12-04 08:55:10
1290,184,VIEW,2025-12-14 10:11:27
1290,184,SHARE,2025-12-19 19:54:05
1290,186,SEARCH,2025-12-19 21:51:35
1290,217,VIEW,2025-12-23 12:33:43
1290,188,VIEW,2025-12-25 08:18:53
1290,194,VIEW,2025-12-31 09:29:41
1290,193,VIEW,2026-01-09 02:14:42
1290,205,VIEW,2026-01-22 17:13:10
1290,204,VIEW,2026-01-28 13:14:46
1290,184,VIEW,2026-02-07 07:48:05
1290,187,VIEW,2026-02-07 20:39:35
1290,187,VIEW,2026-02-17 03:29:32
1290,203,VIEW,2026-02-18 18:41:45
1290,210,ADD_TO_CART,2026-02-22 20:40:31
1290,203,VIEW,2026-02-23 16:30:24
1290,205,VIEW,2026-02-26 16:34:02
1290,213,VIEW,2026-03-02 21:50:40
1290,189,VIEW,2026-03-14 03:37:29
1290,194,VIEW,2026-03-14 05:22:18
1290,215,SEARCH,2026-03-17 06:49:43
1290,203,ADD_TO_CART,2026-04-01 16:11:54
1290,203,VIEW,2026-04-05 18:03:52
1290,194,VIEW,2026-04-18 16:17:35
1290,187,VIEW,2026-04-20 18:50:51
1290,184,ADD_TO_CART,2026-04-27 17:37:05
1290,202,VIEW,2026-05-09 00:07:28
1290,190,SEARCH,2026-05-14 19:46:37
1290,180,VIEW,2026-05-19 13:44:45
1290,190,SEARCH,2026-05-30 09:12:36
1290,204,VIEW,2026-06-01 20:16:31
1290,200,VIEW,2026-06-02 16:10:20
1290,205,VIEW,2026-06-03 15:32:17
1290,187,SEARCH,2026-06-08 03:06:22
1290,203,FAVORITE,2026-06-16 20:23:14
1290,187,VIEW,2026-06-18 11:50:00
1291,207,VIEW,2024-04-29 23:06:31
1291,210,VIEW,2024-06-26 11:49:22
1291,207,SEARCH,2024-08-14 15:28:35
1291,208,VIEW,2024-10-11 23:44:46
1291,192,VIEW,2024-11-16 13:59:08
1291,190,SEARCH,2025-05-28 02:22:45
1291,209,SEARCH,2025-05-29 23:51:11
1291,207,ADD_TO_CART,2025-07-10 22:29:22
1291,209,SEARCH,2025-08-06 16:40:15
1291,191,VIEW,2025-12-25 13:25:03
1291,189,VIEW,2026-01-28 17:16:00
1292,190,SEARCH,2024-07-06 12:46:41
1292,207,VIEW,2024-07-12 13:57:58
1292,218,VIEW,2024-07-20 08:50:17
1292,182,VIEW,2024-09-17 08:12:15
1292,215,SHARE,2024-10-10 04:18:36
1292,218,SEARCH,2024-11-11 13:15:31
1292,211,VIEW,2024-12-14 17:41:56
1292,192,VIEW,2024-12-28 21:40:39
1292,218,VIEW,2024-12-30 20:43:16
1292,183,VIEW,2024-12-31 10:43:09
1292,180,VIEW,2025-01-04 23:55:02
1292,202,VIEW,2025-01-30 21:32:59
1292,189,VIEW,2025-02-04 07:56:06
1292,209,VIEW,2025-02-17 14:13:40
1292,209,VIEW,2025-04-20 22:52:50
1292,218,VIEW,2025-06-08 07:06:59
1292,218,VIEW,2025-07-05 00:43:01
1292,200,VIEW,2025-07-07 14:15:28
1292,218,ADD_TO_CART,2025-07-10 22:16:27
1292,202,VIEW,2025-07-30 09:18:57
1292,218,VIEW,2025-08-01 07:31:05
1292,207,SEARCH,2025-08-10 12:05:57
1292,180,VIEW,2025-09-10 06:00:52
1292,206,ADD_TO_CART,2025-10-21 01:21:33
1292,210,VIEW,2025-10-28 03:19:28
1292,209,VIEW,2025-11-06 01:12:40
1292,181,VIEW,2025-12-30 20:31:14
1292,210,VIEW,2026-01-29 11:03:39
1292,193,VIEW,2026-02-04 05:24:46
1292,210,FAVORITE,2026-03-17 16:32:31
1292,207,VIEW,2026-04-03 23:13:05
1292,218,SEARCH,2026-04-16 08:18:02
1292,184,ADD_TO_CART,2026-04-25 13:50:35
1292,191,ADD_TO_CART,2026-05-21 22:58:31
1292,218,VIEW,2026-06-20 17:36:00
1293,179,VIEW,2026-02-06 19:19:04
1293,199,VIEW,2026-02-09 18:12:05
1293,184,ADD_TO_CART,2026-02-11 10:54:04
1293,179,VIEW,2026-02-13 12:17:55
1293,180,ADD_TO_CART,2026-02-14 17:38:36
1293,203,SEARCH,2026-02-15 00:35:58
1293,199,FAVORITE,2026-02-20 15:16:20
1293,199,VIEW,2026-02-20 16:32:44
1293,198,VIEW,2026-02-23 00:15:37
1293,187,VIEW,2026-02-23 04:54:20
1293,198,VIEW,2026-02-23 21:46:58
1293,198,VIEW,2026-02-26 12:52:08
1293,180,VIEW,2026-03-03 01:09:31
1293,197,VIEW,2026-03-07 17:44:15
1293,191,VIEW,2026-03-10 01:17:40
1293,181,VIEW,2026-03-14 13:13:16
1293,209,ADD_TO_CART,2026-03-14 14:43:07
1293,202,VIEW,2026-03-16 06:33:52
1293,180,VIEW,2026-03-17 01:09:23
1293,180,VIEW,2026-03-18 08:53:57
1293,209,SEARCH,2026-03-19 08:49:19
1293,193,SEARCH,2026-03-28 09:28:42
1293,213,VIEW,2026-03-28 20:04:37
1293,186,FAVORITE,2026-03-29 16:23:38
1293,181,VIEW,2026-04-01 00:27:03
1293,197,VIEW,2026-04-03 06:20:08
1293,198,SEARCH,2026-04-07 21:37:41
1293,181,SEARCH,2026-04-08 03:43:15
1293,181,VIEW,2026-04-08 08:50:47
1293,183,SEARCH,2026-04-08 20:20:41
1293,213,VIEW,2026-04-09 04:34:44
1293,207,VIEW,2026-04-10 04:23:57
1293,180,ADD_TO_CART,2026-04-10 11:09:52
1293,207,VIEW,2026-04-11 14:46:13
1293,180,VIEW,2026-04-18 12:10:39
1293,180,VIEW,2026-04-19 06:21:57
1293,198,VIEW,2026-04-21 02:57:11
1293,205,SEARCH,2026-04-21 17:03:55
1293,179,VIEW,2026-04-21 22:28:27
1293,199,VIEW,2026-04-23 04:27:29
1293,197,VIEW,2026-04-26 10:24:22
1293,196,SEARCH,2026-04-30 19:49:36
1293,180,VIEW,2026-05-04 04:45:51
1293,210,SHARE,2026-05-04 18:23:21
1293,207,SEARCH,2026-05-11 07:50:19
1293,193,VIEW,2026-05-13 23:26:50
1293,179,VIEW,2026-05-15 11:17:55
1293,194,VIEW,2026-05-16 03:23:13
1293,184,VIEW,2026-05-17 18:39:44
1293,218,VIEW,2026-05-21 09:34:40
1293,199,VIEW,2026-05-22 20:00:36
1293,193,VIEW,2026-05-23 03:47:46
1293,193,SEARCH,2026-05-28 07:31:25
1293,194,FAVORITE,2026-05-31 14:29:20
1293,197,VIEW,2026-06-01 09:48:07
1293,198,VIEW,2026-06-06 08:22:37
1293,183,SEARCH,2026-06-06 11:40:02
1293,199,VIEW,2026-06-07 19:08:29
1293,198,SEARCH,2026-06-08 05:19:23
1293,210,VIEW,2026-06-11 07:48:22
1293,214,VIEW,2026-06-12 17:06:50
1293,180,VIEW,2026-06-14 17:47:50
1293,208,VIEW,2026-06-15 14:22:05
1293,198,VIEW,2026-06-15 19:17:28
1293,216,VIEW,2026-06-16 17:13:33
1293,181,SEARCH,2026-06-16 23:57:29
1293,181,VIEW,2026-06-21 14:25:15
1293,187,FAVORITE,2026-06-22 21:57:04
1293,187,VIEW,2026-06-29 13:21:00
1294,204,VIEW,2024-01-20 11:52:46
1294,212,VIEW,2024-02-06 14:08:02
1294,188,VIEW,2024-02-18 12:21:26
1294,185,ADD_TO_CART,2024-02-26 09:21:15
1294,194,SEARCH,2024-03-09 19:10:14
1294,208,VIEW,2024-04-14 02:30:22
1294,212,VIEW,2024-05-12 13:35:14
1294,189,VIEW,2024-05-28 13:23:52
1294,203,VIEW,2024-05-28 21:57:45
1294,205,VIEW,2024-06-20 09:20:49
1294,186,VIEW,2024-06-24 17:04:54
1294,188,VIEW,2024-07-21 18:58:59
1294,204,SEARCH,2024-08-18 20:13:22
1294,218,FAVORITE,2024-08-21 16:24:36
1294,188,VIEW,2024-08-30 04:02:18
1294,203,SEARCH,2024-09-16 22:51:51
1294,188,SEARCH,2024-09-21 06:53:47
1294,203,ADD_TO_CART,2024-10-09 21:19:42
1294,185,SEARCH,2024-11-16 23:29:48
1294,186,VIEW,2024-11-17 23:49:59
1294,196,VIEW,2024-11-26 17:57:21
1294,185,SEARCH,2024-11-28 20:12:41
1294,194,VIEW,2024-12-05 12:31:23
1294,205,VIEW,2024-12-05 14:59:56
1294,204,VIEW,2024-12-25 17:40:26
1294,179,VIEW,2024-12-30 11:28:36
1294,218,VIEW,2025-01-04 18:22:54
1294,215,VIEW,2025-01-06 06:57:00
1294,187,VIEW,2025-01-25 05:21:58
1294,184,VIEW,2025-02-09 16:41:28
1294,185,VIEW,2025-02-20 11:45:32
1294,205,VIEW,2025-02-23 02:49:07
1294,185,VIEW,2025-03-02 20:39:17
1294,195,VIEW,2025-04-05 11:39:30
1294,187,VIEW,2025-05-03 07:33:43
1294,203,SEARCH,2025-05-30 01:42:06
1294,180,VIEW,2025-06-11 02:17:47
1294,194,FAVORITE,2025-06-15 11:02:42
1294,203,VIEW,2025-06-26 07:55:19
1294,218,SEARCH,2025-07-07 07:10:52
1294,203,VIEW,2025-07-12 19:21:58
1294,205,VIEW,2025-07-13 12:03:28
1294,218,VIEW,2025-08-01 01:15:54
1294,186,VIEW,2025-09-21 07:45:11
1294,209,VIEW,2025-10-06 15:10:03
1294,185,VIEW,2025-10-07 13:26:33
1294,198,SHARE,2025-10-08 17:20:50
1294,203,VIEW,2025-11-16 23:16:09
1294,187,VIEW,2025-12-08 04:54:17
1294,218,SEARCH,2025-12-12 06:48:16
1294,187,VIEW,2025-12-15 10:07:02
1294,187,VIEW,2025-12-15 22:19:08
1294,205,FAVORITE,2026-01-08 11:12:26
1294,194,VIEW,2026-01-09 17:04:08
1294,187,VIEW,2026-01-20 01:10:32
1294,213,VIEW,2026-01-22 15:49:49
1294,203,SEARCH,2026-01-26 15:47:00
1294,188,VIEW,2026-02-10 05:25:33
1294,188,SEARCH,2026-02-22 14:54:03
1294,197,VIEW,2026-02-26 11:55:02
1294,210,VIEW,2026-02-27 04:12:48
1294,205,ADD_TO_CART,2026-03-28 08:56:57
1294,188,VIEW,2026-04-05 06:46:41
1294,196,FAVORITE,2026-04-24 03:36:56
1294,186,SEARCH,2026-04-25 15:59:42
1294,181,VIEW,2026-05-08 17:20:27
1294,198,VIEW,2026-05-27 09:20:52
1294,204,VIEW,2026-06-04 08:34:13
1294,194,VIEW,2026-06-16 04:44:38
1294,188,SEARCH,2026-07-08 15:08:00
1295,189,SEARCH,2025-03-15 08:21:01
1295,210,SEARCH,2025-03-21 22:53:51
1295,210,VIEW,2025-04-01 23:26:15
1295,204,VIEW,2025-04-21 13:28:21
1295,182,VIEW,2025-04-29 22:09:59
1295,199,VIEW,2025-05-17 15:46:22
1295,210,VIEW,2025-05-30 21:24:24
1295,190,VIEW,2025-06-19 13:51:20
1295,199,VIEW,2025-06-27 10:36:33
1295,209,SEARCH,2025-06-29 07:30:04
1295,189,VIEW,2025-07-11 09:26:37
1295,188,VIEW,2025-07-23 01:14:14
1295,211,SHARE,2025-07-26 18:41:26
1295,190,VIEW,2025-08-01 01:26:22
1295,209,SEARCH,2025-08-01 18:16:28
1295,185,VIEW,2025-08-03 06:00:19
1295,210,SHARE,2025-08-08 04:16:26
1295,210,VIEW,2025-08-12 10:19:01
1295,202,ADD_TO_CART,2025-08-15 14:31:07
1295,210,VIEW,2025-08-29 22:20:11
1295,215,VIEW,2025-09-21 13:33:48
1295,210,VIEW,2025-10-09 21:30:04
1295,190,SEARCH,2025-10-10 21:10:46
1295,209,VIEW,2025-10-27 12:16:09
1295,191,SEARCH,2025-10-29 01:53:22
1295,210,VIEW,2025-12-19 13:11:56
1295,190,SHARE,2025-12-20 12:10:12
1295,193,VIEW,2026-01-01 20:51:53
1295,210,VIEW,2026-01-04 03:14:48
1295,209,VIEW,2026-01-06 16:35:04
1295,209,ADD_TO_CART,2026-01-13 06:28:13
1295,209,VIEW,2026-01-13 13:43:24
1295,183,ADD_TO_CART,2026-01-19 12:46:56
1295,184,VIEW,2026-02-03 12:30:20
1295,191,VIEW,2026-02-13 15:07:50
1295,192,ADD_TO_CART,2026-02-16 09:59:48
1295,200,VIEW,2026-02-22 13:03:58
1295,190,VIEW,2026-03-07 08:52:24
1295,212,SHARE,2026-03-08 10:29:53
1295,210,VIEW,2026-03-31 12:48:27
1295,210,VIEW,2026-04-05 19:43:47
1295,183,VIEW,2026-04-11 19:48:35
1295,210,SEARCH,2026-05-13 15:21:15
1295,189,ADD_TO_CART,2026-05-30 13:24:06
1295,209,VIEW,2026-06-25 23:05:10
1295,190,SEARCH,2026-06-30 21:02:29
1295,194,FAVORITE,2026-07-05 05:09:44
1295,180,ADD_TO_CART,2026-07-28 14:53:00
1296,208,SEARCH,2026-01-11 08:45:01
1296,185,VIEW,2026-01-14 01:29:47
1296,180,VIEW,2026-01-14 20:53:33
1296,194,VIEW,2026-01-17 10:36:45
1296,179,VIEW,2026-01-24 20:42:47
1296,201,ADD_TO_CART,2026-01-28 20:46:52
1296,192,ADD_TO_CART,2026-01-28 20:55:26
1296,192,VIEW,2026-01-29 10:04:43
1296,213,VIEW,2026-01-30 20:33:31
1296,194,SEARCH,2026-02-01 12:43:49
1296,216,FAVORITE,2026-02-07 20:34:02
1296,214,VIEW,2026-02-08 11:10:41
1296,193,VIEW,2026-02-09 08:10:38
1296,213,ADD_TO_CART,2026-02-12 05:40:34
1296,199,VIEW,2026-02-13 09:19:35
1296,194,VIEW,2026-02-19 03:12:02
1296,214,VIEW,2026-02-22 14:17:50
1296,192,FAVORITE,2026-02-26 09:42:24
1296,199,SEARCH,2026-02-26 11:49:26
1296,181,VIEW,2026-03-01 13:20:57
1296,194,VIEW,2026-03-04 04:36:35
1296,214,VIEW,2026-03-06 08:39:03
1296,193,ADD_TO_CART,2026-03-07 18:58:09
1296,194,VIEW,2026-03-08 10:55:34
1296,193,VIEW,2026-03-12 10:35:48
1296,194,SHARE,2026-03-12 13:32:10
1296,207,ADD_TO_CART,2026-03-14 17:15:28
1296,190,SEARCH,2026-03-16 02:34:21
1296,194,VIEW,2026-03-16 08:01:01
1296,202,VIEW,2026-03-18 18:00:54
1296,213,VIEW,2026-03-23 05:32:38
1296,193,VIEW,2026-03-24 12:39:10
1296,194,VIEW,2026-03-26 00:19:53
1296,193,VIEW,2026-03-28 03:51:35
1296,199,VIEW,2026-03-29 14:43:47
1296,189,VIEW,2026-04-02 12:19:32
1296,199,VIEW,2026-04-02 18:58:36
1296,192,VIEW,2026-04-04 22:41:53
1296,198,VIEW,2026-04-09 09:34:04
1296,191,ADD_TO_CART,2026-04-09 15:46:12
1296,193,VIEW,2026-04-09 23:02:52
1296,194,VIEW,2026-04-10 11:42:03
1296,189,VIEW,2026-04-11 00:59:24
1296,217,VIEW,2026-04-12 07:42:59
1296,209,SEARCH,2026-04-15 23:49:36
1296,194,SHARE,2026-04-17 02:45:03
1296,198,VIEW,2026-04-19 03:59:06
1296,196,FAVORITE,2026-04-20 01:14:39
1296,214,SHARE,2026-04-21 01:29:15
1296,190,VIEW,2026-04-24 09:30:12
1296,193,SEARCH,2026-05-01 19:33:18
1296,185,VIEW,2026-05-02 22:55:39
1296,193,VIEW,2026-05-03 10:56:31
1296,180,VIEW,2026-05-07 08:26:39
1296,194,VIEW,2026-05-08 22:25:24
1296,203,VIEW,2026-05-11 03:38:17
1296,197,FAVORITE,2026-05-13 10:09:59
1296,179,VIEW,2026-05-15 23:09:37
1296,214,ADD_TO_CART,2026-05-17 19:57:28
1296,210,SEARCH,2026-05-20 20:23:49
1296,213,ADD_TO_CART,2026-05-20 23:51:19
1296,193,VIEW,2026-05-21 06:11:22
1296,194,VIEW,2026-05-22 00:53:36
1296,194,VIEW,2026-05-22 19:23:41
1296,190,VIEW,2026-05-27 21:50:54
1296,194,VIEW,2026-05-31 19:29:00
1296,213,VIEW,2026-06-04 11:31:26
1296,188,FAVORITE,2026-06-08 11:34:45
1296,193,SEARCH,2026-06-12 13:05:00
1297,188,VIEW,2024-11-06 06:41:21
1297,180,VIEW,2024-11-30 20:39:10
1297,180,SEARCH,2024-12-02 18:05:57
1297,181,VIEW,2024-12-03 19:37:17
1297,204,VIEW,2024-12-07 00:17:44
1297,213,VIEW,2024-12-13 06:56:20
1297,181,VIEW,2024-12-20 01:44:07
1297,180,VIEW,2025-01-19 22:56:03
1297,186,SEARCH,2025-01-21 08:17:24
1297,201,VIEW,2025-02-02 19:46:43
1297,218,SEARCH,2025-02-28 02:42:04
1297,181,VIEW,2025-03-01 11:15:56
1297,180,ADD_TO_CART,2025-04-03 08:54:19
1297,199,VIEW,2025-04-12 09:27:44
1297,217,SHARE,2025-04-24 14:35:42
1297,198,VIEW,2025-04-27 06:37:51
1297,198,FAVORITE,2025-05-11 20:31:34
1297,218,SEARCH,2025-05-24 07:15:43
1297,199,VIEW,2025-05-28 11:50:26
1297,193,VIEW,2025-06-08 09:14:21
1297,218,SEARCH,2025-06-16 07:24:53
1297,181,VIEW,2025-06-21 18:31:18
1297,181,SEARCH,2025-06-25 12:22:52
1297,197,FAVORITE,2025-06-30 09:37:11
1297,218,FAVORITE,2025-07-27 06:51:18
1297,218,VIEW,2025-07-28 05:34:47
1297,195,SHARE,2025-07-31 19:51:41
1297,196,VIEW,2025-08-10 20:40:37
1297,181,VIEW,2025-08-28 21:43:20
1297,217,VIEW,2025-08-30 17:28:52
1297,198,VIEW,2025-09-07 15:01:50
1297,181,VIEW,2025-09-27 03:39:42
1297,180,VIEW,2025-10-04 01:17:01
1297,179,VIEW,2025-10-15 17:05:20
1297,198,VIEW,2025-10-22 14:07:38
1297,218,VIEW,2025-10-22 23:32:20
1297,199,VIEW,2025-11-06 03:50:27
1297,187,VIEW,2025-11-12 19:54:19
1297,199,ADD_TO_CART,2025-11-19 04:16:17
1297,212,SEARCH,2025-11-20 15:38:19
1297,183,SHARE,2025-11-25 04:44:19
1297,211,VIEW,2025-11-26 11:53:12
1297,181,VIEW,2025-11-27 02:14:00
1297,188,VIEW,2025-12-02 05:38:56
1297,187,VIEW,2025-12-25 16:01:01
1297,180,SEARCH,2026-01-01 06:05:23
1297,197,VIEW,2026-01-04 07:18:16
1297,203,VIEW,2026-01-08 08:02:54
1297,180,ADD_TO_CART,2026-01-10 20:06:03
1297,182,VIEW,2026-01-11 02:03:21
1297,211,VIEW,2026-01-14 11:26:31
1297,214,SEARCH,2026-01-20 01:03:55
1297,205,VIEW,2026-01-20 09:29:37
1297,198,SEARCH,2026-01-26 16:02:55
1297,190,VIEW,2026-02-01 05:33:55
1297,188,SHARE,2026-02-06 03:34:36
1297,199,VIEW,2026-02-12 08:26:53
1297,217,VIEW,2026-02-16 15:33:12
1297,180,VIEW,2026-02-23 09:22:04
1297,202,VIEW,2026-03-07 22:45:46
1297,198,VIEW,2026-03-09 07:50:54
1297,201,VIEW,2026-03-14 09:53:22
1297,180,VIEW,2026-03-19 11:13:07
1297,198,VIEW,2026-03-23 17:13:24
1297,218,SEARCH,2026-03-27 23:50:09
1297,184,VIEW,2026-04-12 06:52:14
1297,218,VIEW,2026-05-22 19:54:14
1297,207,VIEW,2026-05-28 13:20:02
1297,180,VIEW,2026-05-29 00:24:34
1297,199,VIEW,2026-06-13 14:37:57
1297,203,VIEW,2026-06-21 15:45:33
1297,197,VIEW,2026-07-09 10:43:53
1297,181,VIEW,2026-07-15 12:12:00
1298,215,SEARCH,2026-04-29 12:46:21
1298,215,SEARCH,2026-04-29 14:13:33
1298,216,VIEW,2026-05-04 10:01:27
1298,193,VIEW,2026-05-07 03:11:17
1298,216,VIEW,2026-05-08 07:07:29
1298,207,VIEW,2026-05-08 07:27:34
1298,200,SHARE,2026-05-10 07:52:55
1298,193,VIEW,2026-05-11 14:48:14
1298,195,VIEW,2026-05-13 02:31:34
1298,218,VIEW,2026-05-15 17:12:03
1298,196,VIEW,2026-05-19 14:52:52
1298,192,SHARE,2026-05-20 13:29:40
1298,191,VIEW,2026-05-22 08:12:21
1298,199,VIEW,2026-05-23 23:30:37
1298,201,SHARE,2026-05-24 15:54:18
1298,215,VIEW,2026-05-26 08:48:29
1298,183,VIEW,2026-05-27 16:25:47
1298,209,VIEW,2026-05-28 23:21:23
1298,215,VIEW,2026-05-28 23:29:36
1298,195,VIEW,2026-05-31 14:01:37
1298,195,VIEW,2026-06-01 19:33:17
1298,216,FAVORITE,2026-06-02 23:35:15
1298,218,VIEW,2026-06-04 09:12:34
1298,195,VIEW,2026-06-04 23:08:06
1298,192,VIEW,2026-06-05 18:00:36
1298,217,VIEW,2026-06-08 09:59:19
1298,184,ADD_TO_CART,2026-06-13 12:57:37
1298,198,VIEW,2026-06-14 02:46:18
1298,195,VIEW,2026-06-14 16:18:54
1298,213,VIEW,2026-06-15 16:38:15
1298,213,SEARCH,2026-06-20 17:26:12
1298,216,VIEW,2026-06-21 03:19:11
1298,217,VIEW,2026-06-24 04:44:36
1298,194,VIEW,2026-06-26 04:00:44
1298,195,SEARCH,2026-06-30 03:43:31
1298,195,VIEW,2026-07-01 12:56:50
1298,217,VIEW,2026-07-03 19:34:08
1298,216,VIEW,2026-07-07 02:50:14
1298,217,ADD_TO_CART,2026-07-08 05:15:50
1298,195,ADD_TO_CART,2026-07-10 17:14:25
1298,202,VIEW,2026-07-16 03:48:11
1298,213,VIEW,2026-07-16 16:15:21
1298,217,ADD_TO_CART,2026-07-19 16:01:00
1299,213,SEARCH,2025-10-07 08:55:27
1299,198,VIEW,2025-10-10 23:45:21
1299,214,VIEW,2025-10-23 08:13:28
1299,214,VIEW,2025-11-04 11:36:20
1299,213,VIEW,2025-11-07 17:27:36
1299,213,ADD_TO_CART,2025-11-11 14:26:33
1299,213,SEARCH,2025-11-15 14:56:53
1299,212,SEARCH,2025-11-16 16:59:21
1299,180,VIEW,2025-11-22 17:37:55
1299,193,VIEW,2025-11-28 09:19:16
1299,194,ADD_TO_CART,2025-12-01 03:51:40
1299,211,VIEW,2025-12-17 02:30:06
1299,213,VIEW,2025-12-20 20:59:06
1299,197,VIEW,2026-01-03 05:17:53
1299,193,VIEW,2026-01-05 08:49:18
1299,196,VIEW,2026-01-10 02:43:10
1299,181,SEARCH,2026-01-13 04:09:20
1299,183,VIEW,2026-01-17 00:35:21
1299,193,FAVORITE,2026-01-17 12:41:03
1299,193,VIEW,2026-01-19 21:09:30
1299,212,SEARCH,2026-01-23 15:11:32
1299,212,VIEW,2026-01-25 10:53:38
1299,206,VIEW,2026-02-20 04:23:59
1299,214,VIEW,2026-02-22 19:07:55
1299,193,VIEW,2026-02-25 23:46:26
1299,194,VIEW,2026-02-28 14:53:48
1299,215,VIEW,2026-03-02 07:34:46
1299,193,VIEW,2026-03-03 07:24:33
1299,185,VIEW,2026-03-07 11:32:38
1299,213,ADD_TO_CART,2026-03-15 06:48:36
1299,212,ADD_TO_CART,2026-03-26 13:41:11
1299,193,SEARCH,2026-03-31 13:54:23
1299,185,VIEW,2026-04-02 02:10:57
1299,193,VIEW,2026-04-13 08:57:38
1299,194,VIEW,2026-04-16 08:08:34
1299,193,VIEW,2026-04-18 05:42:20
1299,190,FAVORITE,2026-05-12 14:57:48
1299,208,ADD_TO_CART,2026-05-14 19:49:19
1299,194,SEARCH,2026-05-18 08:33:29
1299,193,VIEW,2026-05-23 15:47:58
1299,189,SEARCH,2026-05-27 18:26:59
1299,214,VIEW,2026-06-03 00:31:25
1299,183,VIEW,2026-06-07 07:09:31
1299,203,VIEW,2026-06-12 13:55:00
1300,204,VIEW,2025-06-05 00:49:30
1300,209,ADD_TO_CART,2025-06-08 07:18:14
1300,205,VIEW,2025-06-15 05:12:40
1300,205,VIEW,2025-06-17 07:29:09
1300,207,VIEW,2025-06-18 17:47:57
1300,180,VIEW,2025-06-25 04:20:10
1300,185,VIEW,2025-07-10 19:54:06
1300,203,ADD_TO_CART,2025-07-20 16:55:14
1300,189,VIEW,2025-07-22 11:21:10
1300,203,VIEW,2025-07-22 19:02:45
1300,180,VIEW,2025-07-28 22:23:24
1300,186,SEARCH,2025-08-05 15:31:47
1300,203,SEARCH,2025-08-05 21:17:33
1300,209,SHARE,2025-08-08 20:17:21
1300,180,FAVORITE,2025-08-12 04:49:21
1300,203,VIEW,2025-08-18 22:59:27
1300,190,VIEW,2025-08-20 10:22:46
1300,203,FAVORITE,2025-08-21 02:39:31
1300,205,SEARCH,2025-08-27 13:44:50
1300,212,VIEW,2025-08-31 06:04:55
1300,209,VIEW,2025-08-31 22:15:32
1300,193,VIEW,2025-09-09 17:48:26
1300,205,VIEW,2025-09-29 17:46:44
1300,204,VIEW,2025-10-07 23:47:10
1300,211,FAVORITE,2025-10-09 09:06:40
1300,182,FAVORITE,2025-10-16 10:55:46
1300,204,SEARCH,2025-10-17 03:56:37
1300,191,VIEW,2025-10-26 10:02:54
1300,186,VIEW,2025-11-07 00:29:44
1300,209,SEARCH,2025-11-07 15:00:52
1300,198,VIEW,2025-11-12 03:28:43
1300,185,VIEW,2025-11-13 21:00:10
1300,200,VIEW,2025-11-25 00:58:11
1300,203,VIEW,2025-12-03 11:01:20
1300,205,VIEW,2025-12-08 06:49:20
1300,200,VIEW,2025-12-14 03:33:34
1300,215,SEARCH,2025-12-21 12:42:09
1300,179,VIEW,2025-12-22 15:04:38
1300,188,VIEW,2025-12-23 21:20:22
1300,203,VIEW,2026-01-01 15:38:55
1300,205,VIEW,2026-01-07 19:37:33
1300,181,VIEW,2026-01-15 16:42:49
1300,206,VIEW,2026-01-30 21:17:30
1300,205,VIEW,2026-02-01 14:45:25
1300,204,VIEW,2026-02-01 15:16:13
1300,185,VIEW,2026-02-07 01:04:31
1300,205,VIEW,2026-02-28 07:17:20
1300,211,VIEW,2026-03-09 21:15:05
1300,184,SEARCH,2026-03-22 23:15:00
1300,217,VIEW,2026-03-24 01:39:23
1300,183,VIEW,2026-03-31 15:51:04
1300,187,SEARCH,2026-04-19 03:04:46
1300,189,VIEW,2026-04-22 03:44:39
1300,204,VIEW,2026-04-23 10:47:23
1300,204,VIEW,2026-04-25 15:44:44
1300,203,VIEW,2026-05-01 00:20:51
1300,203,FAVORITE,2026-05-05 03:46:00
1300,204,SHARE,2026-05-05 06:02:55
1300,186,VIEW,2026-05-08 07:48:02
1300,199,SEARCH,2026-05-30 10:33:58
1300,207,FAVORITE,2026-06-02 11:20:00
1301,184,VIEW,2024-04-20 13:49:57
1301,216,SEARCH,2024-05-08 22:43:52
1301,206,FAVORITE,2024-05-20 15:59:35
1301,194,VIEW,2024-05-26 23:12:39
1301,218,ADD_TO_CART,2024-06-30 09:54:29
1301,214,VIEW,2024-07-20 04:02:20
1301,213,VIEW,2024-08-16 03:05:15
1301,194,VIEW,2024-08-19 20:46:23
1301,207,VIEW,2024-08-21 13:17:59
1301,192,VIEW,2024-08-29 09:14:14
1301,204,VIEW,2024-11-02 14:31:08
1301,188,SEARCH,2024-11-14 06:41:30
1301,194,VIEW,2024-11-15 22:21:50
1301,191,SHARE,2024-12-13 15:10:08
1301,189,VIEW,2025-01-05 17:40:42
1301,202,VIEW,2025-02-11 14:31:30
1301,203,VIEW,2025-02-22 03:43:32
1301,194,VIEW,2025-02-24 23:01:52
1301,193,ADD_TO_CART,2025-03-03 23:24:54
1301,193,VIEW,2025-03-21 19:18:39
1301,181,VIEW,2025-03-21 21:03:14
1301,193,VIEW,2025-03-24 09:27:20
1301,207,VIEW,2025-04-07 07:52:58
1301,214,VIEW,2025-04-27 19:33:40
1301,217,VIEW,2025-04-29 09:58:07
1301,214,VIEW,2025-05-15 08:39:39
1301,194,VIEW,2025-05-19 09:30:12
1301,207,VIEW,2025-05-29 10:43:50
1301,193,VIEW,2025-06-06 12:21:06
1301,189,VIEW,2025-06-20 12:16:01
1301,207,VIEW,2025-06-24 02:19:37
1301,207,VIEW,2025-07-06 01:31:03
1301,213,VIEW,2025-08-11 04:39:50
1301,213,SEARCH,2025-09-10 17:39:37
1301,209,VIEW,2025-09-30 08:38:53
1301,207,VIEW,2025-10-04 14:10:28
1301,213,VIEW,2025-10-16 08:00:45
1301,195,SEARCH,2025-10-28 07:21:37
1301,209,VIEW,2025-10-29 03:06:06
1301,201,SEARCH,2025-10-29 08:54:32
1301,194,SEARCH,2025-11-10 05:40:08
1301,205,VIEW,2025-11-21 19:26:47
1301,194,VIEW,2025-12-09 11:44:07
1301,196,VIEW,2026-01-10 07:42:35
1301,194,VIEW,2026-01-16 21:58:38
1301,207,VIEW,2026-01-19 07:43:41
1301,187,VIEW,2026-01-27 14:43:21
1301,207,VIEW,2026-02-10 06:14:24
1301,194,VIEW,2026-03-31 08:06:33
1301,193,VIEW,2026-04-02 07:00:12
1301,186,VIEW,2026-04-14 03:59:07
1301,193,ADD_TO_CART,2026-04-14 17:08:32
1301,210,SEARCH,2026-04-17 05:10:30
1301,212,SEARCH,2026-04-19 01:45:54
1301,183,VIEW,2026-05-03 18:57:32
1301,179,VIEW,2026-05-13 23:48:04
1301,210,VIEW,2026-05-15 13:17:20
1301,193,VIEW,2026-05-19 02:11:16
1301,214,VIEW,2026-05-19 07:45:11
1301,207,SEARCH,2026-05-30 21:21:25
1301,193,SEARCH,2026-06-27 03:39:19
1301,203,SEARCH,2026-07-14 16:07:00
1302,210,VIEW,2026-06-07 15:41:11
1302,212,SEARCH,2026-06-08 04:56:56
1302,187,SEARCH,2026-06-09 15:24:03
1302,184,SEARCH,2026-06-09 16:46:29
1302,204,VIEW,2026-06-11 10:48:35
1302,193,SEARCH,2026-06-12 06:30:09
1302,194,FAVORITE,2026-06-12 06:30:16
1302,208,VIEW,2026-06-12 23:57:56
1302,191,VIEW,2026-06-13 16:20:09
1302,190,FAVORITE,2026-06-14 00:51:05
1302,209,VIEW,2026-06-14 22:35:07
1302,189,SEARCH,2026-06-15 06:51:19
1302,191,FAVORITE,2026-06-15 22:21:47
1302,204,SEARCH,2026-06-16 06:40:55
1302,203,VIEW,2026-06-19 07:23:36
1302,209,VIEW,2026-06-19 09:25:13
1302,209,SEARCH,2026-06-19 11:41:55
1302,209,VIEW,2026-06-20 08:37:43
1302,190,VIEW,2026-06-20 21:32:57
1302,209,ADD_TO_CART,2026-06-21 08:34:48
1302,203,FAVORITE,2026-06-22 05:23:42
1302,204,VIEW,2026-06-22 08:51:10
1302,191,VIEW,2026-06-22 10:54:09
1302,218,VIEW,2026-06-23 20:39:41
1302,187,VIEW,2026-06-24 23:49:21
1302,203,SEARCH,2026-06-25 15:09:32
1302,190,VIEW,2026-06-26 02:13:47
1302,212,VIEW,2026-06-26 09:39:54
1302,211,SEARCH,2026-06-27 07:44:21
1302,204,VIEW,2026-06-27 08:06:44
1302,182,VIEW,2026-06-27 15:11:24
1302,209,VIEW,2026-06-27 18:09:49
1302,199,VIEW,2026-06-27 23:47:41
1302,188,VIEW,2026-06-28 10:39:59
1302,204,VIEW,2026-06-29 20:55:31
1302,188,ADD_TO_CART,2026-06-30 02:06:15
1302,191,FAVORITE,2026-06-30 09:15:06
1302,209,VIEW,2026-06-30 09:26:09
1302,203,VIEW,2026-07-01 00:04:05
1302,201,VIEW,2026-07-01 01:09:07
1302,209,VIEW,2026-07-01 01:58:10
1302,209,VIEW,2026-07-01 02:25:06
1302,179,SEARCH,2026-07-01 07:13:00
1302,180,VIEW,2026-07-01 14:56:37
1302,196,SEARCH,2026-07-02 03:02:46
1302,210,VIEW,2026-07-02 15:38:01
1302,199,VIEW,2026-07-05 02:24:56
1302,210,VIEW,2026-07-05 13:08:04
1302,180,VIEW,2026-07-06 09:28:27
1302,205,VIEW,2026-07-07 09:32:00
1303,210,VIEW,2025-02-19 16:57:21
1303,207,ADD_TO_CART,2025-03-04 09:00:28
1303,209,VIEW,2025-04-05 02:25:52
1303,189,SEARCH,2025-04-12 23:36:44
1303,190,VIEW,2025-04-14 02:42:16
1303,203,VIEW,2025-04-16 07:54:11
1303,209,VIEW,2025-04-18 06:02:15
1303,190,ADD_TO_CART,2025-04-29 07:43:50
1303,190,VIEW,2025-05-12 21:58:20
1303,189,FAVORITE,2025-06-15 05:48:21
1303,191,FAVORITE,2025-06-28 21:13:31
1303,190,VIEW,2025-07-06 08:17:52
1303,194,VIEW,2025-07-24 11:44:17
1303,201,VIEW,2025-08-20 03:39:34
1303,195,ADD_TO_CART,2025-08-30 21:02:55
1303,190,ADD_TO_CART,2025-09-15 23:29:28
1303,217,VIEW,2025-10-22 15:00:48
1303,192,FAVORITE,2025-11-03 09:13:02
1303,209,SEARCH,2025-11-06 13:33:38
1303,189,VIEW,2025-11-07 08:48:19
1303,191,VIEW,2025-11-09 17:11:16
1303,195,SEARCH,2025-11-16 00:04:09
1303,209,SEARCH,2025-12-08 15:29:27
1303,190,VIEW,2025-12-23 23:52:50
1303,218,VIEW,2026-01-25 05:46:44
1303,207,ADD_TO_CART,2026-02-01 23:50:07
1303,184,ADD_TO_CART,2026-02-05 06:50:53
1303,216,SEARCH,2026-03-22 23:51:26
1303,189,VIEW,2026-07-29 15:50:00
1304,197,SEARCH,2025-02-20 17:13:21
1304,190,VIEW,2025-03-13 07:29:16
1304,190,VIEW,2025-03-15 22:13:39
1304,209,VIEW,2025-03-26 20:25:15
1304,189,VIEW,2025-03-27 18:20:38
1304,194,VIEW,2025-04-05 18:15:41
1304,189,VIEW,2025-05-05 06:29:26
1304,206,VIEW,2025-05-06 10:41:56
1304,191,SEARCH,2025-05-19 00:11:29
1304,210,VIEW,2025-05-20 05:07:56
1304,209,VIEW,2025-05-26 06:55:31
1304,214,ADD_TO_CART,2025-06-05 07:21:52
1304,209,FAVORITE,2025-06-19 01:31:52
1304,214,VIEW,2025-06-29 00:58:08
1304,210,VIEW,2025-07-11 08:01:03
1304,190,VIEW,2025-07-13 18:58:25
1304,191,VIEW,2025-07-19 11:14:22
1304,209,ADD_TO_CART,2025-07-24 12:02:36
1304,210,VIEW,2025-07-27 09:40:51
1304,198,VIEW,2025-08-17 17:27:31
1304,210,FAVORITE,2025-09-02 12:12:39
1304,186,SEARCH,2025-09-23 18:56:26
1304,189,VIEW,2025-09-25 10:27:58
1304,209,ADD_TO_CART,2025-10-09 21:59:47
1304,209,VIEW,2025-10-27 08:07:21
1304,189,VIEW,2025-10-29 10:55:37
1304,214,VIEW,2025-10-30 20:08:20
1304,201,VIEW,2025-11-14 10:11:06
1304,203,VIEW,2025-11-15 04:33:31
1304,209,VIEW,2025-11-18 09:32:05
1304,189,SEARCH,2025-12-15 19:22:06
1304,194,ADD_TO_CART,2025-12-21 05:52:29
1304,197,ADD_TO_CART,2025-12-27 02:37:38
1304,190,VIEW,2025-12-28 06:12:57
1304,212,VIEW,2025-12-30 02:26:59
1304,189,VIEW,2026-01-02 22:20:00
1304,190,VIEW,2026-01-06 03:21:53
1304,189,ADD_TO_CART,2026-01-11 09:19:16
1304,203,SEARCH,2026-01-16 03:35:38
1304,185,SEARCH,2026-02-09 23:24:40
1304,190,VIEW,2026-02-15 19:24:02
1304,202,VIEW,2026-03-07 05:54:30
1304,209,VIEW,2026-03-08 12:20:55
1304,205,VIEW,2026-03-21 18:29:21
1304,206,SEARCH,2026-03-23 06:38:02
1304,210,ADD_TO_CART,2026-04-06 05:28:41
1304,181,VIEW,2026-04-09 00:31:10
1304,210,SEARCH,2026-05-20 03:40:45
1304,203,VIEW,2026-05-31 17:13:24
1304,193,VIEW,2026-06-01 08:05:24
1304,179,VIEW,2026-06-20 14:56:00
1305,190,VIEW,2025-12-13 14:40:45
1305,198,VIEW,2025-12-14 21:24:25
1305,179,VIEW,2025-12-17 00:06:36
1305,187,VIEW,2025-12-22 08:11:24
1305,209,VIEW,2025-12-22 16:44:11
1305,207,VIEW,2025-12-27 09:13:20
1305,185,VIEW,2025-12-28 15:03:49
1305,209,VIEW,2026-01-01 06:02:40
1305,208,VIEW,2026-01-03 03:03:27
1305,210,VIEW,2026-01-03 17:19:00
1305,202,SEARCH,2026-01-06 23:16:33
1305,191,VIEW,2026-01-07 14:00:14
1305,208,SEARCH,2026-01-19 09:31:06
1305,209,VIEW,2026-01-23 22:11:05
1305,209,SEARCH,2026-01-24 11:02:06
1305,209,VIEW,2026-01-31 13:19:21
1305,180,VIEW,2026-02-03 09:14:53
1305,210,VIEW,2026-02-04 23:33:37
1305,189,VIEW,2026-02-08 10:45:21
1305,208,VIEW,2026-02-13 12:23:57
1305,190,VIEW,2026-02-15 02:10:54
1305,209,VIEW,2026-02-15 20:24:01
1305,208,SEARCH,2026-02-21 09:40:49
1305,187,VIEW,2026-02-23 06:30:06
1305,209,VIEW,2026-02-27 19:24:07
1305,182,FAVORITE,2026-03-02 05:55:47
1305,216,VIEW,2026-03-04 20:48:14
1305,191,SEARCH,2026-03-04 23:00:14
1305,210,VIEW,2026-03-05 03:07:54
1305,202,VIEW,2026-03-05 20:37:58
1305,181,VIEW,2026-03-06 04:52:46
1305,212,FAVORITE,2026-03-07 04:09:10
1305,207,VIEW,2026-03-10 08:38:54
1305,184,ADD_TO_CART,2026-03-10 09:06:32
1305,209,SHARE,2026-03-10 13:05:43
1305,209,SEARCH,2026-03-14 05:34:00
1305,205,ADD_TO_CART,2026-03-19 09:25:01
1305,204,SEARCH,2026-03-23 06:15:41
1305,207,VIEW,2026-03-25 16:13:56
1305,186,SEARCH,2026-03-27 16:49:28
1305,217,VIEW,2026-03-29 13:31:05
1305,191,VIEW,2026-03-30 16:07:36
1305,194,VIEW,2026-03-31 12:35:26
1305,210,ADD_TO_CART,2026-04-02 19:30:30
1305,190,SEARCH,2026-04-06 23:51:02
1305,210,VIEW,2026-04-13 21:12:35
1305,210,SEARCH,2026-04-19 14:36:26
1305,189,VIEW,2026-04-20 13:28:07
1305,209,VIEW,2026-04-20 16:43:07
1305,209,VIEW,2026-04-21 07:21:54
1305,218,ADD_TO_CART,2026-04-27 21:12:27
1305,191,VIEW,2026-04-29 18:26:52
1305,192,ADD_TO_CART,2026-04-30 03:06:40
1305,209,VIEW,2026-04-30 06:31:08
1305,210,VIEW,2026-04-30 10:29:38
1305,209,VIEW,2026-05-15 06:22:55
1305,203,VIEW,2026-05-16 18:55:21
1305,194,VIEW,2026-05-17 12:13:57
1305,209,VIEW,2026-05-19 04:25:33
1305,201,VIEW,2026-05-25 18:27:04
1305,209,SHARE,2026-05-28 13:58:05
1305,195,VIEW,2026-05-29 05:49:31
1305,205,VIEW,2026-05-30 06:12:34
1305,196,VIEW,2026-06-01 08:29:19
1305,208,VIEW,2026-06-02 07:39:38
1305,184,SHARE,2026-06-03 18:32:00
1306,202,SEARCH,2026-03-14 22:47:48
1306,191,VIEW,2026-03-17 14:39:00
1306,209,VIEW,2026-03-26 17:50:38
1306,209,VIEW,2026-03-29 08:41:22
1306,190,SEARCH,2026-03-30 00:18:24
1306,187,ADD_TO_CART,2026-04-01 01:52:28
1306,205,SHARE,2026-04-05 05:59:32
1306,189,VIEW,2026-04-05 13:47:12
1306,211,ADD_TO_CART,2026-04-06 14:39:08
1306,192,VIEW,2026-04-10 04:45:05
1306,215,VIEW,2026-04-10 09:19:51
1306,188,VIEW,2026-04-10 19:02:04
1306,187,SEARCH,2026-04-11 21:48:59
1306,205,VIEW,2026-04-17 14:42:24
1306,200,ADD_TO_CART,2026-04-21 06:41:47
1306,201,VIEW,2026-04-21 17:19:37
1306,191,SEARCH,2026-04-25 10:33:37
1306,211,VIEW,2026-04-26 03:24:15
1306,210,VIEW,2026-04-26 14:50:14
1306,189,SEARCH,2026-05-01 11:06:43
1306,210,SEARCH,2026-05-03 23:17:21
1306,209,SEARCH,2026-05-09 12:06:05
1306,192,FAVORITE,2026-05-10 07:58:53
1306,203,VIEW,2026-05-11 16:46:11
1306,202,SEARCH,2026-05-13 15:05:42
1306,212,VIEW,2026-05-14 12:48:33
1306,210,VIEW,2026-05-16 07:19:46
1306,194,SEARCH,2026-05-19 13:38:50
1306,190,VIEW,2026-05-21 04:41:04
1306,190,FAVORITE,2026-05-22 00:05:38
1306,190,SEARCH,2026-05-26 03:11:17
1306,197,VIEW,2026-05-28 11:20:33
1306,191,VIEW,2026-05-29 09:24:27
1306,209,VIEW,2026-05-29 16:25:04
1306,189,VIEW,2026-06-01 07:04:20
1306,189,VIEW,2026-06-04 00:05:03
1306,189,VIEW,2026-06-10 03:48:46
1306,193,VIEW,2026-06-17 00:42:43
1306,190,VIEW,2026-06-17 07:28:34
1306,188,VIEW,2026-06-20 12:17:28
1306,210,SEARCH,2026-06-21 12:58:14
1306,181,ADD_TO_CART,2026-06-21 22:18:11
1306,189,VIEW,2026-06-23 10:20:56
1306,188,VIEW,2026-06-24 22:56:19
1306,182,VIEW,2026-06-25 01:07:35
1306,189,VIEW,2026-06-26 23:41:12
1306,209,VIEW,2026-06-30 09:40:37
1306,185,VIEW,2026-06-30 22:36:03
1306,218,VIEW,2026-07-03 02:55:11
1306,190,VIEW,2026-07-13 21:36:08
1306,203,VIEW,2026-07-15 05:57:53
1306,210,VIEW,2026-07-21 02:31:13
1306,191,VIEW,2026-07-22 13:28:00
1307,210,VIEW,2025-01-27 05:14:17
1307,210,VIEW,2025-04-16 10:46:42
1307,198,ADD_TO_CART,2025-08-08 13:19:00
1308,201,VIEW,2025-03-06 02:06:30
1308,205,VIEW,2025-04-02 05:08:36
1308,201,SHARE,2025-06-03 22:26:44
1308,180,VIEW,2025-06-18 06:47:39
1308,198,SEARCH,2025-07-15 22:57:33
1308,211,VIEW,2025-08-29 18:34:49
1308,180,VIEW,2025-09-09 11:01:08
1308,212,VIEW,2025-09-18 18:44:06
1308,192,SEARCH,2025-10-01 10:28:14
1308,208,SEARCH,2025-10-03 11:30:52
1308,209,ADD_TO_CART,2025-10-07 19:42:43
1308,203,VIEW,2025-11-14 07:56:48
1308,199,VIEW,2025-11-20 17:35:43
1308,197,ADD_TO_CART,2025-11-28 04:30:47
1308,211,VIEW,2025-12-29 01:54:58
1308,210,VIEW,2026-01-01 13:06:42
1308,201,VIEW,2026-01-13 14:43:15
1308,212,FAVORITE,2026-01-22 02:26:29
1308,207,VIEW,2026-02-17 18:18:14
1308,181,SEARCH,2026-02-22 05:43:58
1308,201,SEARCH,2026-03-02 02:21:28
1308,198,VIEW,2026-03-15 15:11:40
1308,180,SEARCH,2026-04-06 00:36:21
1308,197,VIEW,2026-04-18 10:54:12
1308,198,VIEW,2026-04-22 10:43:36
1308,190,VIEW,2026-04-26 23:51:21
1308,212,SEARCH,2026-05-10 10:02:52
1308,211,VIEW,2026-06-01 13:09:41
1308,212,VIEW,2026-06-04 21:19:22
1308,208,VIEW,2026-06-16 03:55:03
1308,212,SHARE,2026-06-19 16:22:08
1308,192,VIEW,2026-07-08 11:28:08
1308,197,SHARE,2026-07-14 17:32:00
1309,195,VIEW,2025-12-27 01:09:40
1309,207,SHARE,2026-01-01 04:49:27
1309,205,VIEW,2026-01-06 05:11:24
1309,215,SEARCH,2026-01-08 22:40:13
1309,207,VIEW,2026-01-11 03:20:31
1309,206,VIEW,2026-01-11 16:59:54
1309,197,VIEW,2026-01-15 09:47:48
1309,197,SEARCH,2026-01-17 05:52:29
1309,208,VIEW,2026-01-19 21:58:58
1309,180,VIEW,2026-01-21 08:17:40
1309,211,VIEW,2026-01-24 05:04:45
1309,207,ADD_TO_CART,2026-01-25 14:37:04
1309,207,ADD_TO_CART,2026-01-29 21:33:22
1309,208,SEARCH,2026-01-31 06:23:52
1309,187,VIEW,2026-01-31 19:01:10
1309,207,VIEW,2026-02-02 20:11:42
1309,199,VIEW,2026-02-02 23:55:00
1309,188,VIEW,2026-02-03 07:46:07
1309,207,VIEW,2026-02-06 20:11:14
1309,208,VIEW,2026-02-06 22:15:36
1309,215,VIEW,2026-02-13 23:10:27
1309,206,VIEW,2026-02-17 19:53:00
1309,207,ADD_TO_CART,2026-02-18 11:10:01
1309,210,VIEW,2026-02-22 11:22:05
1309,185,ADD_TO_CART,2026-02-24 00:22:45
1309,192,SEARCH,2026-02-24 05:41:49
1309,208,ADD_TO_CART,2026-02-27 20:02:14
1309,198,ADD_TO_CART,2026-02-28 03:40:09
1309,207,VIEW,2026-02-28 22:42:04
1309,197,VIEW,2026-03-01 22:33:56
1309,184,VIEW,2026-03-02 18:13:38
1309,207,ADD_TO_CART,2026-03-06 10:07:11
1309,206,FAVORITE,2026-03-06 22:59:38
1309,198,VIEW,2026-03-07 02:24:37
1309,199,VIEW,2026-03-08 01:49:27
1309,198,VIEW,2026-03-08 07:14:12
1309,181,VIEW,2026-03-10 11:07:27
1309,181,VIEW,2026-03-10 19:18:49
1309,198,VIEW,2026-03-13 22:20:12
1309,207,VIEW,2026-03-20 21:07:02
1309,216,VIEW,2026-03-23 17:23:06
1309,201,VIEW,2026-03-25 22:04:35
1309,215,SEARCH,2026-03-28 12:51:50
1309,206,ADD_TO_CART,2026-04-04 22:39:40
1309,206,VIEW,2026-04-05 02:34:22
1309,207,SEARCH,2026-04-05 09:18:43
1309,181,VIEW,2026-04-07 08:46:29
1309,192,VIEW,2026-04-08 02:39:27
1309,190,VIEW,2026-04-09 11:45:25
1309,194,VIEW,2026-04-09 15:40:43
1309,189,VIEW,2026-04-10 07:44:02
1309,182,SEARCH,2026-04-10 14:19:10
1309,183,VIEW,2026-04-12 21:08:16
1309,208,VIEW,2026-04-18 22:13:38
1309,207,SEARCH,2026-04-23 01:52:48
1309,202,ADD_TO_CART,2026-04-24 16:06:05
1309,179,VIEW,2026-04-25 18:08:00
1310,191,VIEW,2025-11-02 07:47:58
1310,202,VIEW,2025-11-10 08:14:49
1310,213,FAVORITE,2025-11-15 04:52:26
1310,184,VIEW,2025-11-22 05:16:01
1310,181,VIEW,2025-12-04 07:49:31
1310,191,VIEW,2025-12-05 05:18:37
1310,209,SEARCH,2025-12-11 14:40:51
1310,182,SEARCH,2025-12-14 08:01:25
1310,190,VIEW,2025-12-17 13:37:15
1310,182,SEARCH,2025-12-21 07:13:35
1310,189,FAVORITE,2025-12-21 12:39:36
1310,183,VIEW,2025-12-21 15:18:38
1310,201,SEARCH,2025-12-28 06:28:03
1310,202,VIEW,2026-01-02 14:16:40
1310,200,VIEW,2026-01-10 23:06:14
1310,202,ADD_TO_CART,2026-01-15 07:36:12
1310,210,VIEW,2026-01-20 14:50:34
1310,217,VIEW,2026-02-02 10:43:50
1310,183,SEARCH,2026-02-07 05:15:01
1310,216,ADD_TO_CART,2026-02-07 15:40:06
1310,200,VIEW,2026-02-12 09:29:15
1310,184,SEARCH,2026-02-15 21:18:29
1310,202,VIEW,2026-02-23 00:36:26
1310,184,VIEW,2026-02-24 00:17:53
1310,183,VIEW,2026-02-28 17:10:52
1310,203,SEARCH,2026-03-03 05:52:48
1310,182,VIEW,2026-03-04 16:50:25
1310,202,SEARCH,2026-03-05 13:32:30
1310,190,VIEW,2026-03-16 03:47:09
1310,195,VIEW,2026-03-17 10:28:26
1310,202,VIEW,2026-03-22 20:00:31
1310,189,VIEW,2026-03-29 01:18:42
1310,183,SEARCH,2026-03-29 23:24:49
1310,189,VIEW,2026-04-13 20:30:54
1310,184,VIEW,2026-04-16 05:20:07
1310,218,SEARCH,2026-04-16 15:52:27
1310,179,VIEW,2026-04-23 00:59:23
1310,190,SHARE,2026-04-29 15:53:14
1310,201,SEARCH,2026-05-05 04:12:28
1310,208,VIEW,2026-05-09 07:04:20
1310,201,VIEW,2026-05-21 05:30:31
1310,199,VIEW,2026-05-23 11:19:15
1310,189,ADD_TO_CART,2026-06-19 22:48:33
1310,209,SEARCH,2026-06-26 06:49:46
1310,183,VIEW,2026-07-05 12:22:59
1310,207,VIEW,2026-07-11 18:45:00
1311,189,VIEW,2026-01-24 20:40:41
1311,184,VIEW,2026-02-05 12:56:09
1311,203,ADD_TO_CART,2026-02-10 15:43:36
1311,210,VIEW,2026-02-16 12:59:50
1311,188,SEARCH,2026-02-20 18:00:28
1311,187,SEARCH,2026-02-22 18:35:05
1311,196,VIEW,2026-03-10 08:07:58
1311,190,SEARCH,2026-03-14 23:32:30
1311,189,SEARCH,2026-03-17 19:01:20
1311,217,SHARE,2026-03-18 22:29:06
1311,203,VIEW,2026-03-19 01:10:03
1311,204,VIEW,2026-03-19 14:22:15
1311,183,VIEW,2026-03-23 18:34:31
1311,205,VIEW,2026-03-31 18:20:09
1311,213,VIEW,2026-04-05 11:25:42
1311,190,ADD_TO_CART,2026-04-06 16:04:14
1311,190,VIEW,2026-04-06 19:41:03
1311,204,ADD_TO_CART,2026-04-07 22:02:25
1311,181,SHARE,2026-04-08 16:47:22
1311,209,VIEW,2026-04-08 21:33:16
1311,185,VIEW,2026-04-14 13:15:12
1311,218,VIEW,2026-04-20 07:15:40
1311,200,VIEW,2026-04-23 07:40:13
1311,181,SEARCH,2026-04-25 13:42:50
1311,192,SEARCH,2026-04-27 14:11:25
1311,187,SEARCH,2026-04-29 19:35:07
1311,209,VIEW,2026-04-29 20:57:38
1311,209,VIEW,2026-04-30 06:38:28
1311,188,VIEW,2026-05-02 03:35:15
1311,189,VIEW,2026-05-06 13:16:05
1311,187,VIEW,2026-05-15 17:03:11
1311,189,VIEW,2026-05-16 14:37:59
1311,188,VIEW,2026-05-19 08:45:40
1311,209,VIEW,2026-05-25 10:16:41
1311,203,VIEW,2026-05-25 15:38:37
1311,190,VIEW,2026-06-05 07:35:55
1311,191,VIEW,2026-06-15 17:52:00
1312,187,VIEW,2026-05-19 18:52:56
1312,205,VIEW,2026-05-20 02:21:53
1312,187,SEARCH,2026-05-22 12:06:12
1312,193,VIEW,2026-05-23 05:51:47
1312,204,VIEW,2026-05-23 12:17:25
1312,186,SEARCH,2026-05-26 15:52:16
1312,204,VIEW,2026-06-01 20:16:09
1312,186,SEARCH,2026-06-01 21:58:29
1312,193,VIEW,2026-06-03 00:05:34
1312,205,SHARE,2026-06-03 23:45:55
1312,186,VIEW,2026-06-08 11:06:06
1312,209,SEARCH,2026-06-08 20:53:30
1312,187,ADD_TO_CART,2026-06-13 16:40:15
1312,205,VIEW,2026-06-15 11:37:45
1312,215,VIEW,2026-06-17 13:29:47
1312,205,SEARCH,2026-06-18 08:04:49
1312,188,VIEW,2026-06-21 18:46:57
1312,185,VIEW,2026-06-21 23:07:37
1312,187,VIEW,2026-06-22 14:26:25
1312,198,VIEW,2026-06-22 23:50:38
1312,187,VIEW,2026-06-23 02:31:25
1312,187,SEARCH,2026-06-28 00:30:35
1312,213,VIEW,2026-07-01 17:56:37
1312,188,VIEW,2026-07-03 08:33:53
1312,187,VIEW,2026-07-05 01:36:10
1312,204,VIEW,2026-07-05 16:13:28
1312,218,SEARCH,2026-07-12 07:34:44
1312,204,VIEW,2026-07-14 14:45:47
1312,186,FAVORITE,2026-07-19 10:46:26
1312,211,VIEW,2026-07-21 14:01:00
1313,193,VIEW,2024-04-25 04:42:15
1313,189,VIEW,2024-07-15 02:01:44
1313,202,VIEW,2024-08-14 22:42:00
1313,182,VIEW,2024-08-27 19:33:50
1313,202,VIEW,2024-09-16 01:56:22
1313,213,SEARCH,2024-10-01 02:27:36
1313,214,FAVORITE,2024-10-04 10:58:40
1313,213,VIEW,2024-10-07 17:04:24
1313,210,VIEW,2024-10-16 07:06:09
1313,200,VIEW,2024-10-22 20:30:24
1313,194,VIEW,2024-11-04 13:37:17
1313,201,SEARCH,2024-12-02 01:46:48
1313,184,VIEW,2024-12-08 05:15:03
1313,200,VIEW,2024-12-13 14:22:30
1313,214,FAVORITE,2024-12-21 01:41:14
1313,193,VIEW,2024-12-26 09:38:24
1313,218,VIEW,2025-01-21 03:39:54
1313,193,VIEW,2025-01-26 07:49:32
1313,204,FAVORITE,2025-02-02 02:14:52
1313,194,SEARCH,2025-02-03 06:48:53
1313,202,VIEW,2025-02-07 07:41:51
1313,195,SEARCH,2025-02-23 06:36:23
1313,210,SEARCH,2025-02-23 16:58:17
1313,193,FAVORITE,2025-02-26 17:39:52
1313,213,ADD_TO_CART,2025-03-18 20:27:36
1313,213,VIEW,2025-03-19 14:17:19
1313,208,VIEW,2025-03-22 02:59:17
1313,194,SEARCH,2025-03-22 11:30:38
1313,184,VIEW,2025-03-29 20:48:14
1313,194,VIEW,2025-04-07 19:11:32
1313,209,VIEW,2025-04-10 16:41:11
1313,212,ADD_TO_CART,2025-04-15 20:22:45
1313,200,VIEW,2025-05-11 04:27:05
1313,194,VIEW,2025-05-29 17:37:14
1313,213,SEARCH,2025-06-03 02:47:39
1313,189,VIEW,2025-06-17 23:29:17
1313,194,VIEW,2025-07-01 01:01:11
1313,207,VIEW,2025-07-17 09:04:36
1313,194,VIEW,2025-07-23 05:36:37
1313,203,ADD_TO_CART,2025-08-12 23:41:41
1313,199,VIEW,2025-08-20 01:19:55
1313,194,ADD_TO_CART,2025-08-22 15:53:52
1313,214,VIEW,2025-08-30 20:32:24
1313,201,VIEW,2025-09-19 04:18:14
1313,188,VIEW,2025-09-28 00:39:44
1313,184,VIEW,2025-10-11 08:55:04
1313,201,SEARCH,2025-10-19 14:21:18
1313,213,VIEW,2025-11-04 09:39:43
1313,218,ADD_TO_CART,2025-11-17 01:17:10
1313,187,FAVORITE,2025-12-07 06:44:13
1313,213,ADD_TO_CART,2026-01-11 01:36:06
1313,215,VIEW,2026-01-12 04:20:56
1313,193,VIEW,2026-01-19 23:45:23
1313,210,FAVORITE,2026-02-04 05:49:07
1313,213,VIEW,2026-02-06 14:57:34
1313,203,SEARCH,2026-02-21 19:42:58
1313,194,VIEW,2026-03-03 23:40:59
1313,188,VIEW,2026-03-20 14:21:30
1313,193,VIEW,2026-03-26 22:13:52
1313,209,VIEW,2026-04-10 14:25:00
1314,207,VIEW,2025-05-05 11:00:08
1314,207,SEARCH,2025-06-20 20:40:40
1314,206,VIEW,2025-07-12 16:45:06
1314,205,SEARCH,2025-09-06 02:34:58
1314,211,VIEW,2025-10-14 02:36:45
1314,212,VIEW,2025-11-04 09:44:00
1315,213,VIEW,2026-01-06 16:29:51
1315,198,VIEW,2026-01-07 13:57:13
1315,184,SHARE,2026-01-10 12:25:55
1315,199,VIEW,2026-01-12 08:59:53
1315,198,SEARCH,2026-01-26 01:36:08
1315,213,SEARCH,2026-01-31 10:47:40
1315,218,SEARCH,2026-02-10 02:25:14
1315,210,VIEW,2026-02-21 04:30:43
1315,197,VIEW,2026-02-26 21:41:27
1315,199,SEARCH,2026-02-28 20:27:04
1315,181,SHARE,2026-03-01 19:00:32
1315,180,VIEW,2026-03-04 01:36:53
1315,180,ADD_TO_CART,2026-03-05 04:44:37
1315,199,VIEW,2026-03-06 14:39:22
1315,197,VIEW,2026-03-08 13:02:58
1315,207,ADD_TO_CART,2026-03-09 13:40:54
1315,186,VIEW,2026-03-09 19:27:27
1315,198,FAVORITE,2026-03-11 05:27:05
1315,182,VIEW,2026-03-12 17:34:34
1315,181,VIEW,2026-03-23 23:51:43
1315,198,SEARCH,2026-03-25 05:49:41
1315,199,VIEW,2026-03-26 10:22:47
1315,194,FAVORITE,2026-03-31 11:28:35
1315,181,VIEW,2026-04-03 16:16:11
1315,212,SEARCH,2026-04-05 20:25:35
1315,180,VIEW,2026-04-10 18:46:01
1315,197,VIEW,2026-04-17 22:30:23
1315,192,SEARCH,2026-04-20 00:59:58
1315,197,ADD_TO_CART,2026-04-20 01:44:58
1315,197,VIEW,2026-05-03 17:29:42
1315,182,SEARCH,2026-05-13 03:37:45
1315,190,SEARCH,2026-05-24 01:02:47
1315,179,VIEW,2026-05-25 22:43:25
1315,186,VIEW,2026-05-26 06:16:46
1315,197,ADD_TO_CART,2026-06-03 15:36:25
1315,199,VIEW,2026-06-07 07:31:10
1315,181,VIEW,2026-06-08 09:49:00
1316,211,VIEW,2025-09-15 19:19:17
1316,190,VIEW,2025-09-19 17:13:25
1316,209,VIEW,2025-09-19 17:37:36
1316,212,SEARCH,2025-09-24 15:30:10
1316,211,VIEW,2025-09-28 17:14:20
1316,211,VIEW,2025-09-29 10:58:57
1316,211,ADD_TO_CART,2025-09-30 10:23:55
1316,184,VIEW,2025-10-01 04:11:30
1316,207,SEARCH,2025-10-02 23:28:46
1316,192,VIEW,2025-10-11 06:10:42
1316,210,VIEW,2025-10-22 04:28:41
1316,191,VIEW,2025-10-25 09:16:43
1316,197,VIEW,2025-10-25 12:38:42
1316,186,SEARCH,2025-11-11 22:52:02
1316,202,VIEW,2025-11-23 01:17:35
1316,189,VIEW,2025-11-24 00:14:04
1316,189,SHARE,2025-11-26 07:04:54
1316,180,VIEW,2025-12-03 16:28:43
1316,212,FAVORITE,2025-12-18 19:00:44
1316,183,SEARCH,2025-12-26 11:02:57
1316,210,VIEW,2025-12-28 10:28:11
1316,218,SEARCH,2026-01-04 00:28:38
1316,199,VIEW,2026-01-09 05:41:14
1316,197,VIEW,2026-01-31 04:12:52
1316,182,SEARCH,2026-02-06 06:03:18
1316,211,SEARCH,2026-02-15 23:17:24
1316,209,SEARCH,2026-02-16 20:17:35
1316,179,VIEW,2026-02-17 17:05:18
1316,182,VIEW,2026-02-25 12:23:22
1316,192,VIEW,2026-03-10 21:44:32
1316,198,VIEW,2026-03-13 03:15:15
1316,179,VIEW,2026-03-13 09:48:37
1316,199,VIEW,2026-03-26 06:04:58
1316,196,ADD_TO_CART,2026-03-26 22:56:19
1316,201,VIEW,2026-04-01 03:54:33
1316,195,VIEW,2026-04-09 23:28:53
1316,211,VIEW,2026-04-11 08:02:20
1316,192,VIEW,2026-04-12 20:25:16
1316,215,VIEW,2026-04-15 15:41:23
1316,193,SEARCH,2026-04-15 19:39:20
1316,211,VIEW,2026-04-16 19:10:49
1316,181,SEARCH,2026-04-19 04:04:20
1316,192,SEARCH,2026-04-24 02:25:03
1316,192,VIEW,2026-04-28 01:34:11
1316,211,VIEW,2026-05-05 20:55:29
1316,203,VIEW,2026-05-08 06:52:05
1316,199,SEARCH,2026-05-21 09:07:04
1316,192,FAVORITE,2026-05-22 07:42:31
1316,211,VIEW,2026-05-29 12:36:53
1316,182,ADD_TO_CART,2026-05-31 06:52:28
1316,186,VIEW,2026-06-01 02:07:20
1316,180,ADD_TO_CART,2026-06-02 09:44:09
1316,192,SEARCH,2026-06-04 16:23:55
1316,208,VIEW,2026-06-05 09:01:35
1316,209,FAVORITE,2026-06-07 00:05:21
1316,189,VIEW,2026-06-07 15:35:34
1316,211,VIEW,2026-06-09 05:56:18
1316,206,ADD_TO_CART,2026-06-11 00:52:41
1316,192,VIEW,2026-06-21 07:55:45
1316,192,SEARCH,2026-06-25 13:28:37
1316,179,VIEW,2026-06-25 20:20:42
1316,211,FAVORITE,2026-06-27 13:37:39
1316,192,VIEW,2026-06-28 22:42:01
1316,209,VIEW,2026-06-29 03:16:20
1316,212,ADD_TO_CART,2026-07-06 21:56:01
1316,199,VIEW,2026-07-09 22:56:55
1316,212,VIEW,2026-07-12 20:00:45
1316,212,VIEW,2026-07-12 22:44:07
1316,208,SEARCH,2026-07-17 17:30:12
1316,192,SHARE,2026-07-19 02:34:36
1316,211,VIEW,2026-07-21 22:12:13
1316,212,VIEW,2026-07-22 08:17:57
1316,213,VIEW,2026-07-22 18:18:00
1317,203,VIEW,2025-07-21 01:50:50
1317,202,SEARCH,2025-07-25 06:02:16
1317,202,VIEW,2025-08-19 04:09:47
1317,202,VIEW,2025-08-27 12:31:22
1317,182,VIEW,2025-08-29 00:26:43
1317,194,SHARE,2025-08-29 01:51:27
1317,180,SEARCH,2025-08-29 04:40:33
1317,183,VIEW,2025-09-03 10:47:36
1317,201,VIEW,2025-09-08 00:19:49
1317,202,ADD_TO_CART,2025-09-08 03:15:43
1317,184,VIEW,2025-09-08 12:05:30
1317,184,VIEW,2025-09-11 17:33:51
1317,202,ADD_TO_CART,2025-09-12 04:27:40
1317,205,ADD_TO_CART,2025-09-19 15:09:00
1317,183,SEARCH,2025-09-20 13:17:15
1317,202,SEARCH,2025-09-29 15:36:09
1317,195,SEARCH,2025-10-08 04:34:29
1317,187,VIEW,2025-10-20 05:59:53
1317,180,VIEW,2025-10-21 07:57:08
1317,201,VIEW,2025-10-21 22:27:00
1317,209,VIEW,2025-10-25 08:46:09
1317,181,VIEW,2025-10-29 06:25:48
1317,180,VIEW,2025-11-05 08:36:44
1317,180,SEARCH,2025-11-05 13:34:04
1317,202,VIEW,2025-11-09 09:04:56
1317,183,VIEW,2025-11-13 20:10:19
1317,200,VIEW,2025-11-17 07:14:14
1317,191,SEARCH,2025-11-26 00:50:10
1317,187,VIEW,2025-12-02 17:45:14
1317,184,VIEW,2025-12-05 17:36:28
1317,183,VIEW,2025-12-12 16:33:30
1317,196,SEARCH,2025-12-13 03:39:44
1317,210,VIEW,2025-12-16 13:29:49
1317,202,VIEW,2025-12-18 00:41:53
1317,202,SEARCH,2025-12-25 01:02:57
1317,183,VIEW,2025-12-25 20:02:06
1317,179,SEARCH,2025-12-25 23:25:40
1317,202,SEARCH,2025-12-29 09:43:42
1317,200,VIEW,2025-12-31 01:48:37
1317,210,VIEW,2026-01-03 10:14:46
1317,202,SEARCH,2026-01-05 02:28:26
1317,184,ADD_TO_CART,2026-01-08 05:46:44
1317,184,VIEW,2026-01-10 02:00:37
1317,184,VIEW,2026-01-13 18:39:09
1317,197,VIEW,2026-01-14 11:32:55
1317,203,FAVORITE,2026-01-19 04:46:31
1317,207,VIEW,2026-01-19 11:26:39
1317,201,VIEW,2026-01-22 23:30:13
1317,181,VIEW,2026-02-10 01:53:31
1317,199,ADD_TO_CART,2026-02-10 05:50:43
1317,183,ADD_TO_CART,2026-02-10 12:35:55
1317,183,VIEW,2026-02-13 05:33:57
1317,184,SEARCH,2026-02-23 07:50:44
1317,183,VIEW,2026-02-24 00:26:51
1317,213,VIEW,2026-03-01 06:02:18
1317,202,VIEW,2026-03-02 06:25:10
1317,210,VIEW,2026-03-04 10:41:49
1317,200,SEARCH,2026-03-09 10:27:24
1317,182,VIEW,2026-03-20 22:46:56
1317,201,ADD_TO_CART,2026-03-26 03:22:39
1317,184,SEARCH,2026-04-02 22:30:00
1317,200,VIEW,2026-04-03 16:31:27
1317,183,SEARCH,2026-04-05 07:53:55
1317,205,ADD_TO_CART,2026-04-13 04:47:46
1317,184,SHARE,2026-04-18 20:05:29
1317,209,SEARCH,2026-04-22 10:30:42
1317,201,VIEW,2026-04-25 15:40:00
1317,207,VIEW,2026-04-27 21:02:29
1317,188,VIEW,2026-04-29 01:23:30
1317,196,SHARE,2026-04-29 16:06:24
1317,199,VIEW,2026-05-09 04:42:03
1317,184,SEARCH,2026-05-10 04:35:01
1317,203,VIEW,2026-05-11 01:16:30
1317,184,VIEW,2026-05-14 00:20:42
1317,200,SEARCH,2026-05-15 15:10:32
1317,202,VIEW,2026-05-16 17:42:08
1317,203,ADD_TO_CART,2026-05-18 01:15:48
1317,216,VIEW,2026-05-20 16:22:00
1318,190,FAVORITE,2026-05-07 00:07:52
1318,190,VIEW,2026-05-10 03:20:16
1318,190,VIEW,2026-05-11 03:51:34
1318,190,SEARCH,2026-05-14 07:22:32
1318,210,VIEW,2026-05-14 13:02:46
1318,190,VIEW,2026-05-15 13:27:13
1318,202,ADD_TO_CART,2026-05-15 15:31:56
1318,205,VIEW,2026-05-17 11:52:22
1318,212,VIEW,2026-05-18 22:51:34
1318,189,VIEW,2026-05-19 08:25:09
1318,210,ADD_TO_CART,2026-05-21 08:56:33
1318,210,ADD_TO_CART,2026-05-23 06:32:00
1318,189,VIEW,2026-05-25 01:28:14
1318,189,VIEW,2026-05-25 06:54:56
1318,209,VIEW,2026-05-25 14:05:48
1318,209,VIEW,2026-05-25 16:11:28
1318,202,SEARCH,2026-05-28 05:52:23
1318,192,VIEW,2026-06-01 02:12:41
1318,203,VIEW,2026-06-01 07:58:09
1318,209,VIEW,2026-06-01 14:45:36
1318,212,VIEW,2026-06-01 22:08:02
1318,214,SEARCH,2026-06-02 03:26:37
1318,211,VIEW,2026-06-02 07:36:50
1318,210,SEARCH,2026-06-02 10:13:55
1318,195,VIEW,2026-06-03 08:14:37
1318,192,ADD_TO_CART,2026-06-04 11:42:19
1318,190,FAVORITE,2026-06-04 11:45:36
1318,191,VIEW,2026-06-05 08:44:38
1318,209,VIEW,2026-06-05 11:23:09
1318,191,ADD_TO_CART,2026-06-05 11:52:11
1318,201,SEARCH,2026-06-05 17:50:10
1318,195,SEARCH,2026-06-07 05:48:42
1318,190,SEARCH,2026-06-07 17:57:18
1318,209,SEARCH,2026-06-10 05:39:02
1318,209,VIEW,2026-06-10 06:08:56
1318,189,VIEW,2026-06-12 01:57:45
1318,202,ADD_TO_CART,2026-06-12 02:38:26
1318,210,VIEW,2026-06-12 16:13:20
1318,210,VIEW,2026-06-13 14:17:38
1318,209,ADD_TO_CART,2026-06-14 08:45:05
1318,192,VIEW,2026-06-14 12:11:42
1318,210,SEARCH,2026-06-14 23:21:43
1318,212,VIEW,2026-06-18 05:42:09
1318,192,VIEW,2026-06-18 06:47:22
1318,210,VIEW,2026-06-18 14:12:39
1318,190,VIEW,2026-06-18 23:24:00
1318,210,SEARCH,2026-06-20 03:06:26
1318,209,ADD_TO_CART,2026-06-20 17:31:24
1318,208,VIEW,2026-06-20 19:16:09
1318,209,ADD_TO_CART,2026-06-22 04:51:16
1318,193,VIEW,2026-06-22 15:22:46
1318,218,VIEW,2026-06-25 11:08:28
1318,209,VIEW,2026-06-25 18:50:24
1318,209,SEARCH,2026-06-26 00:23:03
1318,210,VIEW,2026-06-27 07:51:59
1318,189,VIEW,2026-06-27 16:48:05
1318,199,VIEW,2026-06-29 11:02:44
1318,190,SEARCH,2026-06-30 04:21:08
1318,190,ADD_TO_CART,2026-06-30 16:13:00
1319,186,SEARCH,2024-03-12 05:05:32
1319,185,VIEW,2024-05-04 03:07:15
1319,203,VIEW,2024-05-12 17:39:37
1319,193,SEARCH,2024-05-17 05:01:32
1319,180,FAVORITE,2024-06-15 13:54:29
1319,204,VIEW,2024-07-11 18:37:43
1319,200,SEARCH,2024-08-15 18:06:42
1319,205,VIEW,2024-08-17 15:24:31
1319,187,SEARCH,2024-08-24 17:44:40
1319,186,SHARE,2024-08-29 11:54:40
1319,181,VIEW,2024-09-02 19:30:09
1319,203,VIEW,2024-09-12 04:24:34
1319,187,SEARCH,2024-09-13 04:52:35
1319,185,VIEW,2024-09-28 20:09:32
1319,186,SEARCH,2024-10-11 03:43:27
1319,210,SEARCH,2024-10-19 10:11:36
1319,216,VIEW,2024-10-19 14:14:48
1319,193,VIEW,2024-10-21 00:18:55
1319,201,VIEW,2024-11-16 15:43:28
1319,203,VIEW,2024-11-30 21:24:43
1319,187,VIEW,2024-12-05 13:09:40
1319,187,VIEW,2024-12-06 09:25:27
1319,213,SEARCH,2024-12-19 05:07:21
1319,203,ADD_TO_CART,2025-01-05 01:10:45
1319,185,VIEW,2025-01-12 08:13:34
1319,187,VIEW,2025-01-17 14:08:53
1319,186,VIEW,2025-01-21 00:58:12
1319,195,VIEW,2025-02-03 01:29:03
1319,203,VIEW,2025-02-07 14:13:42
1319,210,VIEW,2025-02-12 09:21:25
1319,188,VIEW,2025-02-21 07:56:21
1319,215,SHARE,2025-02-27 09:56:58
1319,192,SEARCH,2025-03-02 22:12:10
1319,191,VIEW,2025-03-03 23:02:13
1319,205,VIEW,2025-03-09 05:08:02
1319,184,VIEW,2025-03-22 02:24:32
1319,204,VIEW,2025-03-29 04:18:04
1319,194,VIEW,2025-04-05 19:55:30
1319,199,SHARE,2025-04-28 10:55:44
1319,186,VIEW,2025-05-22 06:41:14
1319,217,VIEW,2025-06-04 00:16:20
1319,214,VIEW,2025-06-09 02:44:33
1319,185,SEARCH,2025-06-12 08:24:49
1319,187,SEARCH,2025-06-17 00:23:34
1319,188,ADD_TO_CART,2025-06-28 04:45:50
1319,185,SEARCH,2025-07-03 08:07:07
1319,205,FAVORITE,2025-07-04 05:58:37
1319,205,SEARCH,2025-07-10 00:54:34
1319,183,SEARCH,2025-08-03 12:56:29
1319,184,ADD_TO_CART,2025-08-06 02:36:38
1319,187,VIEW,2025-08-14 02:30:06
1319,194,SEARCH,2025-08-29 13:10:52
1319,188,SHARE,2025-09-01 16:19:25
1319,187,SEARCH,2025-09-04 08:35:41
1319,212,FAVORITE,2025-09-04 13:51:35
1319,207,VIEW,2025-09-10 07:01:37
1319,188,VIEW,2025-09-18 02:28:48
1319,213,VIEW,2025-10-03 07:12:00
1319,212,SEARCH,2025-10-05 07:09:08
1319,186,VIEW,2025-10-10 06:47:03
1319,188,VIEW,2025-10-25 08:23:51
1319,205,ADD_TO_CART,2025-10-29 01:56:53
1319,188,VIEW,2025-11-01 00:11:28
1319,185,SEARCH,2025-11-01 02:04:24
1319,192,ADD_TO_CART,2025-11-01 16:04:05
1319,184,VIEW,2025-12-10 12:27:51
1319,194,ADD_TO_CART,2025-12-26 08:41:53
1319,203,VIEW,2026-01-05 14:48:22
1319,184,VIEW,2026-01-07 19:30:12
1319,205,SEARCH,2026-01-09 12:49:28
1319,196,VIEW,2026-01-31 13:15:41
1319,188,VIEW,2026-02-09 12:42:34
1319,191,VIEW,2026-02-21 14:05:03
1319,207,VIEW,2026-04-01 17:40:18
1319,202,FAVORITE,2026-04-12 13:22:22
1319,201,VIEW,2026-04-27 10:19:10
1319,210,VIEW,2026-05-02 11:47:00
1320,218,SHARE,2026-03-14 12:52:10
1320,202,VIEW,2026-03-19 07:02:16
1320,184,VIEW,2026-03-23 08:37:53
1320,207,VIEW,2026-03-23 20:42:23
1320,195,VIEW,2026-03-27 07:59:09
1320,203,VIEW,2026-03-27 18:43:17
1320,183,SEARCH,2026-03-28 08:44:04
1320,200,SHARE,2026-03-29 21:17:07
1320,182,VIEW,2026-04-03 18:51:18
1320,183,VIEW,2026-04-04 08:42:05
1320,202,VIEW,2026-04-08 02:43:15
1320,184,VIEW,2026-04-08 10:10:21
1320,218,SEARCH,2026-04-09 01:11:45
1320,211,VIEW,2026-04-10 14:03:50
1320,200,VIEW,2026-04-11 14:11:28
1320,217,VIEW,2026-04-12 01:07:02
1320,201,VIEW,2026-04-13 02:24:18
1320,187,SEARCH,2026-04-14 08:30:32
1320,212,SEARCH,2026-04-18 22:31:55
1320,211,VIEW,2026-04-23 04:12:45
1320,183,VIEW,2026-04-23 19:38:57
1320,202,VIEW,2026-04-25 16:06:00
1320,184,VIEW,2026-04-25 23:13:03
1320,187,ADD_TO_CART,2026-04-28 00:07:23
1320,204,VIEW,2026-04-28 22:48:09
1320,193,VIEW,2026-05-01 21:40:35
1320,193,VIEW,2026-05-03 03:12:02
1320,184,VIEW,2026-05-04 02:54:47
1320,202,SEARCH,2026-05-05 02:43:16
1320,202,VIEW,2026-05-05 20:38:04
1320,183,VIEW,2026-05-06 12:00:37
1320,190,VIEW,2026-05-06 16:48:10
1320,182,SEARCH,2026-05-07 05:32:11
1320,200,ADD_TO_CART,2026-05-08 09:00:02
1320,218,VIEW,2026-05-12 04:14:51
1320,183,SEARCH,2026-05-14 14:00:38
1320,202,SEARCH,2026-05-14 16:30:07
1320,203,VIEW,2026-05-15 16:28:51
1320,202,VIEW,2026-05-18 00:35:44
1320,196,SHARE,2026-05-18 10:53:33
1320,218,VIEW,2026-05-19 14:21:44
1320,184,SEARCH,2026-05-27 05:11:36
1320,187,SEARCH,2026-05-29 11:39:09
1320,213,VIEW,2026-05-30 01:13:12
1320,184,VIEW,2026-05-31 13:44:49
1320,207,ADD_TO_CART,2026-05-31 14:01:08
1320,201,VIEW,2026-06-03 16:11:57
1320,201,SHARE,2026-06-04 17:13:48
1320,182,FAVORITE,2026-06-05 00:28:52
1320,195,VIEW,2026-06-06 13:02:09
1320,201,ADD_TO_CART,2026-06-07 04:25:13
1320,215,SEARCH,2026-06-08 21:48:49
1320,203,VIEW,2026-06-12 15:44:40
1320,181,VIEW,2026-06-17 09:57:05
1320,202,VIEW,2026-06-18 20:55:54
1320,201,VIEW,2026-06-22 00:19:30
1320,183,VIEW,2026-06-23 22:50:30
1320,192,ADD_TO_CART,2026-06-24 07:58:07
1320,183,VIEW,2026-06-25 09:23:06
1320,208,VIEW,2026-06-26 14:59:18
1320,190,FAVORITE,2026-06-26 19:36:08
1320,204,VIEW,2026-06-27 06:09:50
1320,218,VIEW,2026-06-28 20:46:05
1320,200,VIEW,2026-06-29 16:20:07
1320,196,SEARCH,2026-06-29 17:08:51
1320,209,VIEW,2026-07-05 02:00:28
1320,183,SEARCH,2026-07-06 12:47:06
1320,184,SEARCH,2026-07-07 18:26:50
1320,201,VIEW,2026-07-08 06:49:08
1320,201,VIEW,2026-07-10 02:30:09
1320,209,VIEW,2026-07-12 00:39:15
1320,195,SHARE,2026-07-13 16:50:41
1320,207,VIEW,2026-07-18 11:54:00
1320,186,VIEW,2026-07-23 00:19:39
1320,213,VIEW,2026-07-23 08:39:41
1320,183,VIEW,2026-07-23 10:42:48
1320,183,VIEW,2026-07-24 11:22:00
1321,185,FAVORITE,2024-08-12 22:13:14
1321,203,SEARCH,2024-08-31 07:33:37
1321,218,SEARCH,2024-09-05 02:23:33
1321,198,VIEW,2024-09-19 11:03:04
1321,197,VIEW,2024-10-10 22:35:02
1321,199,ADD_TO_CART,2024-10-20 20:17:29
1321,204,SEARCH,2024-10-26 03:23:41
1321,189,VIEW,2024-10-30 07:16:53
1321,199,ADD_TO_CART,2024-11-17 15:22:57
1321,202,SEARCH,2024-12-16 08:52:12
1321,203,VIEW,2024-12-26 07:18:30
1321,188,VIEW,2024-12-26 20:10:24
1321,209,VIEW,2024-12-31 16:29:31
1321,180,VIEW,2025-01-01 01:20:29
1321,205,VIEW,2025-01-06 09:33:57
1321,191,VIEW,2025-01-14 18:43:07
1321,205,VIEW,2025-01-20 18:23:59
1321,203,VIEW,2025-01-25 03:38:13
1321,207,VIEW,2025-02-03 13:02:07
1321,190,FAVORITE,2025-02-14 02:40:46
1321,188,VIEW,2025-03-22 18:33:25
1321,181,VIEW,2025-04-04 22:29:00
1321,209,SEARCH,2025-04-08 03:02:17
1321,202,VIEW,2025-04-16 14:11:51
1321,186,SEARCH,2025-04-25 17:18:46
1321,205,FAVORITE,2025-04-27 14:44:37
1321,197,SEARCH,2025-05-30 18:40:10
1321,217,ADD_TO_CART,2025-06-04 01:57:57
1321,203,FAVORITE,2025-06-09 11:00:46
1321,197,VIEW,2025-06-29 00:58:01
1321,204,VIEW,2025-06-29 22:05:34
1321,203,VIEW,2025-07-07 10:47:57
1321,203,FAVORITE,2025-07-08 07:47:53
1321,187,SEARCH,2025-07-14 14:00:48
1321,186,VIEW,2025-07-18 14:08:05
1321,198,SEARCH,2025-07-20 11:24:35
1321,197,VIEW,2025-08-01 09:09:08
1321,187,SEARCH,2025-08-01 21:38:16
1321,196,VIEW,2025-08-06 00:30:28
1321,199,VIEW,2025-09-09 19:30:30
1321,198,VIEW,2025-10-14 11:12:02
1321,218,VIEW,2025-10-17 02:45:18
1321,179,SEARCH,2025-10-19 13:09:11
1321,201,VIEW,2025-10-20 05:38:26
1321,198,VIEW,2025-11-01 08:23:36
1321,209,VIEW,2025-11-16 17:42:16
1321,203,SEARCH,2025-11-21 15:02:29
1321,203,FAVORITE,2025-11-22 21:03:18
1321,192,VIEW,2025-11-28 23:05:03
1321,188,SEARCH,2025-12-09 13:44:53
1321,186,ADD_TO_CART,2026-01-01 12:44:13
1321,188,VIEW,2026-01-14 12:25:51
1321,205,FAVORITE,2026-02-28 16:42:19
1321,186,SEARCH,2026-03-07 15:29:55
1321,205,VIEW,2026-03-08 14:22:53
1321,204,VIEW,2026-03-28 22:19:14
1321,181,VIEW,2026-04-09 16:16:00
1322,199,VIEW,2024-09-07 08:24:17
1322,188,VIEW,2024-09-20 15:47:01
1322,200,VIEW,2024-11-07 18:52:47
1322,185,ADD_TO_CART,2025-01-22 02:37:54
1322,210,VIEW,2025-03-19 22:12:34
1322,199,VIEW,2025-05-30 16:02:30
1322,210,VIEW,2025-06-02 23:32:52
1322,204,VIEW,2025-08-19 07:41:36
1322,205,ADD_TO_CART,2025-08-31 14:10:38
1322,185,FAVORITE,2025-09-25 19:07:39
1322,204,VIEW,2026-01-11 07:30:16
1322,188,FAVORITE,2026-05-20 17:39:00
1323,181,SEARCH,2025-07-14 16:51:14
1323,181,SEARCH,2025-07-27 01:34:13
1323,218,ADD_TO_CART,2025-08-10 15:13:05
1323,209,SEARCH,2025-08-12 04:12:17
1323,201,SEARCH,2025-08-22 04:58:17
1323,180,VIEW,2025-08-29 09:13:32
1323,208,VIEW,2025-09-05 07:39:04
1323,207,VIEW,2025-09-08 19:56:44
1323,208,SHARE,2025-09-11 09:57:59
1323,207,VIEW,2025-09-22 10:45:44
1323,206,SEARCH,2025-10-13 19:30:32
1323,207,VIEW,2025-10-27 15:25:12
1323,207,VIEW,2025-10-28 07:40:21
1323,206,VIEW,2025-10-28 20:32:07
1323,206,VIEW,2025-10-29 23:21:31
1323,207,VIEW,2025-12-10 04:23:00
1323,201,VIEW,2025-12-27 06:34:01
1323,215,ADD_TO_CART,2025-12-27 15:15:31
1323,180,VIEW,2026-01-06 14:09:32
1323,203,VIEW,2026-01-24 13:05:40
1323,198,VIEW,2026-02-06 04:44:05
1323,199,SEARCH,2026-02-07 09:13:34
1323,194,VIEW,2026-02-09 12:21:04
1323,203,SEARCH,2026-02-18 08:42:40
1323,198,VIEW,2026-02-27 21:25:47
1323,208,SEARCH,2026-02-28 06:04:07
1323,206,VIEW,2026-03-22 01:20:27
1323,207,VIEW,2026-04-15 19:00:43
1323,179,VIEW,2026-04-25 00:54:13
1323,203,VIEW,2026-05-29 21:15:29
1323,206,VIEW,2026-06-18 13:10:32
1323,207,VIEW,2026-07-03 10:22:00
1324,203,VIEW,2024-09-14 05:55:18
1324,205,VIEW,2024-09-18 12:48:49
1324,194,SEARCH,2024-09-19 00:22:07
1324,195,SEARCH,2024-10-15 00:55:02
1324,217,ADD_TO_CART,2024-10-15 19:00:13
1324,194,SEARCH,2024-10-21 07:55:47
1324,217,VIEW,2024-10-22 20:02:40
1324,216,ADD_TO_CART,2024-11-02 02:43:16
1324,215,VIEW,2024-11-07 12:01:25
1324,184,VIEW,2024-11-23 14:11:06
1324,216,FAVORITE,2024-11-25 00:59:49
1324,217,VIEW,2024-12-04 10:26:11
1324,190,VIEW,2025-01-05 19:53:30
1324,217,ADD_TO_CART,2025-01-21 15:29:49
1324,203,VIEW,2025-01-22 06:44:18
1324,195,VIEW,2025-01-22 12:37:20
1324,195,ADD_TO_CART,2025-02-14 10:03:04
1324,184,SEARCH,2025-03-22 06:32:57
1324,182,VIEW,2025-03-27 05:12:39
1324,212,FAVORITE,2025-03-29 05:18:20
1324,189,SEARCH,2025-03-30 11:34:07
1324,215,VIEW,2025-03-31 15:30:43
1324,196,VIEW,2025-04-13 07:48:12
1324,217,VIEW,2025-04-15 14:38:58
1324,196,VIEW,2025-04-16 00:29:54
1324,195,VIEW,2025-04-22 09:30:01
1324,218,VIEW,2025-05-05 15:46:16
1324,216,ADD_TO_CART,2025-05-11 09:22:13
1324,180,VIEW,2025-06-02 06:31:43
1324,209,VIEW,2025-06-12 14:58:31
1324,217,ADD_TO_CART,2025-06-18 16:02:40
1324,217,VIEW,2025-06-23 10:26:40
1324,203,VIEW,2025-06-25 19:52:05
1324,217,VIEW,2025-06-28 04:45:07
1324,194,VIEW,2025-07-04 11:58:28
1324,215,VIEW,2025-07-10 16:13:13
1324,215,SEARCH,2025-07-13 22:54:53
1324,217,VIEW,2025-07-23 02:37:03
1324,215,SEARCH,2025-07-24 01:35:53
1324,189,SEARCH,2025-07-27 14:41:34
1324,181,VIEW,2025-08-02 17:27:39
1324,203,VIEW,2025-08-22 17:41:42
1324,210,SEARCH,2025-09-03 07:52:46
1324,217,VIEW,2025-09-11 11:14:31
1324,217,VIEW,2025-09-22 12:43:04
1324,215,ADD_TO_CART,2025-09-25 07:20:53
1324,183,VIEW,2025-10-01 05:18:13
1324,212,VIEW,2025-10-01 11:36:55
1324,184,VIEW,2025-10-01 13:42:02
1324,216,VIEW,2025-10-06 18:54:00
1324,217,ADD_TO_CART,2025-10-08 06:53:52
1324,215,SEARCH,2025-10-11 18:07:01
1324,196,VIEW,2025-10-15 19:51:24
1324,195,VIEW,2025-10-17 02:49:04
1324,196,VIEW,2025-10-17 20:02:41
1324,212,SHARE,2025-10-18 18:57:01
1324,189,VIEW,2025-10-19 23:08:54
1324,217,VIEW,2025-10-25 11:58:14
1324,217,VIEW,2025-11-15 21:03:38
1324,215,VIEW,2025-11-27 00:56:32
1324,188,VIEW,2025-11-29 01:24:55
1324,195,VIEW,2025-12-16 09:53:18
1324,196,VIEW,2025-12-19 15:58:35
1324,186,VIEW,2026-01-08 04:35:43
1324,196,VIEW,2026-01-11 10:22:21
1324,196,VIEW,2026-01-13 17:41:46
1324,192,VIEW,2026-01-23 06:11:07
1324,184,VIEW,2026-02-05 13:11:34
1324,214,VIEW,2026-02-17 11:03:29
1324,217,VIEW,2026-03-10 17:57:28
1324,194,VIEW,2026-03-13 01:59:09
1324,217,VIEW,2026-03-15 13:13:51
1324,196,FAVORITE,2026-03-18 19:07:46
1324,195,SEARCH,2026-03-23 07:13:23
1324,218,VIEW,2026-03-29 02:51:23
1324,193,ADD_TO_CART,2026-04-08 19:47:33
1324,217,SEARCH,2026-04-28 23:25:44
1324,217,VIEW,2026-05-02 01:18:38
1324,217,VIEW,2026-05-02 10:47:56
1324,185,VIEW,2026-05-10 14:21:16
1324,190,VIEW,2026-05-24 17:28:26
1324,215,VIEW,2026-05-27 12:01:55
1324,182,VIEW,2026-06-04 18:45:25
1324,195,FAVORITE,2026-06-10 05:35:37
1324,216,VIEW,2026-06-19 17:37:00
1325,183,ADD_TO_CART,2024-09-24 18:46:51
1325,183,ADD_TO_CART,2025-01-12 06:55:55
1325,194,VIEW,2025-02-20 16:16:59
1325,189,VIEW,2025-03-12 05:40:58
1325,183,VIEW,2025-03-29 23:02:52
1325,201,VIEW,2025-04-20 07:18:05
1325,182,VIEW,2025-05-01 19:14:30
1325,202,VIEW,2025-05-10 02:17:37
1325,200,SEARCH,2025-06-30 07:32:49
1325,184,VIEW,2025-07-09 16:54:37
1325,182,VIEW,2025-07-10 05:45:24
1325,202,SEARCH,2025-07-14 11:25:33
1325,202,VIEW,2025-08-06 20:53:53
1325,202,ADD_TO_CART,2025-08-15 05:28:17
1325,182,VIEW,2025-08-20 06:01:25
1325,183,VIEW,2025-10-12 03:15:42
1325,201,SEARCH,2025-10-31 10:02:15
1325,208,VIEW,2025-12-13 07:47:28
1325,213,FAVORITE,2025-12-24 01:22:11
1325,183,ADD_TO_CART,2026-02-02 20:07:00
1325,182,ADD_TO_CART,2026-02-14 18:26:29
1325,217,VIEW,2026-02-17 13:51:37
1325,182,FAVORITE,2026-03-13 08:45:19
1325,204,VIEW,2026-03-17 05:46:56
1325,194,ADD_TO_CART,2026-03-28 05:27:29
1325,182,FAVORITE,2026-04-01 08:02:04
1325,182,VIEW,2026-04-03 13:39:53
1325,196,VIEW,2026-05-07 18:30:13
1325,200,VIEW,2026-05-18 06:04:58
1325,201,VIEW,2026-06-02 04:16:39
1325,211,SEARCH,2026-06-13 17:08:26
1325,200,VIEW,2026-07-01 20:34:58
1325,191,VIEW,2026-07-14 17:52:00
1326,209,VIEW,2024-07-21 10:18:57
1326,207,VIEW,2024-07-31 08:32:22
1326,185,ADD_TO_CART,2024-08-01 16:52:19
1326,186,SHARE,2024-08-19 02:11:35
1326,218,VIEW,2024-08-24 07:41:50
1326,182,ADD_TO_CART,2024-10-02 22:08:50
1326,210,VIEW,2024-10-05 07:03:47
1326,210,VIEW,2024-10-28 15:48:02
1326,190,VIEW,2024-10-30 05:56:41
1326,211,SHARE,2024-10-31 22:21:16
1326,209,SEARCH,2024-11-09 19:59:12
1326,189,VIEW,2024-12-08 17:18:15
1326,209,SEARCH,2024-12-12 10:41:42
1326,207,VIEW,2024-12-23 09:04:41
1326,190,VIEW,2025-01-09 13:37:13
1326,215,VIEW,2025-01-28 05:14:22
1326,191,SHARE,2025-02-01 18:45:08
1326,209,SEARCH,2025-02-17 16:10:43
1326,209,ADD_TO_CART,2025-03-18 16:55:27
1326,195,VIEW,2025-04-04 09:19:12
1326,200,VIEW,2025-04-07 10:34:21
1326,179,VIEW,2025-04-22 12:31:01
1326,191,SEARCH,2025-04-23 15:28:08
1326,215,VIEW,2025-05-10 15:30:27
1326,183,VIEW,2025-05-20 06:24:11
1326,189,VIEW,2025-05-26 03:30:46
1326,209,VIEW,2025-06-09 10:26:10
1326,217,SEARCH,2025-06-21 07:12:53
1326,194,VIEW,2025-06-21 11:40:48
1326,191,VIEW,2025-06-30 02:25:47
1326,207,VIEW,2025-06-30 18:37:56
1326,184,SEARCH,2025-07-24 07:12:00
1326,202,VIEW,2025-07-26 04:52:08
1326,216,SEARCH,2025-08-05 05:27:46
1326,191,VIEW,2025-08-28 05:08:16
1326,211,VIEW,2025-09-03 02:41:36
1326,217,VIEW,2025-09-03 15:55:08
1326,180,ADD_TO_CART,2025-09-05 06:41:20
1326,210,VIEW,2025-09-20 19:39:57
1326,187,VIEW,2025-09-25 14:55:13
1326,190,VIEW,2025-09-29 04:49:30
1326,209,ADD_TO_CART,2025-10-13 01:33:34
1326,209,VIEW,2025-11-06 06:36:00
1326,217,FAVORITE,2025-11-10 09:42:24
1326,201,VIEW,2025-11-30 06:07:40
1326,189,VIEW,2025-11-30 07:32:09
1326,200,FAVORITE,2025-12-04 03:41:35
1326,212,VIEW,2025-12-24 06:42:59
1326,209,SEARCH,2025-12-27 04:59:16
1326,209,SEARCH,2026-01-09 01:11:08
1326,210,VIEW,2026-01-22 02:51:20
1326,191,VIEW,2026-02-03 13:54:48
1326,191,VIEW,2026-02-19 23:28:58
1326,189,ADD_TO_CART,2026-03-12 22:20:59
1326,189,ADD_TO_CART,2026-03-14 22:00:22
1326,209,VIEW,2026-03-19 16:30:48
1326,190,VIEW,2026-03-24 15:43:44
1326,209,ADD_TO_CART,2026-04-15 13:19:10
1326,212,SEARCH,2026-05-21 12:55:02
1326,202,VIEW,2026-06-11 13:35:00
1327,186,VIEW,2026-01-01 04:50:59
1327,201,SEARCH,2026-01-08 16:43:53
1327,201,VIEW,2026-01-11 10:00:17
1327,216,VIEW,2026-01-11 21:20:47
1327,202,VIEW,2026-01-15 17:22:29
1327,184,VIEW,2026-01-20 15:53:23
1327,216,VIEW,2026-01-24 19:50:32
1327,208,SEARCH,2026-01-27 20:20:15
1327,202,VIEW,2026-01-29 23:03:55
1327,217,SEARCH,2026-02-04 01:51:08
1327,184,VIEW,2026-02-04 13:07:29
1327,183,VIEW,2026-02-05 05:30:40
1327,182,VIEW,2026-02-11 02:52:15
1327,199,SEARCH,2026-02-18 14:41:14
1327,195,VIEW,2026-02-19 08:06:30
1327,200,VIEW,2026-02-19 13:05:40
1327,193,VIEW,2026-02-19 23:32:11
1327,183,FAVORITE,2026-02-20 18:39:51
1327,183,ADD_TO_CART,2026-02-24 18:05:02
1327,203,ADD_TO_CART,2026-03-05 21:44:11
1327,202,SEARCH,2026-03-12 16:01:04
1327,217,ADD_TO_CART,2026-03-14 08:39:03
1327,181,VIEW,2026-03-16 08:29:13
1327,204,SEARCH,2026-03-18 18:28:49
1327,180,VIEW,2026-03-19 00:34:35
1327,182,VIEW,2026-03-22 06:35:00
1327,202,SEARCH,2026-03-22 11:22:57
1327,201,VIEW,2026-03-23 02:35:36
1327,194,VIEW,2026-03-26 11:24:25
1327,202,ADD_TO_CART,2026-03-29 03:21:45
1327,184,ADD_TO_CART,2026-04-04 05:02:43
1327,184,VIEW,2026-04-05 16:11:45
1327,218,ADD_TO_CART,2026-04-07 18:58:09
1327,201,VIEW,2026-04-08 08:59:20
1327,201,FAVORITE,2026-04-09 02:03:37
1327,200,VIEW,2026-04-25 23:04:30
1327,210,VIEW,2026-05-01 12:08:04
1327,191,FAVORITE,2026-05-03 05:02:40
1327,182,SEARCH,2026-05-09 14:51:15
1327,200,VIEW,2026-05-10 09:24:05
1327,183,FAVORITE,2026-05-11 09:01:52
1327,195,ADD_TO_CART,2026-05-13 01:22:20
1327,215,VIEW,2026-05-17 09:09:40
1327,216,SEARCH,2026-05-24 14:52:58
1327,202,VIEW,2026-05-29 13:12:11
1327,215,VIEW,2026-06-02 00:16:24
1327,184,FAVORITE,2026-06-05 14:57:54
1327,201,VIEW,2026-06-07 16:53:00
1328,203,ADD_TO_CART,2024-12-07 01:59:27
1328,217,VIEW,2024-12-12 00:10:59
1328,207,VIEW,2024-12-15 11:10:15
1328,186,SEARCH,2025-01-06 01:52:54
1328,196,VIEW,2025-01-08 06:11:08
1328,199,VIEW,2025-01-28 07:07:52
1328,207,VIEW,2025-02-25 13:02:53
1328,207,VIEW,2025-03-06 18:04:21
1328,186,ADD_TO_CART,2025-04-08 04:48:54
1328,198,VIEW,2025-05-04 13:06:45
1328,207,VIEW,2025-05-12 23:56:41
1328,207,VIEW,2025-05-20 16:02:33
1328,187,VIEW,2025-05-21 01:53:27
1328,208,VIEW,2025-06-09 22:16:42
1328,203,VIEW,2025-06-11 05:34:47
1328,186,VIEW,2025-06-11 06:00:44
1328,209,SHARE,2025-06-17 03:43:33
1328,196,VIEW,2025-06-19 20:08:30
1328,213,SEARCH,2025-06-21 15:41:51
1328,207,VIEW,2025-07-26 07:02:06
1328,207,VIEW,2025-07-27 03:02:10
1328,205,VIEW,2025-07-27 17:54:59
1328,199,VIEW,2025-08-09 11:56:52
1328,207,VIEW,2025-08-19 02:28:37
1328,179,VIEW,2025-09-02 19:35:57
1328,207,VIEW,2025-09-07 12:39:37
1328,216,VIEW,2025-09-13 05:54:01
1328,207,SEARCH,2025-09-13 20:41:45
1328,202,VIEW,2025-09-18 22:32:22
1328,208,VIEW,2025-09-19 22:04:52
1328,199,FAVORITE,2025-09-22 19:05:48
1328,207,VIEW,2025-10-07 06:58:19
1328,210,VIEW,2025-10-15 19:36:35
1328,206,VIEW,2025-10-16 11:43:48
1328,206,SEARCH,2025-10-27 07:54:57
1328,191,VIEW,2025-11-01 20:53:46
1328,189,ADD_TO_CART,2025-12-01 08:29:23
1328,192,VIEW,2025-12-02 19:35:52
1328,208,FAVORITE,2025-12-04 18:30:46
1328,187,SEARCH,2025-12-11 14:05:33
1328,186,ADD_TO_CART,2025-12-25 14:51:18
1328,218,VIEW,2026-01-04 12:44:06
1328,180,SEARCH,2026-01-04 14:44:59
1328,208,SEARCH,2026-01-06 09:20:53
1328,195,VIEW,2026-01-10 14:47:42
1328,209,VIEW,2026-01-18 12:01:45
1328,182,SEARCH,2026-01-31 18:32:29
1328,188,VIEW,2026-02-04 18:25:22
1328,208,SEARCH,2026-02-13 14:52:05
1328,192,VIEW,2026-02-16 01:26:36
1328,208,FAVORITE,2026-03-01 22:49:32
1328,213,VIEW,2026-03-03 05:51:18
1328,184,VIEW,2026-03-19 00:40:03
1328,183,VIEW,2026-03-27 05:19:34
1328,206,ADD_TO_CART,2026-04-05 14:14:20
1328,194,VIEW,2026-04-06 15:31:36
1328,189,VIEW,2026-04-15 11:18:57
1328,207,VIEW,2026-05-11 03:52:27
1328,205,VIEW,2026-05-17 12:55:58
1328,195,VIEW,2026-05-21 01:49:57
1328,210,VIEW,2026-06-04 23:18:38
1328,210,VIEW,2026-06-06 14:40:12
1328,207,SEARCH,2026-06-17 15:10:24
1328,192,VIEW,2026-06-24 06:10:13
1328,188,VIEW,2026-07-15 10:08:00
1329,208,VIEW,2025-11-28 20:11:50
1329,182,VIEW,2025-12-18 03:48:06
1329,190,VIEW,2026-01-03 17:02:34
1329,218,SEARCH,2026-01-07 05:39:42
1329,202,VIEW,2026-01-23 06:03:10
1329,212,VIEW,2026-01-28 14:32:17
1329,211,VIEW,2026-02-07 12:38:13
1329,211,VIEW,2026-02-10 01:14:59
1329,198,VIEW,2026-02-12 08:41:28
1329,207,VIEW,2026-04-04 05:17:19
1329,197,VIEW,2026-04-13 19:04:48
1329,211,VIEW,2026-04-22 17:38:00
1330,195,VIEW,2025-05-20 14:36:28
1330,190,VIEW,2025-05-24 00:45:18
1330,217,SEARCH,2025-06-11 09:55:01
1330,216,VIEW,2025-06-19 04:28:31
1330,194,VIEW,2025-06-19 13:31:06
1330,195,VIEW,2025-06-19 23:14:53
1330,213,SEARCH,2025-06-21 04:34:54
1330,216,ADD_TO_CART,2025-07-12 19:02:54
1330,193,VIEW,2025-07-22 08:42:52
1330,202,SEARCH,2025-07-22 18:09:23
1330,193,VIEW,2025-07-26 07:36:59
1330,191,VIEW,2025-07-27 13:59:10
1330,184,SEARCH,2025-08-06 14:10:05
1330,196,VIEW,2025-08-09 03:45:11
1330,204,SEARCH,2025-08-11 20:13:16
1330,183,SEARCH,2025-08-17 15:02:55
1330,216,SEARCH,2025-08-20 05:08:31
1330,184,VIEW,2025-08-21 16:44:44
1330,215,SEARCH,2025-08-21 22:31:21
1330,196,SEARCH,2025-08-28 07:41:58
1330,189,VIEW,2025-08-30 00:41:47
1330,196,VIEW,2025-09-03 20:05:14
1330,189,VIEW,2025-09-04 07:13:54
1330,195,VIEW,2025-09-13 01:14:38
1330,184,VIEW,2025-09-13 08:17:29
1330,200,SEARCH,2025-09-24 06:54:01
1330,184,FAVORITE,2025-09-27 09:21:51
1330,217,VIEW,2025-09-29 08:11:37
1330,181,VIEW,2025-10-01 04:12:29
1330,213,FAVORITE,2025-10-13 03:27:40
1330,202,ADD_TO_CART,2025-10-14 06:35:37
1330,204,VIEW,2025-10-14 12:47:24
1330,195,ADD_TO_CART,2025-10-17 17:35:01
1330,183,SHARE,2025-10-17 19:41:34
1330,195,VIEW,2025-10-21 01:14:22
1330,187,ADD_TO_CART,2025-10-24 05:50:25
1330,183,VIEW,2025-10-25 17:54:08
1330,217,ADD_TO_CART,2025-10-27 14:01:05
1330,215,SEARCH,2025-11-01 08:00:33
1330,202,FAVORITE,2025-11-09 18:47:05
1330,216,VIEW,2025-11-12 12:19:54
1330,183,VIEW,2025-11-13 03:11:36
1330,192,ADD_TO_CART,2025-11-15 05:03:29
1330,200,VIEW,2025-11-23 17:29:16
1330,183,VIEW,2025-12-05 22:11:23
1330,201,VIEW,2025-12-09 20:51:12
1330,217,VIEW,2025-12-14 14:43:53
1330,216,SEARCH,2025-12-17 17:37:39
1330,203,SEARCH,2025-12-19 10:46:22
1330,195,VIEW,2025-12-29 06:13:53
1330,195,VIEW,2026-01-05 02:36:20
1330,215,SEARCH,2026-01-13 17:12:06
1330,217,SEARCH,2026-01-16 03:06:35
1330,201,VIEW,2026-01-17 02:51:28
1330,217,VIEW,2026-01-19 05:42:13
1330,195,VIEW,2026-01-27 15:45:28
1330,183,VIEW,2026-01-30 17:46:37
1330,195,VIEW,2026-02-07 14:36:33
1330,217,ADD_TO_CART,2026-02-08 20:13:18
1330,218,VIEW,2026-02-18 01:14:29
1330,215,VIEW,2026-02-19 08:52:01
1330,196,VIEW,2026-02-19 10:47:01
1330,199,VIEW,2026-02-24 22:50:50
1330,188,ADD_TO_CART,2026-02-25 02:06:52
1330,195,VIEW,2026-02-28 11:30:47
1330,215,ADD_TO_CART,2026-03-07 00:20:41
1330,217,ADD_TO_CART,2026-03-14 01:37:46
1330,188,SEARCH,2026-03-23 21:23:30
1330,208,VIEW,2026-03-24 07:31:25
1330,215,VIEW,2026-03-30 07:02:14
1330,190,SEARCH,2026-04-03 14:37:04
1330,195,SEARCH,2026-04-06 08:16:54
1330,217,VIEW,2026-04-10 22:40:20
1330,204,VIEW,2026-04-18 21:45:55
1330,217,VIEW,2026-04-19 14:01:15
1330,216,SEARCH,2026-04-25 03:09:51
1330,202,VIEW,2026-04-26 03:14:37
1330,211,VIEW,2026-05-02 22:56:20
1330,184,ADD_TO_CART,2026-05-19 15:40:49
1330,214,VIEW,2026-05-27 01:28:39
1330,180,VIEW,2026-05-29 04:20:45
1330,195,VIEW,2026-06-01 09:00:45
1330,190,ADD_TO_CART,2026-06-12 06:35:26
1330,216,VIEW,2026-06-13 06:57:41
1330,196,VIEW,2026-06-15 07:54:30
1330,210,VIEW,2026-06-19 09:01:48
1330,215,SEARCH,2026-06-19 23:02:13
1330,202,VIEW,2026-06-30 08:13:11
1330,218,VIEW,2026-07-12 09:15:36
1330,195,VIEW,2026-07-14 16:18:00
1331,186,ADD_TO_CART,2025-04-27 07:09:22
1331,195,VIEW,2025-04-29 13:05:47
1331,217,VIEW,2025-05-07 00:40:23
1331,189,SEARCH,2025-05-21 19:37:04
1331,215,VIEW,2025-05-24 18:47:20
1331,216,ADD_TO_CART,2025-06-05 22:20:29
1331,193,VIEW,2025-06-14 21:09:15
1331,217,FAVORITE,2025-06-19 09:30:17
1331,195,VIEW,2025-07-07 08:07:43
1331,216,VIEW,2025-07-14 22:37:50
1331,196,VIEW,2025-07-29 06:41:59
1331,217,FAVORITE,2025-07-30 04:09:25
1331,181,VIEW,2025-07-30 11:25:36
1331,181,VIEW,2025-08-05 08:30:20
1331,216,ADD_TO_CART,2025-08-07 01:12:59
1331,216,FAVORITE,2025-08-10 08:13:57
1331,216,VIEW,2025-08-16 03:15:27
1331,196,SEARCH,2025-08-20 14:39:02
1331,196,SEARCH,2025-08-21 01:36:32
1331,199,VIEW,2025-08-25 07:20:46
1331,217,VIEW,2025-10-05 12:35:02
1331,201,VIEW,2025-10-05 18:54:21
1331,209,VIEW,2025-10-09 18:33:18
1331,195,VIEW,2025-10-11 21:16:38
1331,218,ADD_TO_CART,2025-10-15 08:45:01
1331,217,VIEW,2025-10-15 11:18:19
1331,217,ADD_TO_CART,2025-10-25 04:31:32
1331,195,VIEW,2025-11-09 03:32:06
1331,195,VIEW,2025-11-15 17:25:03
1331,195,VIEW,2025-11-19 04:05:57
1331,217,SEARCH,2025-11-26 00:26:22
1331,181,VIEW,2025-11-28 12:26:26
1331,185,SEARCH,2025-12-02 15:53:06
1331,198,FAVORITE,2025-12-14 00:05:09
1331,215,SEARCH,2025-12-18 15:19:25
1331,196,VIEW,2025-12-29 06:15:49
1331,217,VIEW,2026-01-09 08:08:28
1331,209,VIEW,2026-01-09 21:34:33
1331,199,VIEW,2026-01-11 04:34:05
1331,216,FAVORITE,2026-01-11 07:28:48
1331,215,VIEW,2026-01-14 21:35:49
1331,181,VIEW,2026-01-19 19:41:56
1331,196,ADD_TO_CART,2026-01-22 16:50:33
1331,195,VIEW,2026-01-28 17:27:22
1331,180,VIEW,2026-02-03 14:16:05
1331,182,FAVORITE,2026-02-22 16:42:02
1331,195,VIEW,2026-02-23 19:08:33
1331,196,VIEW,2026-03-18 09:26:50
1331,180,ADD_TO_CART,2026-03-21 07:02:59
1331,218,VIEW,2026-03-30 20:24:06
1331,195,FAVORITE,2026-04-21 11:47:21
1331,196,SEARCH,2026-04-28 12:02:11
1331,195,VIEW,2026-04-28 18:40:00
1332,193,VIEW,2025-04-13 03:10:39
1332,203,VIEW,2025-04-19 15:29:55
1332,213,VIEW,2025-04-23 03:47:07
1332,179,FAVORITE,2025-05-06 14:00:01
1332,181,SHARE,2025-05-07 07:27:57
1332,198,SEARCH,2025-07-05 16:26:03
1332,194,VIEW,2025-07-15 04:46:56
1332,209,VIEW,2025-07-17 21:27:26
1332,199,VIEW,2025-08-16 04:15:18
1332,186,ADD_TO_CART,2025-08-21 00:02:37
1332,194,VIEW,2025-08-29 17:41:58
1332,193,VIEW,2025-09-12 11:20:19
1332,211,VIEW,2025-09-18 09:09:15
1332,187,VIEW,2025-10-25 03:10:19
1332,210,VIEW,2025-10-30 05:33:45
1332,194,VIEW,2025-11-11 12:25:30
1332,201,VIEW,2025-11-17 02:03:55
1332,193,ADD_TO_CART,2025-11-27 01:18:27
1332,194,VIEW,2025-12-06 16:09:51
1332,193,ADD_TO_CART,2025-12-09 10:56:20
1332,193,VIEW,2025-12-20 04:27:14
1332,213,VIEW,2026-01-07 23:48:32
1332,196,VIEW,2026-01-31 05:27:59
1332,183,SEARCH,2026-02-09 09:07:57
1332,190,VIEW,2026-02-11 15:43:16
1332,197,VIEW,2026-02-13 18:40:31
1332,214,VIEW,2026-03-01 12:47:45
1332,193,VIEW,2026-03-01 18:31:59
1332,189,VIEW,2026-03-13 15:10:05
1332,214,VIEW,2026-03-20 12:39:08
1332,194,VIEW,2026-04-02 15:55:40
1332,184,VIEW,2026-04-02 19:20:24
1332,194,SEARCH,2026-04-04 06:30:19
1332,194,VIEW,2026-04-04 12:26:05
1332,211,VIEW,2026-04-12 14:14:21
1332,213,VIEW,2026-04-12 19:28:38
1332,189,VIEW,2026-04-28 19:52:42
1332,214,VIEW,2026-05-01 03:54:21
1332,213,ADD_TO_CART,2026-05-05 09:08:49
1332,213,VIEW,2026-05-06 07:45:16
1332,197,VIEW,2026-05-16 05:17:09
1332,181,VIEW,2026-06-09 15:08:00
1333,212,SEARCH,2024-03-21 05:08:44
1333,192,SEARCH,2024-04-07 02:57:56
1333,205,VIEW,2024-05-31 11:28:51
1333,212,VIEW,2024-06-03 21:17:23
1333,183,VIEW,2024-06-22 17:11:48
1333,192,SEARCH,2024-06-28 14:54:13
1333,192,FAVORITE,2024-06-30 18:19:38
1333,214,VIEW,2024-09-10 22:08:51
1333,187,VIEW,2024-12-09 14:50:43
1333,214,VIEW,2024-12-12 11:54:58
1333,214,VIEW,2025-01-03 15:46:03
1333,191,FAVORITE,2025-01-08 10:58:20
1333,203,VIEW,2025-01-20 12:35:00
1333,211,ADD_TO_CART,2025-01-22 02:09:18
1333,213,ADD_TO_CART,2025-03-16 03:30:25
1333,192,SEARCH,2025-03-16 22:59:48
1333,192,ADD_TO_CART,2025-03-22 09:47:31
1333,192,FAVORITE,2025-07-27 00:23:09
1333,212,SEARCH,2025-07-30 02:27:23
1333,192,VIEW,2025-08-03 08:50:21
1333,201,VIEW,2025-09-02 13:52:26
1333,217,VIEW,2025-09-16 05:03:29
1333,179,VIEW,2025-10-25 14:25:11
1333,204,VIEW,2025-10-28 06:30:50
1333,192,SEARCH,2025-10-31 23:43:27
1333,192,ADD_TO_CART,2025-11-08 17:13:12
1333,203,VIEW,2025-11-12 04:30:58
1333,212,VIEW,2026-02-06 06:18:53
1333,211,VIEW,2026-03-08 17:04:58
1333,192,VIEW,2026-03-18 15:52:49
1333,198,VIEW,2026-04-02 04:53:04
1333,184,SHARE,2026-04-18 10:58:00
1334,208,VIEW,2025-09-07 17:11:03
1334,195,VIEW,2025-09-08 12:16:14
1334,207,VIEW,2025-09-17 09:43:39
1334,192,SEARCH,2025-09-19 07:03:10
1334,218,ADD_TO_CART,2025-09-21 18:08:01
1334,207,VIEW,2025-09-21 18:42:03
1334,218,SEARCH,2025-09-23 09:44:55
1334,183,VIEW,2025-09-23 11:14:34
1334,192,VIEW,2025-09-28 06:45:04
1334,211,SEARCH,2025-09-29 08:28:50
1334,212,VIEW,2025-09-29 18:00:58
1334,211,VIEW,2025-10-07 00:53:04
1334,207,VIEW,2025-10-09 12:39:48
1334,187,VIEW,2025-10-09 20:18:04
1334,202,ADD_TO_CART,2025-10-10 20:50:21
1334,207,SEARCH,2025-10-20 08:16:22
1334,203,VIEW,2025-11-01 11:42:44
1334,184,VIEW,2025-11-04 20:50:43
1334,207,VIEW,2025-11-07 15:09:48
1334,208,SEARCH,2025-11-10 09:39:38
1334,192,SEARCH,2025-11-15 02:39:31
1334,194,ADD_TO_CART,2025-11-16 23:03:45
1334,188,VIEW,2025-11-17 16:44:11
1334,193,VIEW,2025-11-20 12:03:36
1334,212,VIEW,2025-11-21 02:43:03
1334,211,VIEW,2025-11-21 12:43:19
1334,217,ADD_TO_CART,2025-11-27 01:36:05
1334,212,VIEW,2025-12-08 05:49:23
1334,192,ADD_TO_CART,2025-12-16 04:51:51
1334,201,VIEW,2025-12-21 11:17:39
1334,207,SEARCH,2025-12-26 16:20:50
1334,192,VIEW,2026-01-03 23:44:50
1334,192,VIEW,2026-01-09 14:10:58
1334,202,SHARE,2026-01-11 15:54:46
1334,184,VIEW,2026-01-11 21:52:00
1334,190,VIEW,2026-01-12 07:13:43
1334,186,VIEW,2026-01-14 01:21:53
1334,197,VIEW,2026-01-16 13:26:47
1334,192,SEARCH,2026-01-18 02:07:01
1334,212,ADD_TO_CART,2026-01-18 19:38:07
1334,212,VIEW,2026-01-24 14:19:12
1334,209,VIEW,2026-01-29 21:04:04
1334,213,VIEW,2026-01-30 02:51:00
1334,196,VIEW,2026-02-09 00:26:53
1334,194,VIEW,2026-02-09 10:38:10
1334,203,SHARE,2026-02-12 04:49:08
1334,212,VIEW,2026-02-15 13:11:20
1334,201,VIEW,2026-02-23 03:00:15
1334,211,VIEW,2026-02-26 11:19:39
1334,207,VIEW,2026-03-02 15:52:22
1334,202,VIEW,2026-03-05 13:57:06
1334,195,SEARCH,2026-03-07 08:39:26
1334,195,SEARCH,2026-03-14 09:15:23
1334,207,FAVORITE,2026-03-18 17:29:11
1334,193,VIEW,2026-03-21 10:03:48
1334,189,VIEW,2026-03-27 07:35:42
1334,192,VIEW,2026-04-04 16:38:34
1334,212,ADD_TO_CART,2026-04-17 02:24:35
1334,217,VIEW,2026-04-26 15:35:21
1334,206,SEARCH,2026-05-01 10:12:59
1334,212,VIEW,2026-05-04 19:37:29
1334,217,SEARCH,2026-05-05 03:43:02
1334,213,VIEW,2026-05-05 14:54:51
1334,206,ADD_TO_CART,2026-05-06 17:12:14
1334,205,VIEW,2026-05-11 16:00:56
1334,201,VIEW,2026-05-12 05:21:55
1334,192,VIEW,2026-05-12 10:23:52
1334,211,VIEW,2026-05-23 13:05:59
1334,211,VIEW,2026-05-30 23:19:23
1334,179,VIEW,2026-06-03 07:52:19
1334,192,VIEW,2026-06-05 13:50:26
1334,211,SEARCH,2026-06-06 23:45:37
1334,212,ADD_TO_CART,2026-06-07 15:43:00
1335,213,SEARCH,2024-10-19 17:23:36
1335,218,VIEW,2024-10-22 12:06:13
1335,218,FAVORITE,2024-11-10 06:25:18
1335,218,VIEW,2024-12-05 08:23:19
1335,185,VIEW,2025-01-09 13:18:53
1335,193,SEARCH,2025-01-22 09:22:51
1335,203,VIEW,2025-02-01 17:34:16
1335,203,VIEW,2025-02-09 13:23:15
1335,187,ADD_TO_CART,2025-03-10 11:26:02
1335,194,VIEW,2025-03-16 11:41:58
1335,187,VIEW,2025-04-19 12:39:25
1335,185,VIEW,2025-04-29 14:46:15
1335,208,VIEW,2025-05-11 22:22:38
1335,218,VIEW,2025-06-01 15:13:20
1335,218,ADD_TO_CART,2025-06-05 02:55:19
1335,187,VIEW,2025-06-22 11:24:08
1335,209,VIEW,2025-06-23 00:27:19
1335,207,VIEW,2025-06-24 00:05:40
1335,214,VIEW,2025-07-31 08:33:33
1335,201,VIEW,2025-08-01 11:05:28
1335,218,VIEW,2025-08-15 06:57:25
1335,211,VIEW,2025-09-20 08:39:39
1335,218,VIEW,2025-10-12 06:52:30
1335,202,SEARCH,2025-12-24 08:57:08
1335,216,VIEW,2025-12-30 21:36:59
1335,184,VIEW,2026-01-07 20:27:30
1335,209,VIEW,2026-01-10 06:08:44
1335,213,SEARCH,2026-02-22 20:46:53
1335,218,FAVORITE,2026-02-28 00:42:52
1335,195,VIEW,2026-03-16 01:17:40
1335,186,VIEW,2026-03-21 09:10:33
1335,218,VIEW,2026-04-13 15:54:54
1335,218,VIEW,2026-06-01 02:02:22
1335,183,SEARCH,2026-06-17 18:43:00
1336,203,VIEW,2025-07-19 11:58:41
1336,186,SEARCH,2025-07-29 09:07:29
1336,205,VIEW,2025-07-29 15:37:20
1336,189,ADD_TO_CART,2025-08-11 11:47:33
1336,204,VIEW,2025-08-16 03:55:58
1336,203,VIEW,2025-08-28 09:21:37
1336,186,VIEW,2025-09-16 15:42:39
1336,203,SEARCH,2025-09-20 22:19:41
1336,215,VIEW,2025-10-04 08:49:35
1336,202,ADD_TO_CART,2025-10-10 20:27:15
1336,188,SEARCH,2025-10-26 22:33:37
1336,185,VIEW,2025-10-27 14:02:33
1336,194,VIEW,2025-11-16 22:19:51
1336,204,VIEW,2025-11-17 21:47:45
1336,213,VIEW,2025-11-19 20:35:29
1336,187,VIEW,2025-11-30 03:44:04
1336,203,VIEW,2025-12-01 06:38:29
1336,203,VIEW,2025-12-11 23:42:45
1336,202,VIEW,2025-12-17 00:28:56
1336,182,VIEW,2026-01-02 20:57:53
1336,194,SEARCH,2026-01-11 08:26:09
1336,186,VIEW,2026-02-08 05:37:51
1336,213,VIEW,2026-02-09 07:40:58
1336,187,ADD_TO_CART,2026-02-13 03:03:58
1336,194,SEARCH,2026-02-13 03:23:42
1336,194,FAVORITE,2026-02-15 21:23:37
1336,188,VIEW,2026-03-19 04:20:13
1336,204,SEARCH,2026-04-03 20:12:14
1336,203,SHARE,2026-04-17 14:16:41
1336,185,VIEW,2026-04-21 12:50:08
1336,185,VIEW,2026-04-22 13:39:33
1336,205,ADD_TO_CART,2026-04-28 01:10:43
1336,214,VIEW,2026-04-29 11:50:40
1336,187,VIEW,2026-04-30 00:42:52
1336,204,VIEW,2026-05-18 16:17:57
1336,194,VIEW,2026-05-20 07:37:11
1336,186,VIEW,2026-05-23 13:00:46
1336,194,VIEW,2026-05-24 23:03:38
1336,195,VIEW,2026-06-13 13:43:00
1337,209,SEARCH,2024-12-01 09:09:41
1337,190,VIEW,2024-12-10 14:45:10
1337,210,FAVORITE,2025-01-02 10:29:42
1337,199,VIEW,2025-01-04 21:52:51
1337,204,VIEW,2025-01-27 01:11:22
1337,194,ADD_TO_CART,2025-01-28 14:22:42
1337,198,SHARE,2025-02-27 08:58:58
1337,201,VIEW,2025-02-27 15:51:24
1337,198,VIEW,2025-03-02 01:45:24
1337,179,SEARCH,2025-03-11 10:48:55
1337,181,VIEW,2025-03-20 03:40:01
1337,198,VIEW,2025-05-01 06:55:16
1337,196,ADD_TO_CART,2025-05-09 18:04:17
1337,181,VIEW,2025-05-15 16:25:19
1337,179,SHARE,2025-06-14 11:58:03
1337,180,SEARCH,2025-06-23 09:39:08
1337,218,VIEW,2025-06-24 11:47:22
1337,204,VIEW,2025-07-04 14:56:41
1337,197,ADD_TO_CART,2025-07-17 01:32:16
1337,203,VIEW,2025-07-18 08:02:13
1337,181,VIEW,2025-07-25 05:47:23
1337,180,SEARCH,2025-07-29 01:36:09
1337,196,SEARCH,2025-08-01 03:53:39
1337,209,VIEW,2025-08-03 15:18:15
1337,179,SEARCH,2025-08-10 23:41:21
1337,179,VIEW,2025-09-02 12:06:14
1337,218,VIEW,2025-09-11 23:46:01
1337,181,VIEW,2025-09-19 20:59:37
1337,199,VIEW,2025-09-29 21:22:51
1337,180,VIEW,2025-10-15 16:08:48
1337,196,SEARCH,2025-11-01 11:19:14
1337,198,SHARE,2025-11-10 01:19:50
1337,206,VIEW,2025-11-30 15:51:03
1337,179,SEARCH,2025-12-06 11:36:10
1337,181,SEARCH,2025-12-23 17:19:18
1337,180,VIEW,2026-01-06 01:10:06
1337,216,SEARCH,2026-01-06 06:50:47
1337,186,VIEW,2026-02-18 22:45:00
1337,209,SEARCH,2026-02-22 11:26:15
1337,203,VIEW,2026-02-27 11:49:05
1337,206,SEARCH,2026-03-04 13:58:26
1337,199,VIEW,2026-03-29 12:09:55
1337,216,VIEW,2026-04-30 10:35:06
1337,208,SHARE,2026-05-10 20:20:44
1337,181,ADD_TO_CART,2026-05-15 07:08:25
1337,197,SHARE,2026-05-22 23:17:47
1337,203,VIEW,2026-05-30 01:02:41
1337,218,VIEW,2026-06-11 11:44:00
1338,212,VIEW,2024-06-20 16:36:24
1338,198,VIEW,2024-08-21 18:02:27
1338,209,VIEW,2024-08-28 20:30:14
1338,197,SEARCH,2024-09-05 00:46:34
1338,199,VIEW,2024-09-28 16:43:43
1338,207,FAVORITE,2024-09-28 19:48:28
1338,187,ADD_TO_CART,2024-10-06 08:26:22
1338,209,VIEW,2024-10-18 21:41:30
1338,181,SEARCH,2024-10-19 21:22:14
1338,179,VIEW,2024-11-13 00:59:21
1338,180,VIEW,2024-11-24 16:23:55
1338,208,SEARCH,2024-11-28 21:18:50
1338,179,VIEW,2024-12-08 16:22:06
1338,183,VIEW,2024-12-28 12:19:21
1338,186,SEARCH,2025-02-10 15:36:51
1338,201,VIEW,2025-02-12 17:19:25
1338,199,VIEW,2025-02-13 23:46:45
1338,199,VIEW,2025-02-25 18:32:43
1338,199,VIEW,2025-03-07 19:18:15
1338,204,ADD_TO_CART,2025-03-23 15:20:04
1338,183,SEARCH,2025-03-26 01:53:24
1338,215,VIEW,2025-03-28 16:09:43
1338,194,VIEW,2025-04-03 11:24:04
1338,180,VIEW,2025-04-27 15:13:47
1338,198,VIEW,2025-05-03 13:31:33
1338,201,VIEW,2025-05-29 10:03:40
1338,198,VIEW,2025-06-02 03:09:22
1338,209,VIEW,2025-06-06 13:29:51
1338,197,VIEW,2025-07-10 12:03:51
1338,199,ADD_TO_CART,2025-07-19 18:07:41
1338,197,SEARCH,2025-07-27 13:43:12
1338,180,VIEW,2025-07-31 18:41:41
1338,180,SEARCH,2025-08-07 07:46:17
1338,211,VIEW,2025-10-11 11:07:30
1338,198,SEARCH,2025-10-12 09:01:54
1338,185,SEARCH,2025-10-16 20:01:35
1338,186,FAVORITE,2025-11-05 22:55:48
1338,181,SHARE,2025-11-15 13:10:03
1338,197,VIEW,2025-11-26 04:54:29
1338,218,VIEW,2025-11-29 13:14:36
1338,216,VIEW,2025-12-16 08:11:31
1338,185,VIEW,2026-01-08 10:27:08
1338,180,VIEW,2026-01-17 21:56:56
1338,203,ADD_TO_CART,2026-01-25 03:24:53
1338,210,VIEW,2026-02-13 10:54:41
1338,179,SHARE,2026-02-16 09:22:03
1338,205,VIEW,2026-03-01 23:30:59
1338,186,VIEW,2026-03-14 03:06:38
1338,199,SEARCH,2026-03-26 05:23:06
1338,198,VIEW,2026-04-04 15:27:23
1338,188,VIEW,2026-04-19 05:23:10
1338,180,VIEW,2026-05-09 02:10:52
1338,179,VIEW,2026-05-11 08:49:32
1338,180,ADD_TO_CART,2026-07-02 13:36:26
1338,179,VIEW,2026-07-08 11:53:41
1338,179,SHARE,2026-07-15 20:47:31
1338,203,VIEW,2026-07-19 06:10:57
1338,179,VIEW,2026-07-23 09:56:00
1339,183,VIEW,2025-02-23 17:14:36
1339,209,VIEW,2025-03-27 00:09:12
1339,211,VIEW,2025-03-31 13:11:44
1339,208,VIEW,2025-04-01 00:47:31
1339,202,VIEW,2025-05-23 21:35:54
1339,213,VIEW,2025-05-30 12:34:31
1339,196,ADD_TO_CART,2025-06-20 21:49:27
1339,209,SEARCH,2025-06-21 08:03:23
1339,180,VIEW,2025-07-03 16:28:39
1339,217,ADD_TO_CART,2025-07-04 11:40:33
1339,184,SEARCH,2025-07-10 06:55:52
1339,193,ADD_TO_CART,2025-07-14 07:32:25
1339,213,VIEW,2025-07-29 19:15:54
1339,202,VIEW,2025-07-29 21:36:44
1339,199,FAVORITE,2025-08-03 10:53:00
1339,202,VIEW,2025-08-24 08:36:19
1339,201,VIEW,2025-08-31 14:00:33
1339,184,VIEW,2025-09-02 19:47:47
1339,199,SEARCH,2025-09-11 04:28:11
1339,201,VIEW,2025-09-26 06:54:32
1339,195,VIEW,2025-10-02 20:46:40
1339,193,FAVORITE,2025-10-08 04:12:20
1339,179,FAVORITE,2025-10-21 00:08:01
1339,200,ADD_TO_CART,2025-10-26 01:49:08
1339,201,VIEW,2025-10-31 11:08:43
1339,205,VIEW,2025-11-15 10:20:25
1339,183,SEARCH,2025-11-25 17:38:28
1339,202,VIEW,2025-12-07 18:59:02
1339,202,VIEW,2025-12-24 08:23:43
1339,213,SEARCH,2025-12-25 03:24:29
1339,181,VIEW,2025-12-27 03:25:22
1339,211,FAVORITE,2026-01-08 05:55:05
1339,184,VIEW,2026-02-04 03:12:17
1339,213,VIEW,2026-02-09 13:37:01
1339,201,VIEW,2026-02-15 17:10:12
1339,189,VIEW,2026-03-30 14:46:45
1339,217,VIEW,2026-04-06 09:58:47
1339,208,ADD_TO_CART,2026-04-18 23:03:08
1339,183,VIEW,2026-04-26 21:36:16
1339,201,VIEW,2026-05-05 17:29:14
1339,213,VIEW,2026-05-06 07:22:58
1339,202,VIEW,2026-05-14 02:11:26
1339,213,ADD_TO_CART,2026-06-06 16:10:00
1340,181,FAVORITE,2025-05-26 10:54:58
1340,205,VIEW,2025-06-18 19:52:49
1340,180,SEARCH,2025-06-24 15:28:17
1340,215,SEARCH,2025-06-28 19:37:26
1340,205,ADD_TO_CART,2025-07-12 11:55:11
1340,217,FAVORITE,2025-07-14 14:44:34
1340,180,VIEW,2025-07-15 11:11:26
1340,204,ADD_TO_CART,2025-07-17 22:12:52
1340,195,SEARCH,2025-07-19 07:32:56
1340,205,SEARCH,2025-07-31 07:22:45
1340,188,VIEW,2025-07-31 20:41:07
1340,186,VIEW,2025-08-04 03:29:06
1340,179,VIEW,2025-08-08 21:24:49
1340,203,FAVORITE,2025-08-14 13:17:03
1340,204,FAVORITE,2025-08-20 00:50:42
1340,206,ADD_TO_CART,2025-08-25 17:03:02
1340,199,VIEW,2025-08-26 10:37:15
1340,187,VIEW,2025-08-28 18:06:20
1340,193,VIEW,2025-08-30 06:54:59
1340,199,VIEW,2025-09-04 23:30:40
1340,205,VIEW,2025-09-12 08:09:21
1340,210,VIEW,2025-09-19 13:17:42
1340,186,VIEW,2025-09-21 12:36:42
1340,195,VIEW,2025-09-24 04:48:07
1340,203,VIEW,2025-09-26 08:23:47
1340,181,VIEW,2025-09-27 15:05:53
1340,198,SEARCH,2025-10-01 23:03:11
1340,189,SHARE,2025-10-02 01:49:29
1340,191,SEARCH,2025-10-05 01:58:08
1340,183,VIEW,2025-10-06 22:10:47
1340,217,ADD_TO_CART,2025-10-14 16:45:22
1340,191,ADD_TO_CART,2025-10-28 08:15:08
1340,204,VIEW,2025-11-01 02:50:35
1340,212,VIEW,2025-11-11 05:02:55
1340,195,VIEW,2025-11-16 11:16:57
1340,190,VIEW,2025-11-24 18:21:18
1340,202,VIEW,2025-11-29 00:36:59
1340,187,ADD_TO_CART,2025-12-03 05:55:25
1340,186,VIEW,2025-12-04 08:19:42
1340,203,VIEW,2025-12-11 21:13:44
1340,204,VIEW,2025-12-29 12:55:08
1340,199,SEARCH,2025-12-30 08:00:11
1340,205,VIEW,2025-12-30 20:22:50
1340,202,VIEW,2026-01-07 14:02:36
1340,188,VIEW,2026-01-12 16:45:27
1340,180,FAVORITE,2026-01-27 11:51:21
1340,203,SEARCH,2026-01-30 19:50:17
1340,199,VIEW,2026-01-30 20:03:33
1340,213,VIEW,2026-01-31 04:53:53
1340,182,VIEW,2026-02-05 18:38:38
1340,186,VIEW,2026-02-07 12:00:10
1340,187,VIEW,2026-02-15 07:32:13
1340,203,VIEW,2026-02-25 11:34:54
1340,188,SEARCH,2026-02-26 03:56:42
1340,191,SEARCH,2026-03-04 10:29:46
1340,188,VIEW,2026-03-04 17:55:56
1340,198,VIEW,2026-03-08 14:09:13
1340,179,FAVORITE,2026-03-15 20:26:38
1340,180,VIEW,2026-03-16 00:40:10
1340,187,VIEW,2026-03-20 22:47:19
1340,181,SHARE,2026-03-24 04:11:10
1340,186,SEARCH,2026-03-27 21:42:37
1340,180,VIEW,2026-03-29 11:28:24
1340,183,VIEW,2026-03-29 19:42:45
1340,212,VIEW,2026-04-08 10:58:00
1340,203,VIEW,2026-04-15 10:28:52
1340,189,SEARCH,2026-04-30 11:06:42
1340,200,VIEW,2026-05-04 23:03:24
1340,179,ADD_TO_CART,2026-05-09 06:31:56
1340,210,VIEW,2026-05-15 12:21:46
1340,197,SEARCH,2026-05-15 22:14:31
1340,188,FAVORITE,2026-05-19 00:35:06
1340,198,SEARCH,2026-05-24 15:19:25
1340,187,SEARCH,2026-06-06 09:17:49
1340,179,VIEW,2026-06-16 18:42:00
1341,184,SEARCH,2025-12-13 18:29:10
1341,193,VIEW,2025-12-18 12:01:24
1341,187,ADD_TO_CART,2025-12-22 08:52:45
1341,194,VIEW,2025-12-25 09:33:19
1341,197,ADD_TO_CART,2026-01-11 21:26:21
1341,207,SEARCH,2026-02-04 09:41:04
1341,203,VIEW,2026-02-10 01:33:52
1341,218,SEARCH,2026-02-19 03:26:55
1341,186,SHARE,2026-02-20 02:19:10
1341,213,FAVORITE,2026-03-06 12:37:07
1341,207,VIEW,2026-03-11 12:19:01
1341,207,FAVORITE,2026-03-13 18:58:20
1341,198,VIEW,2026-03-16 08:22:13
1341,209,ADD_TO_CART,2026-03-16 20:24:21
1341,182,VIEW,2026-03-17 11:27:58
1341,196,VIEW,2026-03-17 20:43:30
1341,211,SEARCH,2026-03-29 04:41:40
1341,204,VIEW,2026-03-31 07:07:00
1341,209,VIEW,2026-04-03 13:07:00
1341,207,VIEW,2026-04-12 09:44:04
1341,208,SEARCH,2026-04-12 13:03:45
1341,218,VIEW,2026-04-20 22:05:32
1341,218,VIEW,2026-05-03 23:17:11
1341,184,VIEW,2026-05-11 07:39:32
1341,207,VIEW,2026-05-15 00:07:36
1341,218,VIEW,2026-05-15 04:29:39
1341,207,VIEW,2026-05-18 01:06:48
1341,203,VIEW,2026-05-19 21:31:36
1341,217,VIEW,2026-05-19 23:59:54
1341,193,VIEW,2026-05-21 11:12:03
1341,193,VIEW,2026-05-22 22:00:58
1341,218,ADD_TO_CART,2026-06-07 23:55:05
1341,206,VIEW,2026-06-15 15:48:00
1342,213,SHARE,2025-09-16 14:21:25
1342,189,VIEW,2025-09-20 19:15:30
1342,206,ADD_TO_CART,2025-10-22 14:36:43
1342,217,VIEW,2025-10-24 05:03:37
1342,209,SEARCH,2025-10-27 15:38:28
1342,211,ADD_TO_CART,2025-11-04 21:22:10
1342,216,VIEW,2025-11-23 03:02:07
1342,201,VIEW,2025-12-22 05:34:21
1342,217,VIEW,2026-01-13 03:03:33
1342,207,VIEW,2026-01-21 19:32:59
1342,196,VIEW,2026-01-24 01:08:34
1342,188,SHARE,2026-03-03 17:09:37
1342,217,SEARCH,2026-03-18 00:43:05
1342,217,SHARE,2026-03-19 04:20:03
1342,217,ADD_TO_CART,2026-03-19 18:21:41
1342,195,SEARCH,2026-03-30 15:18:06
1342,195,VIEW,2026-04-02 03:32:58
1342,217,ADD_TO_CART,2026-04-06 22:06:44
1342,208,VIEW,2026-04-09 15:10:18
1342,195,VIEW,2026-05-07 14:14:39
1342,195,VIEW,2026-05-14 23:02:21
1342,217,VIEW,2026-06-02 11:08:39
1342,188,VIEW,2026-06-02 23:41:40
1342,190,ADD_TO_CART,2026-06-10 19:34:19
1342,217,VIEW,2026-06-16 19:38:45
1342,195,ADD_TO_CART,2026-06-23 10:12:50
1342,180,VIEW,2026-07-05 00:50:56
1342,196,VIEW,2026-07-07 17:33:14
1342,196,VIEW,2026-07-14 11:55:04
1342,217,ADD_TO_CART,2026-07-23 10:11:55
1342,207,VIEW,2026-07-29 11:37:00
1343,182,VIEW,2025-01-02 03:10:16
1343,187,VIEW,2025-01-02 21:24:27
1343,205,SEARCH,2025-02-04 08:52:01
1343,188,SEARCH,2025-02-10 14:07:08
1343,204,SEARCH,2025-02-19 04:21:46
1343,203,VIEW,2025-03-23 18:27:27
1343,203,ADD_TO_CART,2025-04-29 22:37:51
1343,210,ADD_TO_CART,2025-04-30 14:21:07
1343,186,VIEW,2025-05-08 20:44:53
1343,183,VIEW,2025-05-14 11:04:03
1343,205,VIEW,2025-05-23 02:25:09
1343,205,ADD_TO_CART,2025-06-01 01:05:44
1343,211,SEARCH,2025-06-13 22:37:57
1343,218,VIEW,2025-06-15 03:42:06
1343,209,VIEW,2025-06-26 10:26:53
1343,187,VIEW,2025-07-15 01:29:10
1343,184,ADD_TO_CART,2025-08-09 18:05:25
1343,187,VIEW,2025-09-04 03:32:33
1343,185,FAVORITE,2025-09-06 16:54:49
1343,182,SEARCH,2025-09-14 08:52:15
1343,183,SEARCH,2025-10-02 04:25:30
1343,187,VIEW,2025-10-05 13:30:26
1343,185,SEARCH,2025-10-18 12:52:33
1343,185,VIEW,2025-10-28 18:54:55
1343,200,VIEW,2025-11-13 16:00:29
1343,203,VIEW,2025-11-15 16:19:03
1343,184,SEARCH,2025-11-17 02:00:32
1343,186,SEARCH,2025-11-19 13:39:46
1343,187,VIEW,2025-12-25 14:09:56
1343,186,FAVORITE,2025-12-30 02:32:50
1343,203,FAVORITE,2026-03-04 03:26:44
1343,187,SHARE,2026-03-12 11:09:37
1343,207,ADD_TO_CART,2026-04-16 10:11:24
1343,206,VIEW,2026-05-12 23:47:12
1343,201,VIEW,2026-06-06 11:58:00
1344,192,VIEW,2025-02-10 07:58:39
1344,208,SEARCH,2025-03-02 13:59:06
1344,207,ADD_TO_CART,2025-04-09 12:22:20
1344,208,VIEW,2025-04-09 16:34:34
1344,213,FAVORITE,2025-04-16 18:26:57
1344,195,VIEW,2025-05-28 05:50:10
1344,206,SEARCH,2025-06-26 14:36:58
1344,192,SEARCH,2025-07-13 22:56:08
1344,207,VIEW,2025-07-18 17:19:09
1344,206,VIEW,2025-07-31 13:37:09
1344,180,VIEW,2025-08-11 03:47:42
1344,206,VIEW,2025-09-12 21:00:30
1344,201,SEARCH,2025-09-14 08:27:57
1344,183,VIEW,2025-09-15 08:19:47
1344,186,VIEW,2025-09-25 15:38:52
1344,181,VIEW,2025-10-14 22:24:51
1344,208,VIEW,2025-10-28 00:31:09
1344,207,VIEW,2025-11-14 11:01:21
1344,210,VIEW,2025-11-16 12:07:26
1344,190,VIEW,2025-11-21 18:53:27
1344,206,VIEW,2025-11-22 16:22:57
1344,207,VIEW,2025-11-24 03:38:19
1344,202,FAVORITE,2025-11-30 10:57:47
1344,206,VIEW,2025-12-03 14:57:07
1344,209,VIEW,2025-12-04 13:37:23
1344,207,VIEW,2025-12-08 04:40:16
1344,196,VIEW,2025-12-12 11:19:25
1344,218,VIEW,2025-12-16 15:01:47
1344,208,ADD_TO_CART,2025-12-25 11:31:51
1344,191,VIEW,2026-01-27 05:42:38
1344,208,VIEW,2026-02-01 22:53:28
1344,208,VIEW,2026-03-05 05:04:34
1344,199,VIEW,2026-03-10 14:32:02
1344,207,VIEW,2026-03-18 18:54:50
1344,189,VIEW,2026-04-26 20:30:45
1344,207,SEARCH,2026-05-21 12:41:04
1344,214,ADD_TO_CART,2026-06-23 00:39:55
1344,215,VIEW,2026-07-27 18:17:00
1345,207,VIEW,2024-09-23 08:48:54
1345,194,VIEW,2024-09-27 03:24:00
1345,180,VIEW,2024-10-03 12:52:46
1345,183,VIEW,2024-10-03 19:12:50
1345,181,VIEW,2024-10-15 18:41:38
1345,183,ADD_TO_CART,2024-11-08 03:04:38
1345,217,ADD_TO_CART,2024-11-13 11:38:14
1345,207,FAVORITE,2024-11-20 23:49:42
1345,212,VIEW,2024-12-13 03:44:25
1345,215,VIEW,2024-12-13 08:46:02
1345,217,VIEW,2024-12-22 18:19:37
1345,215,VIEW,2025-01-01 16:51:38
1345,203,VIEW,2025-01-11 09:15:50
1345,189,FAVORITE,2025-01-16 22:31:35
1345,207,VIEW,2025-01-27 20:38:49
1345,212,VIEW,2025-01-29 14:44:04
1345,200,SEARCH,2025-01-31 05:24:49
1345,208,VIEW,2025-02-02 09:23:47
1345,208,SHARE,2025-02-03 10:15:22
1345,208,SEARCH,2025-02-07 22:30:21
1345,206,VIEW,2025-03-01 05:40:39
1345,217,VIEW,2025-03-09 05:07:17
1345,207,VIEW,2025-03-10 22:11:35
1345,207,SEARCH,2025-03-14 15:48:59
1345,184,FAVORITE,2025-03-18 10:01:59
1345,189,SHARE,2025-03-18 19:06:50
1345,207,VIEW,2025-03-19 20:42:34
1345,216,ADD_TO_CART,2025-03-21 07:24:25
1345,206,VIEW,2025-03-23 20:25:34
1345,214,FAVORITE,2025-04-02 22:59:35
1345,195,VIEW,2025-04-04 16:29:12
1345,195,VIEW,2025-04-10 17:55:38
1345,208,ADD_TO_CART,2025-04-21 06:45:32
1345,213,VIEW,2025-04-29 15:41:56
1345,214,VIEW,2025-05-18 11:16:43
1345,189,SEARCH,2025-05-18 15:37:38
1345,208,ADD_TO_CART,2025-05-19 06:01:35
1345,211,SHARE,2025-06-23 19:59:59
1345,208,VIEW,2025-06-30 07:07:46
1345,196,VIEW,2025-07-18 04:05:56
1345,213,VIEW,2025-07-20 23:52:56
1345,208,SEARCH,2025-07-24 03:57:36
1345,206,VIEW,2025-08-04 16:10:21
1345,208,VIEW,2025-08-25 20:43:58
1345,202,VIEW,2025-09-02 09:54:45
1345,207,VIEW,2025-09-11 13:20:24
1345,208,VIEW,2025-10-06 02:18:39
1345,209,VIEW,2025-10-06 07:18:05
1345,208,VIEW,2025-10-15 10:00:13
1345,193,VIEW,2025-10-19 18:36:55
1345,206,VIEW,2025-10-20 04:09:31
1345,210,VIEW,2025-10-25 22:39:25
1345,207,SEARCH,2025-10-29 02:18:02
1345,206,VIEW,2025-11-11 16:57:52
1345,215,ADD_TO_CART,2025-11-13 21:12:21
1345,216,VIEW,2025-11-18 18:49:19
1345,203,VIEW,2025-11-26 12:47:42
1345,189,VIEW,2025-11-27 14:33:08
1345,208,SEARCH,2025-12-04 18:51:29
1345,205,SEARCH,2025-12-05 06:35:05
1345,216,VIEW,2025-12-06 16:52:01
1345,208,SEARCH,2025-12-10 23:36:19
1345,184,SHARE,2025-12-12 19:47:34
1345,188,SEARCH,2026-01-03 16:18:47
1345,206,VIEW,2026-01-06 22:23:11
1345,206,VIEW,2026-01-18 03:11:45
1345,212,VIEW,2026-01-22 22:12:22
1345,213,VIEW,2026-01-23 14:15:53
1345,183,VIEW,2026-01-27 19:43:06
1345,195,VIEW,2026-02-03 19:28:28
1345,195,SEARCH,2026-02-10 04:55:05
1345,216,VIEW,2026-02-10 23:55:53
1345,186,VIEW,2026-02-13 07:24:28
1345,213,VIEW,2026-02-19 06:16:51
1345,208,ADD_TO_CART,2026-02-24 06:18:46
1345,202,VIEW,2026-02-25 17:44:20
1345,190,VIEW,2026-03-06 23:02:13
1345,182,SEARCH,2026-03-17 17:07:45
1345,216,SEARCH,2026-03-25 01:19:56
1345,209,SEARCH,2026-04-05 11:59:57
1345,217,FAVORITE,2026-04-21 09:53:54
1345,183,VIEW,2026-04-24 13:15:40
1345,216,VIEW,2026-05-01 10:22:16
1345,186,VIEW,2026-05-02 08:21:36
1345,200,ADD_TO_CART,2026-05-25 21:25:32
1345,208,VIEW,2026-05-29 11:55:00
1346,209,VIEW,2025-02-22 06:47:43
1346,209,VIEW,2025-03-08 16:09:06
1346,189,VIEW,2025-04-10 17:09:22
1346,209,VIEW,2025-04-22 10:17:44
1346,210,VIEW,2025-05-04 19:47:01
1346,204,ADD_TO_CART,2025-05-17 06:19:43
1346,209,VIEW,2025-06-20 22:59:49
1346,201,SEARCH,2025-07-02 00:15:56
1346,193,VIEW,2025-07-04 15:06:15
1346,199,VIEW,2025-09-13 13:44:08
1346,181,VIEW,2025-10-17 23:54:41
1346,189,SEARCH,2025-10-28 06:47:42
1346,190,ADD_TO_CART,2025-11-01 06:58:24
1346,215,VIEW,2025-11-21 07:17:58
1346,209,VIEW,2025-12-12 06:08:37
1346,210,ADD_TO_CART,2025-12-15 04:34:39
1346,210,VIEW,2025-12-20 11:28:00
1346,199,SEARCH,2025-12-29 11:05:00
1346,210,VIEW,2026-01-27 20:03:24
1346,218,SEARCH,2026-02-05 01:57:01
1346,210,ADD_TO_CART,2026-02-07 00:59:19
1346,210,VIEW,2026-02-12 10:39:55
1346,180,VIEW,2026-03-02 10:50:10
1346,190,VIEW,2026-03-19 06:42:54
1346,190,VIEW,2026-03-27 04:03:01
1346,180,SHARE,2026-04-12 23:53:30
1346,210,SEARCH,2026-04-16 18:25:55
1346,179,VIEW,2026-06-01 17:12:00
1347,213,VIEW,2025-08-29 20:55:31
1347,213,SEARCH,2025-09-06 08:57:13
1347,194,VIEW,2025-09-28 03:49:09
1347,206,FAVORITE,2025-10-10 16:28:06
1347,194,VIEW,2025-10-22 00:34:39
1347,213,VIEW,2025-10-23 21:54:08
1347,214,ADD_TO_CART,2025-11-02 10:12:03
1347,213,VIEW,2025-11-05 05:01:56
1347,193,VIEW,2025-11-05 06:48:39
1347,203,VIEW,2025-11-14 00:59:49
1347,213,VIEW,2025-11-25 20:13:56
1347,194,VIEW,2025-11-28 02:37:15
1347,193,VIEW,2025-12-31 14:30:40
1347,194,VIEW,2026-01-11 13:33:38
1347,213,VIEW,2026-01-12 07:28:17
1347,193,VIEW,2026-02-05 13:52:50
1347,193,SEARCH,2026-02-09 13:29:52
1347,208,VIEW,2026-02-19 04:30:59
1347,208,VIEW,2026-02-27 03:15:48
1347,193,VIEW,2026-03-10 01:02:37
1347,208,VIEW,2026-03-21 21:07:55
1347,207,VIEW,2026-03-26 03:36:48
1347,210,ADD_TO_CART,2026-03-30 17:29:10
1347,208,VIEW,2026-04-07 08:10:09
1347,207,VIEW,2026-05-12 18:24:20
1347,203,VIEW,2026-05-14 03:25:28
1347,194,FAVORITE,2026-05-21 12:32:33
1347,213,VIEW,2026-05-24 15:12:26
1347,194,VIEW,2026-06-09 04:39:44
1347,193,VIEW,2026-06-19 18:56:00
1348,187,VIEW,2025-08-01 23:15:29
1348,203,VIEW,2025-08-15 04:41:27
1348,183,VIEW,2025-08-25 06:04:04
1348,189,SEARCH,2025-09-16 11:37:14
1348,198,VIEW,2025-10-13 14:21:49
1348,204,VIEW,2025-10-29 10:39:29
1348,186,SEARCH,2025-11-10 10:29:57
1348,204,SEARCH,2025-11-12 07:32:01
1348,186,SEARCH,2025-11-20 03:31:53
1348,187,VIEW,2025-11-21 03:40:18
1348,199,SEARCH,2025-11-22 05:54:31
1348,187,VIEW,2025-11-25 11:25:48
1348,205,SHARE,2025-11-28 20:38:51
1348,203,FAVORITE,2025-12-08 02:48:52
1348,200,VIEW,2026-01-09 02:14:03
1348,188,VIEW,2026-01-14 20:12:39
1348,185,ADD_TO_CART,2026-01-31 06:38:59
1348,185,SEARCH,2026-02-27 15:07:39
1348,188,VIEW,2026-03-03 05:15:21
1348,182,FAVORITE,2026-03-20 23:40:37
1348,196,VIEW,2026-03-21 08:09:39
1348,198,VIEW,2026-03-24 17:20:35
1348,194,SEARCH,2026-03-24 23:58:50
1348,203,FAVORITE,2026-03-27 22:25:05
1348,187,SEARCH,2026-04-09 07:34:40
1348,205,VIEW,2026-04-11 11:34:11
1348,208,SEARCH,2026-04-15 10:52:36
1348,187,VIEW,2026-04-19 13:26:26
1348,217,FAVORITE,2026-04-28 13:05:08
1348,197,VIEW,2026-05-02 02:44:33
1348,181,FAVORITE,2026-05-27 12:28:08
1348,196,VIEW,2026-06-06 07:15:05
1348,196,VIEW,2026-06-23 10:31:00
1349,205,VIEW,2025-08-14 09:45:36
1349,203,VIEW,2025-08-30 04:05:04
1349,204,VIEW,2025-09-01 11:57:00
1349,206,VIEW,2025-09-07 21:15:23
1349,209,VIEW,2025-09-23 02:59:54
1349,205,VIEW,2025-10-08 05:13:21
1349,203,SEARCH,2025-10-08 15:46:42
1349,210,SHARE,2025-10-20 20:08:27
1349,183,VIEW,2025-10-25 07:20:31
1349,195,VIEW,2025-11-10 07:16:31
1349,191,ADD_TO_CART,2025-11-11 20:45:45
1349,184,VIEW,2025-11-15 08:17:48
1349,186,VIEW,2025-11-16 16:55:09
1349,203,SEARCH,2025-11-18 09:25:29
1349,203,SEARCH,2025-11-18 23:28:48
1349,201,VIEW,2025-11-21 07:21:49
1349,187,VIEW,2025-11-21 14:11:08
1349,185,VIEW,2025-11-23 13:52:23
1349,205,SEARCH,2025-11-30 10:59:50
1349,188,VIEW,2025-12-04 05:16:09
1349,202,VIEW,2025-12-10 14:27:13
1349,198,VIEW,2025-12-12 02:20:32
1349,190,VIEW,2025-12-17 17:03:23
1349,185,SEARCH,2025-12-27 06:00:19
1349,181,VIEW,2025-12-28 11:45:08
1349,189,FAVORITE,2025-12-28 23:14:32
1349,218,VIEW,2026-01-01 12:34:22
1349,204,VIEW,2026-01-02 19:05:45
1349,208,VIEW,2026-01-03 10:16:37
1349,186,VIEW,2026-01-09 16:05:30
1349,210,ADD_TO_CART,2026-01-12 16:58:28
1349,186,VIEW,2026-01-17 12:56:16
1349,190,ADD_TO_CART,2026-01-18 01:45:14
1349,203,SHARE,2026-01-18 17:58:51
1349,203,FAVORITE,2026-01-21 20:56:29
1349,181,SEARCH,2026-01-24 23:07:22
1349,186,VIEW,2026-01-30 11:13:13
1349,204,VIEW,2026-02-24 06:39:06
1349,203,SEARCH,2026-02-26 19:29:45
1349,187,ADD_TO_CART,2026-03-07 16:17:56
1349,210,VIEW,2026-03-14 09:07:57
1349,188,VIEW,2026-03-14 11:46:00
1349,188,FAVORITE,2026-03-15 17:53:45
1349,209,VIEW,2026-03-28 04:28:16
1349,204,ADD_TO_CART,2026-03-31 15:56:52
1349,203,ADD_TO_CART,2026-04-08 11:47:00
1350,194,VIEW,2024-09-07 17:20:15
1350,184,VIEW,2024-09-21 18:40:15
1350,201,ADD_TO_CART,2024-11-01 01:45:51
1350,209,VIEW,2024-11-18 09:58:13
1350,194,SEARCH,2024-12-08 23:12:40
1350,193,ADD_TO_CART,2024-12-20 08:55:13
1350,182,VIEW,2025-01-03 22:20:17
1350,192,VIEW,2025-01-10 03:18:32
1350,202,VIEW,2025-01-25 01:43:56
1350,201,VIEW,2025-01-28 20:31:52
1350,183,VIEW,2025-02-15 17:18:35
1350,214,SEARCH,2025-04-09 23:44:11
1350,184,VIEW,2025-04-13 00:17:24
1350,201,VIEW,2025-05-18 21:56:06
1350,187,VIEW,2025-06-10 15:25:17
1350,202,VIEW,2025-07-10 06:03:28
1350,182,VIEW,2025-07-15 06:13:24
1350,193,VIEW,2025-08-17 06:25:08
1350,200,ADD_TO_CART,2025-09-13 16:41:45
1350,194,FAVORITE,2025-09-14 16:37:24
1350,213,VIEW,2025-11-05 15:09:45
1350,184,VIEW,2025-11-07 11:16:09
1350,216,VIEW,2025-11-23 00:51:42
1350,197,VIEW,2025-11-25 10:10:58
1350,202,VIEW,2025-12-04 23:38:42
1350,213,VIEW,2025-12-08 12:21:43
1350,190,SEARCH,2025-12-30 16:18:01
1350,201,SHARE,2026-01-25 10:52:28
1350,202,SEARCH,2026-02-05 19:53:02
1350,204,VIEW,2026-02-15 15:33:23
1350,184,VIEW,2026-03-21 05:23:35
1350,193,VIEW,2026-03-25 20:26:06
1350,213,VIEW,2026-03-30 22:52:01
1350,208,VIEW,2026-04-09 23:48:38
1350,210,VIEW,2026-04-10 14:05:27
1350,200,VIEW,2026-04-29 13:15:18
1350,201,SHARE,2026-05-10 14:42:53
1350,217,VIEW,2026-06-10 20:09:42
1350,201,VIEW,2026-06-14 11:13:18
1350,190,VIEW,2026-07-02 13:28:00
1351,182,SEARCH,2026-05-27 05:13:55
1351,190,SEARCH,2026-05-28 05:05:45
1351,213,VIEW,2026-05-31 15:30:46
1351,182,VIEW,2026-05-31 18:25:46
1351,217,VIEW,2026-06-03 04:16:28
1351,210,SEARCH,2026-06-03 16:04:23
1351,218,ADD_TO_CART,2026-06-04 21:33:04
1351,203,SEARCH,2026-06-06 01:02:33
1351,205,ADD_TO_CART,2026-06-07 05:19:34
1351,218,VIEW,2026-06-09 00:10:07
1351,184,FAVORITE,2026-06-09 12:48:13
1351,218,VIEW,2026-06-10 13:45:16
1351,210,VIEW,2026-06-15 11:15:10
1351,208,FAVORITE,2026-06-20 07:36:41
1351,212,VIEW,2026-06-23 05:03:16
1351,193,SEARCH,2026-06-23 12:35:33
1351,218,VIEW,2026-06-25 04:26:16
1351,196,VIEW,2026-06-28 04:49:38
1351,218,ADD_TO_CART,2026-06-28 17:25:18
1351,189,ADD_TO_CART,2026-06-30 23:49:01
1351,201,VIEW,2026-07-02 15:40:04
1351,201,VIEW,2026-07-06 11:11:40
1351,218,VIEW,2026-07-06 19:29:25
1351,204,ADD_TO_CART,2026-07-13 22:45:40
1351,191,VIEW,2026-07-15 18:53:00
1352,191,VIEW,2025-07-03 23:55:20
1352,203,VIEW,2025-07-11 08:28:47
1352,183,VIEW,2025-07-16 13:45:57
1352,193,VIEW,2025-07-27 21:26:17
1352,183,VIEW,2025-08-20 01:07:45
1352,196,VIEW,2025-08-29 22:32:50
1352,189,VIEW,2025-09-06 20:16:52
1352,208,FAVORITE,2025-09-27 17:28:45
1352,189,VIEW,2025-10-01 09:05:39
1352,183,VIEW,2025-10-01 14:40:12
1352,202,VIEW,2025-10-10 07:33:55
1352,182,VIEW,2025-11-09 17:48:58
1352,207,SEARCH,2025-11-21 08:03:04
1352,200,VIEW,2025-11-21 13:58:39
1352,206,VIEW,2025-11-26 09:27:49
1352,201,VIEW,2025-11-26 18:29:30
1352,207,VIEW,2025-12-08 06:23:44
1352,200,VIEW,2025-12-09 18:26:33
1352,207,VIEW,2025-12-11 22:19:25
1352,198,ADD_TO_CART,2025-12-21 09:10:43
1352,200,VIEW,2026-01-04 14:10:26
1352,183,FAVORITE,2026-01-20 18:21:15
1352,197,VIEW,2026-02-08 14:04:15
1352,198,VIEW,2026-02-20 21:07:22
1352,201,SEARCH,2026-03-01 14:18:45
1352,207,ADD_TO_CART,2026-03-12 06:30:05
1352,207,VIEW,2026-03-19 01:03:23
1352,196,VIEW,2026-03-19 17:06:17
1352,211,VIEW,2026-04-20 07:48:36
1352,183,VIEW,2026-04-20 21:08:39
1352,193,VIEW,2026-04-25 19:53:49
1352,207,VIEW,2026-04-25 20:29:24
1352,181,VIEW,2026-05-03 06:39:05
1352,191,ADD_TO_CART,2026-05-10 12:00:22
1352,207,SEARCH,2026-05-15 15:24:42
1352,197,SEARCH,2026-05-27 21:36:37
1352,199,SEARCH,2026-06-01 02:40:13
1352,201,ADD_TO_CART,2026-06-07 00:54:02
1352,195,VIEW,2026-06-13 08:41:49
1352,207,VIEW,2026-06-16 02:27:03
1352,203,VIEW,2026-06-16 03:19:03
1352,187,SHARE,2026-06-19 14:08:12
1352,184,VIEW,2026-06-27 12:11:00
1353,181,ADD_TO_CART,2025-10-02 23:43:38
1353,197,ADD_TO_CART,2025-10-04 10:17:13
1353,188,VIEW,2025-10-06 21:18:32
1353,207,ADD_TO_CART,2025-10-08 21:50:18
1353,184,SEARCH,2025-10-18 09:19:47
1353,218,VIEW,2025-10-22 11:54:55
1353,218,VIEW,2025-10-29 11:53:42
1353,197,VIEW,2025-11-07 09:40:15
1353,207,VIEW,2025-11-15 11:51:53
1353,201,SEARCH,2025-11-16 04:38:59
1353,218,VIEW,2025-11-29 01:09:55
1353,184,SEARCH,2025-11-30 10:41:49
1353,218,ADD_TO_CART,2025-12-01 09:23:25
1353,204,FAVORITE,2025-12-02 10:35:03
1353,181,ADD_TO_CART,2025-12-09 23:37:34
1353,180,ADD_TO_CART,2025-12-11 14:57:09
1353,182,VIEW,2025-12-12 02:30:07
1353,188,FAVORITE,2025-12-18 14:09:51
1353,218,VIEW,2025-12-19 05:36:11
1353,193,SEARCH,2025-12-20 05:28:16
1353,218,VIEW,2025-12-24 03:25:20
1353,180,SEARCH,2025-12-27 08:10:55
1353,194,VIEW,2025-12-29 06:11:16
1353,199,VIEW,2025-12-30 09:58:12
1353,215,SEARCH,2025-12-31 13:03:48
1353,216,VIEW,2026-01-02 01:14:29
1353,199,SEARCH,2026-01-06 06:09:13
1353,205,FAVORITE,2026-01-13 08:34:10
1353,201,VIEW,2026-01-22 19:47:01
1353,183,SHARE,2026-01-26 13:33:40
1353,199,VIEW,2026-01-28 17:00:03
1353,190,VIEW,2026-01-29 21:14:01
1353,190,VIEW,2026-01-31 12:02:03
1353,217,VIEW,2026-02-01 07:53:06
1353,218,VIEW,2026-02-04 17:02:31
1353,197,VIEW,2026-02-17 12:33:48
1353,203,VIEW,2026-02-22 00:44:35
1353,199,VIEW,2026-02-26 07:18:23
1353,213,VIEW,2026-02-27 14:49:06
1353,218,VIEW,2026-02-28 19:35:28
1353,182,VIEW,2026-03-03 12:07:28
1353,197,ADD_TO_CART,2026-03-08 17:22:37
1353,195,VIEW,2026-03-10 06:57:27
1353,199,VIEW,2026-03-13 11:06:56
1353,217,VIEW,2026-03-21 10:54:36
1353,181,VIEW,2026-03-24 05:59:52
1353,217,FAVORITE,2026-04-07 17:00:26
1353,192,VIEW,2026-04-12 17:15:41
1353,197,SEARCH,2026-04-14 16:14:14
1353,187,SEARCH,2026-04-18 02:52:32
1353,181,VIEW,2026-04-19 04:25:29
1353,215,ADD_TO_CART,2026-04-19 13:49:42
1353,213,VIEW,2026-05-10 03:25:58
1353,213,VIEW,2026-05-15 20:32:29
1353,198,VIEW,2026-05-21 13:04:44
1353,218,VIEW,2026-05-28 10:31:44
1353,201,SEARCH,2026-05-29 21:26:39
1353,218,VIEW,2026-05-30 06:06:26
1353,198,ADD_TO_CART,2026-06-07 12:31:00
1354,196,VIEW,2026-04-29 12:11:16
1354,218,ADD_TO_CART,2026-04-30 03:56:15
1354,202,SEARCH,2026-04-30 16:59:41
1354,197,VIEW,2026-05-01 03:20:22
1354,189,VIEW,2026-05-02 07:18:42
1354,212,VIEW,2026-05-03 00:08:21
1354,205,VIEW,2026-05-03 10:55:49
1354,194,VIEW,2026-05-03 14:38:20
1354,208,VIEW,2026-05-03 15:52:49
1354,218,VIEW,2026-05-05 14:23:41
1354,201,SEARCH,2026-05-06 01:50:02
1354,193,VIEW,2026-05-07 22:43:21
1354,186,VIEW,2026-05-08 07:17:08
1354,183,VIEW,2026-05-09 15:21:25
1354,218,SEARCH,2026-05-12 09:13:04
1354,211,VIEW,2026-05-14 14:18:21
1354,206,SEARCH,2026-05-18 05:16:04
1354,186,SEARCH,2026-05-20 14:57:25
1354,187,SEARCH,2026-05-22 17:44:57
1354,184,ADD_TO_CART,2026-05-23 04:19:57
1354,203,VIEW,2026-05-24 00:53:45
1354,202,SEARCH,2026-05-28 18:23:35
1354,202,VIEW,2026-05-29 07:04:40
1354,200,VIEW,2026-05-29 19:27:38
1354,203,SEARCH,2026-05-30 13:46:29
1354,218,VIEW,2026-05-30 19:11:44
1354,183,ADD_TO_CART,2026-05-30 22:27:52
1354,218,VIEW,2026-05-31 17:17:03
1354,201,SEARCH,2026-06-01 01:00:24
1354,218,VIEW,2026-06-02 09:05:48
1354,186,VIEW,2026-06-03 12:19:53
1354,213,VIEW,2026-06-04 05:10:10
1354,191,VIEW,2026-06-04 11:40:34
1354,218,VIEW,2026-06-04 15:02:08
1354,190,VIEW,2026-06-05 00:22:11
1354,218,SHARE,2026-06-07 01:52:34
1354,183,FAVORITE,2026-06-07 04:02:44
1354,218,VIEW,2026-06-08 13:17:19
1354,184,VIEW,2026-06-09 08:02:56
1354,201,VIEW,2026-06-10 07:05:14
1354,185,SEARCH,2026-06-10 11:20:24
1354,218,SEARCH,2026-06-12 11:53:06
1354,185,SEARCH,2026-06-14 17:04:31
1354,211,VIEW,2026-06-18 01:39:42
1354,203,VIEW,2026-06-18 02:47:45
1354,205,VIEW,2026-06-18 15:14:10
1354,218,SEARCH,2026-06-18 19:45:09
1354,213,ADD_TO_CART,2026-06-19 00:12:24
1354,218,VIEW,2026-06-19 06:43:17
1354,185,VIEW,2026-06-19 09:07:39
1354,185,VIEW,2026-06-19 12:22:47
1354,218,VIEW,2026-06-20 21:51:34
1354,218,VIEW,2026-06-21 10:38:35
1354,188,SEARCH,2026-06-22 02:45:24
1354,191,SEARCH,2026-06-22 07:19:33
1354,194,ADD_TO_CART,2026-06-22 10:32:20
1354,191,VIEW,2026-06-23 07:58:42
1354,191,SEARCH,2026-06-23 11:46:46
1354,218,VIEW,2026-06-24 10:12:06
1354,201,SEARCH,2026-06-25 19:25:42
1354,218,VIEW,2026-06-26 10:16:56
1354,179,VIEW,2026-06-27 05:09:43
1354,196,VIEW,2026-06-27 05:39:02
1354,201,VIEW,2026-06-27 08:32:34
1354,215,VIEW,2026-06-27 09:02:57
1354,186,SEARCH,2026-06-27 14:03:44
1354,186,ADD_TO_CART,2026-06-29 15:00:17
1354,203,VIEW,2026-07-01 03:08:35
1354,218,FAVORITE,2026-07-01 18:23:54
1354,209,SEARCH,2026-07-03 01:09:10
1354,218,VIEW,2026-07-03 08:36:38
1354,218,SEARCH,2026-07-03 13:28:26
1354,218,VIEW,2026-07-04 02:00:52
1354,202,SEARCH,2026-07-04 13:46:00
1355,208,VIEW,2025-09-13 02:56:23
1355,214,VIEW,2025-10-03 22:46:41
1355,215,VIEW,2025-11-07 06:25:12
1355,207,SEARCH,2026-01-31 15:35:43
1355,207,VIEW,2026-02-04 02:37:41
1355,212,VIEW,2026-02-16 17:24:45
1355,207,VIEW,2026-04-16 00:37:51
1355,204,VIEW,2026-05-19 10:34:00
1356,183,VIEW,2025-09-15 11:01:03
1356,211,VIEW,2025-09-21 22:19:33
1356,195,SEARCH,2025-09-28 15:39:38
1356,200,VIEW,2025-10-01 02:05:48
1356,188,VIEW,2025-10-23 07:16:26
1356,194,VIEW,2025-11-01 11:56:45
1356,207,VIEW,2025-11-03 00:44:20
1356,208,SEARCH,2025-11-03 17:23:24
1356,212,SEARCH,2025-11-04 02:35:00
1356,207,SEARCH,2025-11-04 06:18:27
1356,184,VIEW,2025-11-10 12:03:49
1356,182,SEARCH,2025-11-23 19:33:19
1356,214,ADD_TO_CART,2025-12-12 01:13:10
1356,218,FAVORITE,2025-12-17 09:47:43
1356,199,VIEW,2025-12-21 01:34:17
1356,191,VIEW,2025-12-29 15:13:43
1356,192,SEARCH,2026-01-04 14:15:17
1356,182,VIEW,2026-01-05 13:17:22
1356,216,VIEW,2026-01-07 11:08:42
1356,190,SEARCH,2026-01-24 04:54:05
1356,194,VIEW,2026-01-30 01:01:52
1356,209,ADD_TO_CART,2026-02-01 20:54:45
1356,185,ADD_TO_CART,2026-02-03 17:43:38
1356,199,SEARCH,2026-02-17 03:28:21
1356,217,VIEW,2026-02-20 04:00:55
1356,202,VIEW,2026-02-28 17:17:17
1356,207,VIEW,2026-03-03 08:54:10
1356,202,VIEW,2026-03-26 23:38:57
1356,210,SEARCH,2026-03-28 10:46:16
1356,202,VIEW,2026-04-08 14:38:39
1356,201,VIEW,2026-04-12 15:09:51
1356,206,SEARCH,2026-04-14 16:57:03
1356,184,SEARCH,2026-04-18 01:19:27
1356,182,SEARCH,2026-04-19 22:13:46
1356,207,VIEW,2026-05-05 07:00:47
1356,202,FAVORITE,2026-05-08 06:36:49
1356,217,SEARCH,2026-05-08 07:47:49
1356,202,VIEW,2026-05-10 12:17:54
1356,181,FAVORITE,2026-05-19 10:28:15
1356,201,VIEW,2026-05-31 08:21:36
1356,217,ADD_TO_CART,2026-06-02 09:43:27
1356,208,SEARCH,2026-06-02 22:08:40
1356,184,VIEW,2026-06-04 03:07:12
1356,183,VIEW,2026-06-06 08:31:51
1356,190,SEARCH,2026-06-08 10:43:34
1356,202,VIEW,2026-06-08 21:31:18
1356,184,VIEW,2026-06-10 17:16:00
1357,200,VIEW,2024-12-31 07:27:49
1357,202,VIEW,2025-02-10 15:14:16
1357,192,VIEW,2025-02-16 22:24:48
1357,194,VIEW,2025-03-14 07:51:19
1357,211,VIEW,2025-03-17 03:36:25
1357,210,SEARCH,2025-03-25 01:19:11
1357,183,SEARCH,2025-03-28 14:44:21
1357,218,VIEW,2025-04-18 09:43:26
1357,212,VIEW,2025-04-20 03:37:50
1357,185,VIEW,2025-05-01 05:23:57
1357,212,VIEW,2025-05-21 08:28:41
1357,197,SEARCH,2025-06-02 17:20:58
1357,200,VIEW,2025-06-08 06:59:25
1357,183,VIEW,2025-06-17 13:49:38
1357,209,FAVORITE,2025-06-20 01:47:07
1357,201,ADD_TO_CART,2025-07-07 06:10:51
1357,187,VIEW,2025-07-08 10:09:46
1357,218,VIEW,2025-07-09 14:27:06
1357,202,ADD_TO_CART,2025-07-11 07:02:57
1357,202,FAVORITE,2025-07-29 11:57:43
1357,211,SEARCH,2025-08-14 10:43:12
1357,181,SEARCH,2025-08-21 10:32:48
1357,201,ADD_TO_CART,2025-08-23 09:24:51
1357,197,VIEW,2025-09-04 15:38:28
1357,202,VIEW,2025-09-15 12:16:48
1357,217,VIEW,2025-09-17 13:06:51
1357,183,VIEW,2025-09-24 00:48:45
1357,183,FAVORITE,2025-10-12 21:17:28
1357,183,VIEW,2025-10-15 05:34:12
1357,183,VIEW,2025-10-31 16:41:42
1357,202,VIEW,2025-11-08 11:40:01
1357,184,ADD_TO_CART,2025-11-20 11:48:53
1357,183,VIEW,2025-11-27 07:13:31
1357,187,ADD_TO_CART,2025-12-05 07:47:32
1357,209,VIEW,2025-12-09 01:29:06
1357,184,VIEW,2025-12-26 16:44:42
1357,187,VIEW,2026-01-02 18:18:57
1357,212,VIEW,2026-01-03 18:38:25
1357,211,VIEW,2026-01-28 08:21:51
1357,212,VIEW,2026-02-01 09:17:25
1357,184,VIEW,2026-02-09 15:40:06
1357,184,SEARCH,2026-02-12 15:28:28
1357,195,ADD_TO_CART,2026-02-15 01:11:55
1357,182,VIEW,2026-03-02 12:11:57
1357,201,VIEW,2026-03-20 05:13:39
1357,184,SEARCH,2026-03-26 10:31:13
1357,200,VIEW,2026-03-26 18:30:29
1357,181,SEARCH,2026-03-27 08:35:54
1357,184,VIEW,2026-03-30 01:38:43
1357,201,VIEW,2026-04-22 17:32:13
1357,190,VIEW,2026-05-11 22:14:26
1357,201,VIEW,2026-05-25 11:35:00
1357,189,VIEW,2026-06-19 06:46:30
1357,201,SEARCH,2026-06-19 17:54:31
1357,192,ADD_TO_CART,2026-06-22 17:12:36
1357,218,VIEW,2026-06-25 01:54:37
1357,183,VIEW,2026-06-25 01:57:52
1357,193,VIEW,2026-07-02 15:16:00
1358,211,VIEW,2024-06-05 21:40:25
1358,197,VIEW,2024-06-24 00:40:25
1358,217,VIEW,2024-07-05 20:09:42
1358,217,SEARCH,2024-08-10 06:42:00
1358,193,SEARCH,2024-10-18 06:14:19
1358,203,SEARCH,2024-10-23 06:09:18
1358,204,VIEW,2024-11-18 01:19:33
1358,179,FAVORITE,2024-12-17 10:35:03
1358,195,ADD_TO_CART,2025-01-18 04:44:04
1358,185,VIEW,2025-02-06 11:23:37
1358,199,VIEW,2025-03-09 17:53:35
1358,180,VIEW,2025-04-17 10:39:22
1358,198,VIEW,2025-06-03 11:00:51
1358,188,VIEW,2025-07-15 20:07:30
1358,196,VIEW,2025-07-25 12:24:39
1358,197,SEARCH,2025-08-07 23:20:55
1358,186,ADD_TO_CART,2025-09-03 01:42:08
1358,213,VIEW,2025-09-05 11:08:00
1358,199,SEARCH,2025-09-30 11:03:22
1358,179,VIEW,2025-10-18 00:37:22
1358,181,VIEW,2025-10-28 09:00:26
1358,199,VIEW,2025-11-08 22:39:33
1358,181,SEARCH,2025-11-25 06:27:26
1358,179,VIEW,2025-12-01 10:26:11
1358,198,VIEW,2026-01-10 10:55:34
1358,203,FAVORITE,2026-01-22 10:49:55
1358,200,VIEW,2026-02-02 00:49:08
1358,199,VIEW,2026-02-04 12:00:33
1358,202,VIEW,2026-03-11 07:39:23
1358,185,VIEW,2026-03-14 08:16:59
1358,197,VIEW,2026-03-22 03:09:13
1358,208,SEARCH,2026-05-17 19:35:35
1358,203,VIEW,2026-06-07 08:34:10
1358,189,VIEW,2026-06-09 13:01:00
1359,211,SHARE,2024-04-17 09:24:59
1359,181,VIEW,2024-06-03 06:57:00
1359,181,SEARCH,2024-06-23 07:05:55
1359,198,SHARE,2024-07-01 01:50:10
1359,209,VIEW,2024-07-16 20:30:25
1359,190,VIEW,2024-08-27 17:21:28
1359,189,SEARCH,2024-08-29 17:29:39
1359,199,VIEW,2024-10-06 00:41:36
1359,191,VIEW,2024-10-28 22:29:07
1359,207,FAVORITE,2024-11-12 10:27:18
1359,181,SEARCH,2025-01-01 02:51:13
1359,179,SHARE,2025-01-03 10:46:51
1359,209,ADD_TO_CART,2025-01-27 23:33:43
1359,197,ADD_TO_CART,2025-02-19 04:16:20
1359,198,SEARCH,2025-03-19 03:28:28
1359,209,VIEW,2025-03-19 06:31:13
1359,194,VIEW,2025-03-26 06:30:10
1359,209,VIEW,2025-03-28 01:30:18
1359,199,VIEW,2025-04-13 18:16:59
1359,198,SEARCH,2025-04-25 17:33:16
1359,180,VIEW,2025-04-28 20:58:15
1359,199,SEARCH,2025-05-10 19:17:59
1359,209,VIEW,2025-05-18 06:30:11
1359,198,ADD_TO_CART,2025-07-28 02:00:03
1359,217,VIEW,2025-08-25 06:51:25
1359,191,SEARCH,2025-09-08 05:17:05
1359,198,VIEW,2025-09-25 13:39:47
1359,194,VIEW,2025-10-12 19:18:21
1359,193,VIEW,2025-12-09 12:30:18
1359,180,VIEW,2026-02-08 03:55:55
1359,188,SEARCH,2026-02-08 09:05:28
1359,199,SEARCH,2026-03-24 23:10:52
1359,212,VIEW,2026-05-06 00:24:08
1359,187,VIEW,2026-05-29 03:01:31
1359,198,VIEW,2026-06-16 14:31:00
1360,189,FAVORITE,2024-12-24 23:36:38
1360,179,SEARCH,2025-01-20 15:29:46
1360,182,VIEW,2025-01-23 06:33:28
1360,200,VIEW,2025-01-24 08:56:28
1360,188,FAVORITE,2025-01-27 19:47:51
1360,189,VIEW,2025-02-28 14:14:02
1360,209,VIEW,2025-03-05 18:52:45
1360,199,SEARCH,2025-03-06 17:25:58
1360,190,VIEW,2025-03-21 00:35:46
1360,210,VIEW,2025-03-25 04:32:45
1360,180,SEARCH,2025-04-12 10:45:10
1360,199,SHARE,2025-04-24 19:08:02
1360,199,SEARCH,2025-05-11 10:55:04
1360,189,SEARCH,2025-05-25 23:11:43
1360,189,VIEW,2025-05-29 01:49:26
1360,197,VIEW,2025-06-06 22:13:19
1360,198,SHARE,2025-07-12 05:01:23
1360,193,VIEW,2025-07-15 02:05:49
1360,180,FAVORITE,2025-07-25 19:37:03
1360,213,VIEW,2025-08-14 17:58:27
1360,209,VIEW,2025-09-08 01:47:12
1360,197,ADD_TO_CART,2025-09-27 17:28:53
1360,199,VIEW,2025-10-01 21:35:34
1360,181,VIEW,2025-10-02 14:05:51
1360,205,VIEW,2025-10-04 12:45:41
1360,181,VIEW,2025-10-15 23:16:27
1360,180,VIEW,2025-10-17 11:33:44
1360,210,VIEW,2025-10-19 19:36:54
1360,197,SEARCH,2025-10-23 14:52:35
1360,197,VIEW,2025-11-12 08:45:13
1360,197,FAVORITE,2025-11-16 03:21:49
1360,181,SHARE,2025-11-22 09:24:17
1360,209,VIEW,2025-12-03 22:48:18
1360,199,VIEW,2025-12-04 16:35:12
1360,198,SEARCH,2025-12-15 09:32:16
1360,199,VIEW,2025-12-20 02:29:52
1360,213,FAVORITE,2025-12-29 02:42:05
1360,180,SEARCH,2026-01-08 20:37:31
1360,180,VIEW,2026-01-13 00:13:44
1360,218,FAVORITE,2026-01-13 08:35:55
1360,181,VIEW,2026-03-01 10:23:26
1360,198,FAVORITE,2026-03-12 20:45:33
1360,179,FAVORITE,2026-04-03 04:51:04
1360,217,SEARCH,2026-04-10 19:51:14
1360,190,SEARCH,2026-04-13 15:11:49
1360,197,VIEW,2026-04-14 11:55:03
1360,179,SEARCH,2026-05-17 17:37:53
1360,181,SEARCH,2026-05-18 17:12:53
1360,189,VIEW,2026-05-30 15:20:13
1360,181,SEARCH,2026-06-17 14:29:58
1360,181,VIEW,2026-07-17 14:21:00
1361,192,VIEW,2025-09-04 07:09:22
1361,211,VIEW,2025-09-07 09:28:22
1361,201,VIEW,2025-09-18 07:34:35
1361,203,VIEW,2025-09-24 14:20:11
1361,212,ADD_TO_CART,2025-09-25 15:38:41
1361,192,VIEW,2025-09-25 18:06:50
1361,188,VIEW,2025-10-01 09:20:52
1361,217,FAVORITE,2025-10-13 04:06:22
1361,209,VIEW,2025-10-16 01:04:11
1361,192,VIEW,2025-10-26 07:08:59
1361,214,ADD_TO_CART,2025-11-03 11:25:42
1361,212,VIEW,2025-11-21 22:55:00
1361,180,VIEW,2025-11-25 17:01:29
1361,213,VIEW,2025-12-16 01:01:46
1361,211,ADD_TO_CART,2025-12-20 22:01:50
1361,209,SHARE,2025-12-25 09:15:13
1361,215,VIEW,2025-12-27 14:33:51
1361,211,VIEW,2026-01-03 01:54:02
1361,212,SEARCH,2026-01-05 22:23:01
1361,195,SEARCH,2026-01-08 11:59:04
1361,211,FAVORITE,2026-01-14 05:59:49
1361,183,FAVORITE,2026-01-16 07:15:15
1361,212,VIEW,2026-01-25 05:08:56
1361,214,SEARCH,2026-02-17 01:03:17
1361,201,VIEW,2026-02-17 13:05:59
1361,218,ADD_TO_CART,2026-02-19 03:00:51
1361,192,VIEW,2026-02-19 03:32:45
1361,193,VIEW,2026-03-04 13:48:50
1361,207,VIEW,2026-03-30 10:20:23
1361,212,SEARCH,2026-05-06 00:03:42
1361,183,SEARCH,2026-05-10 07:19:54
1361,216,VIEW,2026-05-24 10:51:37
1361,198,SEARCH,2026-06-02 00:21:40
1361,202,ADD_TO_CART,2026-06-07 16:11:01
1361,213,VIEW,2026-06-21 09:12:00
1362,209,VIEW,2024-11-13 09:18:06
1362,188,VIEW,2024-11-17 18:27:31
1362,188,VIEW,2025-03-03 19:12:47
1362,198,VIEW,2025-08-04 16:40:26
1362,210,VIEW,2025-10-01 10:15:24
1362,195,VIEW,2025-10-03 22:59:40
1362,216,SEARCH,2025-10-17 00:23:32
1362,216,VIEW,2025-12-31 11:13:11
1362,195,FAVORITE,2026-01-18 06:59:10
1362,199,VIEW,2026-01-27 15:49:25
1362,190,VIEW,2026-02-17 15:43:00
1363,210,FAVORITE,2025-09-10 05:10:06
1363,189,VIEW,2025-09-14 08:14:12
1363,209,VIEW,2025-10-01 17:28:48
1363,189,VIEW,2025-10-03 07:05:08
1363,179,VIEW,2025-10-09 10:22:21
1363,209,VIEW,2025-10-11 17:15:56
1363,208,VIEW,2025-10-23 23:03:31
1363,195,VIEW,2025-10-25 18:18:45
1363,180,VIEW,2025-10-26 15:22:57
1363,187,SEARCH,2025-10-28 14:24:55
1363,210,VIEW,2025-11-01 08:57:51
1363,209,VIEW,2025-11-14 09:54:38
1363,213,VIEW,2025-11-20 07:04:36
1363,183,VIEW,2025-11-28 13:25:59
1363,203,VIEW,2025-12-08 07:49:07
1363,209,VIEW,2025-12-11 23:58:47
1363,194,VIEW,2025-12-18 05:59:57
1363,208,VIEW,2025-12-31 07:08:15
1363,209,ADD_TO_CART,2026-01-02 09:33:43
1363,198,SEARCH,2026-01-11 11:17:41
1363,198,VIEW,2026-01-11 16:48:31
1363,207,VIEW,2026-01-20 05:25:39
1363,179,SHARE,2026-01-22 15:41:45
1363,190,ADD_TO_CART,2026-01-31 17:27:23
1363,215,VIEW,2026-02-02 22:17:37
1363,207,VIEW,2026-02-03 10:59:40
1363,217,VIEW,2026-02-21 02:32:07
1363,209,VIEW,2026-04-11 09:49:21
1363,189,VIEW,2026-04-11 14:45:45
1363,190,SEARCH,2026-04-12 19:37:03
1363,207,SEARCH,2026-04-17 08:28:55
1363,202,VIEW,2026-05-07 08:44:16
1363,213,VIEW,2026-05-18 11:56:40
1363,189,VIEW,2026-05-30 11:16:12
1363,209,VIEW,2026-06-02 11:30:15
1363,199,VIEW,2026-06-04 00:24:50
1363,190,VIEW,2026-06-16 11:24:07
1363,207,VIEW,2026-06-24 17:49:00
1364,212,VIEW,2025-10-01 05:52:45
1364,207,SEARCH,2025-10-14 12:16:49
1364,207,VIEW,2025-10-20 23:36:12
1364,190,ADD_TO_CART,2025-11-14 07:58:17
1364,205,VIEW,2025-11-15 16:07:21
1364,207,VIEW,2025-12-04 16:41:50
1364,206,VIEW,2025-12-21 21:16:02
1364,208,VIEW,2025-12-28 06:56:13
1364,209,SEARCH,2026-01-11 19:25:50
1364,195,SHARE,2026-01-12 09:16:46
1364,206,VIEW,2026-01-21 14:18:19
1364,179,VIEW,2026-01-22 07:56:59
1364,201,VIEW,2026-02-01 03:35:34
1364,198,VIEW,2026-02-05 12:24:03
1364,208,SEARCH,2026-02-16 04:07:02
1364,207,FAVORITE,2026-02-17 14:06:11
1364,208,VIEW,2026-02-22 03:11:05
1364,208,ADD_TO_CART,2026-03-15 18:58:37
1364,207,VIEW,2026-03-17 21:26:29
1364,206,VIEW,2026-03-29 20:51:36
1364,207,FAVORITE,2026-04-11 14:33:18
1364,207,VIEW,2026-05-04 17:03:31
1364,208,SEARCH,2026-05-27 14:36:28
1364,212,VIEW,2026-06-12 14:14:16
1364,208,VIEW,2026-06-19 10:28:29
1364,196,VIEW,2026-06-26 23:10:56
1364,212,VIEW,2026-07-03 14:58:54
1364,212,VIEW,2026-07-14 15:11:21
1364,190,VIEW,2026-07-21 12:15:00
1365,211,VIEW,2026-01-21 04:43:37
1365,217,VIEW,2026-01-26 21:06:06
1365,205,SEARCH,2026-01-28 14:10:12
1365,216,SEARCH,2026-02-09 08:46:15
1365,205,SEARCH,2026-02-14 16:32:04
1365,203,VIEW,2026-02-22 21:38:52
1365,204,FAVORITE,2026-02-25 20:18:39
1365,207,VIEW,2026-02-26 02:43:46
1365,212,VIEW,2026-03-04 02:49:11
1365,209,SEARCH,2026-03-18 14:52:42
1365,204,FAVORITE,2026-03-20 00:38:23
1365,186,VIEW,2026-03-20 06:22:51
1365,217,VIEW,2026-03-23 06:45:25
1365,203,VIEW,2026-03-26 03:36:16
1365,202,VIEW,2026-03-27 15:42:45
1365,205,FAVORITE,2026-03-29 13:39:37
1365,185,SEARCH,2026-04-02 01:58:37
1365,208,ADD_TO_CART,2026-04-17 09:55:07
1365,207,VIEW,2026-04-17 10:23:39
1365,204,VIEW,2026-04-17 16:49:40
1365,207,SEARCH,2026-04-18 01:12:29
1365,207,VIEW,2026-04-18 22:31:36
1365,186,VIEW,2026-04-28 19:57:32
1365,193,VIEW,2026-05-02 05:14:11
1365,187,VIEW,2026-05-02 17:13:15
1365,209,VIEW,2026-05-05 11:56:03
1365,203,FAVORITE,2026-05-05 12:30:45
1365,187,ADD_TO_CART,2026-05-11 09:44:47
1365,213,VIEW,2026-05-12 12:23:15
1365,182,VIEW,2026-05-18 10:11:20
1365,194,SEARCH,2026-05-27 21:01:55
1365,208,FAVORITE,2026-05-28 06:29:07
1365,187,VIEW,2026-05-30 10:09:25
1365,207,SEARCH,2026-06-08 11:02:09
1365,209,VIEW,2026-06-10 06:11:06
1365,207,FAVORITE,2026-06-14 03:40:40
1365,188,SEARCH,2026-06-14 21:29:22
1365,193,VIEW,2026-06-15 09:35:08
1365,187,SHARE,2026-06-17 14:55:05
1365,205,ADD_TO_CART,2026-06-19 10:09:42
1365,210,VIEW,2026-06-19 13:32:23
1365,185,VIEW,2026-06-21 16:39:52
1365,203,VIEW,2026-06-22 14:30:09
1365,203,SEARCH,2026-06-28 12:52:14
1365,185,SEARCH,2026-06-30 18:51:46
1365,186,ADD_TO_CART,2026-07-21 10:53:00
1366,192,VIEW,2026-01-19 11:10:28
1366,212,SEARCH,2026-01-25 16:09:47
1366,200,SHARE,2026-01-27 06:20:25
1366,184,VIEW,2026-01-31 02:47:08
1366,217,VIEW,2026-02-01 10:46:20
1366,205,VIEW,2026-02-02 17:27:54
1366,194,FAVORITE,2026-02-03 21:59:26
1366,212,FAVORITE,2026-02-18 21:30:53
1366,211,VIEW,2026-03-03 10:54:02
1366,180,VIEW,2026-03-07 12:13:53
1366,198,VIEW,2026-03-08 21:58:55
1366,212,VIEW,2026-03-09 06:10:37
1366,200,VIEW,2026-03-11 15:04:29
1366,211,VIEW,2026-03-16 00:17:52
1366,201,SEARCH,2026-03-17 18:35:26
1366,192,VIEW,2026-03-30 01:57:44
1366,200,VIEW,2026-04-02 09:35:27
1366,212,ADD_TO_CART,2026-04-03 07:36:26
1366,211,FAVORITE,2026-04-04 23:17:43
1366,202,VIEW,2026-04-05 06:47:37
1366,183,SEARCH,2026-04-05 18:55:33
1366,183,VIEW,2026-04-23 00:55:37
1366,211,VIEW,2026-04-23 17:57:10
1366,192,VIEW,2026-04-23 19:56:47
1366,212,FAVORITE,2026-04-27 08:27:37
1366,201,SEARCH,2026-05-12 14:59:32
1366,195,SEARCH,2026-05-16 23:56:06
1366,200,VIEW,2026-05-20 19:18:05
1366,202,VIEW,2026-05-22 21:03:53
1366,192,ADD_TO_CART,2026-05-27 08:28:12
1366,192,SEARCH,2026-05-30 03:47:19
1366,194,ADD_TO_CART,2026-06-07 09:01:09
1366,181,VIEW,2026-06-10 17:03:24
1366,188,VIEW,2026-06-14 18:40:17
1366,182,VIEW,2026-06-15 22:06:26
1366,212,SEARCH,2026-06-17 16:28:00
1367,203,VIEW,2025-12-15 19:41:40
1367,200,VIEW,2025-12-16 02:20:16
1367,202,SEARCH,2025-12-22 19:15:00
1367,200,VIEW,2025-12-23 00:12:47
1367,203,ADD_TO_CART,2025-12-24 19:05:57
1367,203,SEARCH,2025-12-25 13:00:26
1367,199,SEARCH,2025-12-26 13:23:31
1367,184,SEARCH,2025-12-27 11:20:47
1367,203,VIEW,2025-12-27 19:32:41
1367,203,ADD_TO_CART,2026-01-03 20:14:54
1367,214,SEARCH,2026-01-04 12:39:21
1367,186,VIEW,2026-01-05 20:54:41
1367,210,VIEW,2026-01-10 11:10:57
1367,202,VIEW,2026-01-12 17:30:51
1367,218,VIEW,2026-01-12 22:54:29
1367,188,SEARCH,2026-01-18 11:04:34
1367,198,VIEW,2026-01-19 06:14:51
1367,207,VIEW,2026-01-19 08:30:34
1367,205,VIEW,2026-01-19 11:04:35
1367,216,VIEW,2026-01-20 06:49:46
1367,204,ADD_TO_CART,2026-01-20 09:08:02
1367,187,VIEW,2026-01-20 14:41:45
1367,182,VIEW,2026-01-20 21:34:17
1367,203,VIEW,2026-01-21 03:21:20
1367,182,SEARCH,2026-01-21 04:45:45
1367,187,VIEW,2026-01-24 04:27:00
1367,192,VIEW,2026-01-25 08:47:29
1367,182,VIEW,2026-01-25 23:09:15
1367,186,VIEW,2026-01-25 23:43:22
1367,204,VIEW,2026-01-27 00:38:30
1367,204,VIEW,2026-01-28 05:30:24
1367,184,ADD_TO_CART,2026-01-28 16:02:59
1367,187,ADD_TO_CART,2026-01-29 14:10:32
1367,208,FAVORITE,2026-02-01 17:00:02
1367,185,ADD_TO_CART,2026-02-01 21:29:51
1367,187,VIEW,2026-02-04 01:02:34
1367,214,ADD_TO_CART,2026-02-07 11:06:40
1367,181,FAVORITE,2026-02-07 21:44:33
1367,201,ADD_TO_CART,2026-02-10 06:49:46
1367,182,FAVORITE,2026-02-12 10:56:27
1367,191,ADD_TO_CART,2026-02-12 23:40:08
1367,210,VIEW,2026-02-15 09:14:53
1367,183,VIEW,2026-02-16 20:15:20
1367,194,VIEW,2026-02-17 13:29:43
1367,203,VIEW,2026-02-18 09:29:01
1367,203,SHARE,2026-02-20 08:08:08
1367,193,SEARCH,2026-02-22 04:44:59
1367,200,VIEW,2026-02-24 00:55:15
1367,185,VIEW,2026-02-26 12:57:09
1367,186,VIEW,2026-02-27 11:55:33
1367,218,SEARCH,2026-02-27 13:18:12
1367,204,ADD_TO_CART,2026-02-27 23:47:58
1367,188,VIEW,2026-03-03 07:27:10
1367,183,VIEW,2026-03-04 04:26:00
1367,179,VIEW,2026-03-05 14:52:56
1367,192,VIEW,2026-03-05 21:17:44
1367,203,VIEW,2026-03-08 12:16:45
1367,187,VIEW,2026-03-09 11:40:34
1367,203,VIEW,2026-03-10 12:40:39
1367,205,VIEW,2026-03-10 14:39:20
1367,201,SEARCH,2026-03-15 21:43:55
1367,188,FAVORITE,2026-03-17 08:07:14
1367,194,VIEW,2026-03-19 17:30:50
1367,202,SEARCH,2026-03-19 19:32:43
1367,181,VIEW,2026-03-21 05:39:56
1367,205,VIEW,2026-03-23 22:01:00
1367,213,VIEW,2026-03-24 09:44:41
1367,193,VIEW,2026-03-26 02:05:59
1367,200,ADD_TO_CART,2026-03-28 15:01:36
1367,187,VIEW,2026-03-29 15:25:30
1367,186,SEARCH,2026-04-01 17:27:45
1367,204,FAVORITE,2026-04-05 17:04:37
1367,185,ADD_TO_CART,2026-04-07 02:15:57
1367,199,VIEW,2026-04-13 06:32:08
1367,179,FAVORITE,2026-04-14 17:39:02
1367,201,SEARCH,2026-04-15 04:33:38
1367,207,SEARCH,2026-04-18 04:28:50
1367,203,VIEW,2026-04-21 16:40:00
1368,197,SHARE,2024-07-13 13:38:56
1368,211,SEARCH,2024-08-08 02:22:22
1368,187,VIEW,2024-09-11 02:59:12
1368,184,VIEW,2024-09-20 19:30:26
1368,192,ADD_TO_CART,2024-09-22 13:46:08
1368,192,VIEW,2024-10-08 09:24:52
1368,197,SEARCH,2024-10-14 12:49:51
1368,193,ADD_TO_CART,2024-10-16 23:32:58
1368,189,VIEW,2024-10-29 23:25:02
1368,186,VIEW,2024-11-16 09:39:38
1368,194,VIEW,2024-11-27 05:30:25
1368,212,SEARCH,2024-12-09 08:23:36
1368,192,VIEW,2024-12-15 06:33:31
1368,188,VIEW,2024-12-21 20:56:37
1368,186,VIEW,2025-02-01 09:06:09
1368,207,VIEW,2025-02-10 03:21:30
1368,181,FAVORITE,2025-02-18 02:43:27
1368,212,VIEW,2025-02-21 13:01:36
1368,212,VIEW,2025-03-16 10:14:01
1368,214,VIEW,2025-04-03 15:43:54
1368,192,SEARCH,2025-04-08 04:37:36
1368,212,FAVORITE,2025-04-16 17:19:36
1368,182,SEARCH,2025-05-07 01:49:27
1368,183,VIEW,2025-05-11 03:59:42
1368,183,VIEW,2025-05-14 17:38:45
1368,192,SHARE,2025-05-18 16:49:03
1368,194,VIEW,2025-05-27 17:43:50
1368,193,SEARCH,2025-05-27 23:35:38
1368,211,ADD_TO_CART,2025-06-17 06:05:01
1368,213,VIEW,2025-06-30 09:11:45
1368,210,ADD_TO_CART,2025-07-15 04:49:01
1368,192,VIEW,2025-08-11 23:33:27
1368,211,VIEW,2025-08-25 03:35:35
1368,193,VIEW,2025-08-29 08:07:48
1368,192,VIEW,2025-09-04 03:14:56
1368,205,VIEW,2025-10-01 03:30:33
1368,193,VIEW,2025-10-14 15:41:27
1368,208,SHARE,2025-10-16 11:59:34
1368,207,VIEW,2025-10-25 07:40:33
1368,193,VIEW,2025-11-13 02:46:02
1368,192,VIEW,2025-11-16 17:10:38
1368,194,VIEW,2025-12-04 23:46:28
1368,212,VIEW,2025-12-23 03:12:34
1368,214,SEARCH,2026-01-07 13:41:20
1368,213,VIEW,2026-01-18 08:11:23
1368,192,ADD_TO_CART,2026-01-30 22:37:52
1368,217,VIEW,2026-02-24 23:15:14
1368,212,ADD_TO_CART,2026-03-08 03:38:03
1368,217,VIEW,2026-03-14 00:30:48
1368,188,VIEW,2026-03-25 21:30:12
1368,214,VIEW,2026-03-29 11:21:26
1368,192,VIEW,2026-04-08 18:17:07
1368,214,SHARE,2026-05-05 19:55:25
1368,201,VIEW,2026-05-06 02:55:23
1368,192,VIEW,2026-05-19 07:05:57
1368,199,VIEW,2026-05-21 11:09:57
1368,212,SHARE,2026-05-23 23:47:04
1368,210,VIEW,2026-06-02 05:35:41
1368,212,ADD_TO_CART,2026-06-30 07:36:32
1368,214,VIEW,2026-07-04 07:19:23
1368,199,FAVORITE,2026-07-12 17:20:05
1368,210,VIEW,2026-07-19 18:06:42
1368,192,VIEW,2026-07-25 09:29:00
1369,208,ADD_TO_CART,2026-02-23 14:25:08
1369,204,SEARCH,2026-03-08 02:05:45
1369,208,VIEW,2026-03-14 08:12:51
1369,200,VIEW,2026-03-20 08:36:36
1369,213,VIEW,2026-03-20 20:21:30
1369,209,VIEW,2026-03-26 17:49:41
1369,196,VIEW,2026-04-01 01:01:57
1369,206,VIEW,2026-04-01 01:10:27
1369,218,VIEW,2026-04-07 04:46:05
1369,208,ADD_TO_CART,2026-04-11 03:34:49
1369,216,SEARCH,2026-04-12 10:46:27
1369,207,SEARCH,2026-04-18 05:57:43
1369,208,VIEW,2026-04-18 22:44:31
1369,207,VIEW,2026-04-27 14:08:35
1369,208,VIEW,2026-05-06 04:18:31
1369,207,VIEW,2026-05-08 01:46:22
1369,195,VIEW,2026-05-09 09:08:50
1369,187,ADD_TO_CART,2026-05-10 00:08:38
1369,207,FAVORITE,2026-05-11 12:27:01
1369,188,SEARCH,2026-05-12 21:25:04
1369,198,VIEW,2026-05-19 18:20:40
1369,217,VIEW,2026-05-20 23:43:52
1369,208,VIEW,2026-05-25 12:18:58
1369,216,FAVORITE,2026-05-27 09:17:19
1369,195,VIEW,2026-06-02 16:49:00
1370,184,VIEW,2026-05-10 06:46:49
1370,201,VIEW,2026-05-10 13:34:00
1370,215,SEARCH,2026-05-12 23:01:15
1370,194,FAVORITE,2026-05-20 18:24:53
1370,199,VIEW,2026-05-21 02:45:57
1370,193,VIEW,2026-05-22 00:06:44
1370,194,VIEW,2026-05-22 20:46:10
1370,215,ADD_TO_CART,2026-05-23 08:49:22
1370,202,VIEW,2026-05-23 15:23:45
1370,190,VIEW,2026-05-23 21:08:33
1370,184,VIEW,2026-05-25 17:33:59
1370,182,VIEW,2026-05-27 11:47:53
1370,193,FAVORITE,2026-05-27 20:46:44
1370,211,FAVORITE,2026-05-29 04:02:24
1370,216,SEARCH,2026-05-31 10:03:48
1370,200,ADD_TO_CART,2026-06-01 05:11:23
1370,194,VIEW,2026-06-02 00:37:10
1370,194,FAVORITE,2026-06-02 03:37:58
1370,214,SEARCH,2026-06-03 20:09:27
1370,194,VIEW,2026-06-04 01:42:08
1370,206,ADD_TO_CART,2026-06-04 06:54:14
1370,180,ADD_TO_CART,2026-06-07 06:17:17
1370,194,VIEW,2026-06-07 07:44:16
1370,213,FAVORITE,2026-06-09 22:22:16
1370,212,VIEW,2026-06-10 12:23:12
1370,194,ADD_TO_CART,2026-06-11 02:18:31
1370,213,VIEW,2026-06-11 18:41:26
1370,193,VIEW,2026-06-12 22:40:44
1370,193,SEARCH,2026-06-13 11:58:04
1370,183,FAVORITE,2026-06-14 11:58:36
1370,179,VIEW,2026-06-16 13:57:46
1370,193,VIEW,2026-06-16 21:01:27
1370,213,VIEW,2026-06-18 15:19:25
1370,184,VIEW,2026-06-18 20:52:15
1370,213,VIEW,2026-06-19 10:24:21
1370,213,FAVORITE,2026-06-21 06:22:09
1370,183,VIEW,2026-06-21 11:45:34
1370,194,VIEW,2026-06-21 20:47:53
1370,193,VIEW,2026-06-22 18:41:27
1370,194,VIEW,2026-06-23 01:09:45
1370,202,VIEW,2026-06-24 01:30:19
1370,202,VIEW,2026-06-24 09:21:11
1370,213,SEARCH,2026-06-25 06:46:37
1370,193,SEARCH,2026-06-26 20:28:11
1370,213,VIEW,2026-06-27 05:20:17
1370,218,FAVORITE,2026-06-27 12:52:28
1370,183,VIEW,2026-06-27 23:43:06
1370,194,SEARCH,2026-06-28 12:05:00
1371,218,VIEW,2025-06-09 23:20:13
1371,180,VIEW,2025-06-25 19:11:45
1371,209,VIEW,2025-07-21 00:55:15
1371,207,SEARCH,2025-07-24 01:13:47
1371,186,VIEW,2025-07-24 07:43:39
1371,217,VIEW,2025-07-26 03:25:13
1371,217,VIEW,2025-08-15 17:30:04
1371,196,VIEW,2025-09-01 09:47:04
1371,195,VIEW,2025-09-02 18:14:14
1371,201,SEARCH,2025-09-03 17:44:39
1371,217,VIEW,2025-09-03 18:51:31
1371,207,ADD_TO_CART,2025-09-06 17:10:49
1371,206,VIEW,2025-09-09 15:40:54
1371,195,VIEW,2025-09-26 14:37:06
1371,216,VIEW,2025-09-29 07:39:46
1371,217,VIEW,2025-10-04 17:04:37
1371,207,VIEW,2025-10-20 07:35:48
1371,216,VIEW,2025-10-21 14:19:10
1371,208,SEARCH,2025-11-01 09:20:04
1371,186,VIEW,2025-11-02 03:21:14
1371,217,VIEW,2025-11-02 15:03:32
1371,197,FAVORITE,2025-11-03 20:13:19
1371,179,VIEW,2025-11-03 20:33:01
1371,207,VIEW,2025-11-04 02:11:16
1371,195,SEARCH,2025-11-07 00:02:22
1371,189,ADD_TO_CART,2025-11-07 23:25:50
1371,216,VIEW,2025-11-11 09:03:47
1371,206,VIEW,2025-11-11 23:35:40
1371,195,VIEW,2025-11-14 04:39:43
1371,201,VIEW,2025-11-27 03:20:33
1371,207,VIEW,2025-12-05 11:16:42
1371,200,VIEW,2025-12-16 10:59:33
1371,184,VIEW,2025-12-30 07:19:53
1371,217,VIEW,2026-01-05 11:10:42
1371,212,ADD_TO_CART,2026-01-07 03:37:32
1371,196,SEARCH,2026-01-10 02:05:14
1371,214,ADD_TO_CART,2026-01-11 05:10:12
1371,217,VIEW,2026-01-13 07:29:04
1371,215,VIEW,2026-01-17 03:04:38
1371,213,VIEW,2026-01-19 09:31:55
1371,217,SEARCH,2026-01-19 18:48:09
1371,216,FAVORITE,2026-01-23 01:00:36
1371,216,SEARCH,2026-01-26 09:53:07
1371,217,ADD_TO_CART,2026-01-29 01:13:19
1371,192,FAVORITE,2026-01-31 21:16:21
1371,195,VIEW,2026-02-23 14:52:57
1371,210,SEARCH,2026-02-23 22:16:17
1371,196,VIEW,2026-02-24 17:30:20
1371,183,FAVORITE,2026-03-03 02:41:45
1371,217,VIEW,2026-03-14 00:42:23
1371,209,SHARE,2026-03-30 13:57:06
1371,181,VIEW,2026-04-08 00:07:12
1371,217,ADD_TO_CART,2026-04-10 15:28:10
1371,208,FAVORITE,2026-04-14 20:05:38
1371,215,VIEW,2026-04-23 10:44:35
1371,217,FAVORITE,2026-04-23 20:49:51
1371,207,VIEW,2026-04-27 23:04:27
1371,217,VIEW,2026-04-30 23:35:06
1371,195,ADD_TO_CART,2026-05-10 11:51:22
1371,217,VIEW,2026-05-16 12:00:23
1371,216,VIEW,2026-05-28 12:48:26
1371,198,VIEW,2026-06-08 12:11:08
1371,216,VIEW,2026-06-16 08:53:37
1371,192,FAVORITE,2026-06-22 12:56:04
1371,195,ADD_TO_CART,2026-07-06 16:35:00
1372,197,VIEW,2026-04-17 18:22:40
1372,193,ADD_TO_CART,2026-04-18 00:35:30
1372,192,VIEW,2026-04-18 08:06:36
1372,211,VIEW,2026-04-19 13:43:50
1372,212,ADD_TO_CART,2026-04-21 01:40:58
1372,198,VIEW,2026-04-21 09:13:12
1372,192,SHARE,2026-04-21 17:37:37
1372,212,FAVORITE,2026-04-22 15:51:05
1372,187,VIEW,2026-04-26 04:28:54
1372,180,VIEW,2026-04-27 14:28:16
1372,188,VIEW,2026-04-28 22:12:10
1372,199,VIEW,2026-04-29 20:57:00
1372,179,VIEW,2026-05-02 05:33:36
1372,197,VIEW,2026-05-02 09:22:04
1372,206,ADD_TO_CART,2026-05-03 03:17:10
1372,217,VIEW,2026-05-04 10:07:31
1372,199,FAVORITE,2026-05-05 23:16:41
1372,180,ADD_TO_CART,2026-05-07 07:49:10
1372,199,VIEW,2026-05-08 09:23:37
1372,211,VIEW,2026-05-08 09:45:39
1372,179,SEARCH,2026-05-09 02:42:36
1372,179,ADD_TO_CART,2026-05-09 05:59:27
1372,198,VIEW,2026-05-10 01:37:46
1372,199,VIEW,2026-05-11 13:24:35
1372,198,FAVORITE,2026-05-11 18:22:07
1372,181,VIEW,2026-05-12 01:44:23
1372,195,SEARCH,2026-05-15 02:20:43
1372,217,ADD_TO_CART,2026-05-15 21:40:37
1372,181,VIEW,2026-05-16 14:19:06
1372,199,VIEW,2026-05-17 05:19:16
1372,193,VIEW,2026-05-17 21:27:07
1372,187,FAVORITE,2026-05-18 00:33:37
1372,209,VIEW,2026-05-23 13:45:00
1372,198,ADD_TO_CART,2026-05-25 14:59:00
1373,218,SEARCH,2024-12-28 16:44:01
1373,207,VIEW,2025-02-22 18:03:43
1373,215,ADD_TO_CART,2026-05-06 10:34:00
1374,199,VIEW,2024-04-29 04:03:53
1374,180,VIEW,2024-05-07 06:55:48
1374,180,VIEW,2024-05-08 23:05:06
1374,209,SHARE,2024-05-26 00:24:42
1374,197,VIEW,2024-06-05 20:23:54
1374,183,VIEW,2024-06-16 15:32:32
1374,180,SEARCH,2024-06-16 20:41:38
1374,207,SEARCH,2024-07-13 18:43:18
1374,193,VIEW,2024-07-19 20:43:18
1374,195,SEARCH,2024-08-04 06:15:39
1374,198,VIEW,2024-09-21 07:50:42
1374,203,VIEW,2024-10-07 07:20:46
1374,179,SEARCH,2024-11-22 11:00:00
1374,197,VIEW,2025-01-17 22:10:42
1374,181,VIEW,2025-01-23 10:32:56
1374,206,VIEW,2025-01-28 22:09:45
1374,210,VIEW,2025-02-01 13:51:25
1374,197,SEARCH,2025-02-25 07:42:59
1374,184,VIEW,2025-03-23 20:28:29
1374,199,VIEW,2025-03-24 03:05:14
1374,198,SEARCH,2025-04-06 09:09:30
1374,197,VIEW,2025-04-17 02:07:57
1374,207,VIEW,2025-05-01 08:21:32
1374,208,SEARCH,2025-08-29 12:52:33
1374,199,SEARCH,2025-09-02 10:34:57
1374,179,VIEW,2025-09-21 15:03:44
1374,192,VIEW,2025-10-30 08:43:34
1374,217,VIEW,2026-01-01 07:11:32
1374,205,SEARCH,2026-04-08 02:41:53
1374,199,ADD_TO_CART,2026-04-08 15:34:48
1374,207,ADD_TO_CART,2026-05-10 09:52:02
1374,208,VIEW,2026-06-05 11:00:20
1374,197,SEARCH,2026-06-06 05:08:43
1374,179,VIEW,2026-07-04 04:48:53
1374,202,VIEW,2026-07-12 01:08:35
1374,191,VIEW,2026-07-21 18:02:00
1375,180,SEARCH,2025-05-02 00:12:23
1375,191,VIEW,2025-06-24 06:24:44
1375,207,ADD_TO_CART,2025-06-26 13:22:32
1375,209,VIEW,2025-07-02 15:15:27
1375,192,SEARCH,2025-07-09 05:58:08
1375,200,VIEW,2025-07-17 15:01:45
1375,188,VIEW,2025-07-20 01:55:50
1375,211,SEARCH,2025-08-06 19:24:00
1375,217,SEARCH,2025-08-08 09:55:09
1375,209,SEARCH,2025-08-09 23:02:46
1375,207,VIEW,2025-08-12 09:51:26
1375,192,VIEW,2025-08-19 12:32:15
1375,201,VIEW,2025-08-27 19:36:22
1375,182,VIEW,2025-08-29 18:53:47
1375,212,SEARCH,2025-09-03 06:31:44
1375,186,VIEW,2025-09-12 01:59:00
1375,212,SEARCH,2025-09-26 22:33:21
1375,185,VIEW,2025-10-15 09:06:21
1375,207,VIEW,2025-11-09 18:23:27
1375,197,VIEW,2025-11-11 03:20:47
1375,208,VIEW,2025-11-19 10:51:54
1375,211,VIEW,2025-11-25 09:19:27
1375,207,VIEW,2025-12-01 20:52:11
1375,182,SEARCH,2026-01-20 12:35:52
1375,210,VIEW,2026-01-26 01:06:30
1375,211,SEARCH,2026-02-11 02:08:34
1375,211,VIEW,2026-02-17 21:29:45
1375,187,SEARCH,2026-02-28 19:12:00
1375,195,VIEW,2026-03-13 09:14:28
1375,211,VIEW,2026-03-17 23:22:14
1375,214,VIEW,2026-04-12 13:24:35
1375,208,SHARE,2026-04-18 11:30:46
1375,197,VIEW,2026-04-28 09:09:25
1375,211,VIEW,2026-04-29 04:06:20
1375,210,SEARCH,2026-05-21 01:49:07
1375,202,VIEW,2026-05-26 08:42:52
1375,211,SEARCH,2026-05-27 03:59:26
1375,200,SHARE,2026-05-27 13:58:46
1375,211,VIEW,2026-06-03 16:35:56
1375,209,VIEW,2026-06-05 14:09:30
1375,182,SEARCH,2026-06-10 04:46:59
1375,212,SEARCH,2026-07-18 08:24:57
1375,212,ADD_TO_CART,2026-07-24 09:56:00
1376,184,SEARCH,2025-09-22 08:37:12
1376,197,VIEW,2025-09-26 04:56:58
1376,200,SEARCH,2025-10-03 03:55:51
1376,207,VIEW,2025-10-04 00:43:50
1376,180,SEARCH,2025-10-04 13:55:31
1376,197,ADD_TO_CART,2025-10-06 19:14:45
1376,180,SEARCH,2025-10-12 23:36:32
1376,198,SEARCH,2025-10-16 14:55:13
1376,199,SEARCH,2025-10-22 21:48:59
1376,196,VIEW,2025-11-02 16:16:39
1376,181,SEARCH,2025-11-02 16:43:27
1376,199,VIEW,2025-11-11 08:05:06
1376,186,SEARCH,2025-11-11 18:42:55
1376,181,SEARCH,2025-11-14 20:07:34
1376,199,SHARE,2025-11-15 14:44:09
1376,202,FAVORITE,2025-11-18 12:51:38
1376,184,VIEW,2025-11-19 23:29:01
1376,199,VIEW,2025-11-20 00:19:03
1376,200,VIEW,2025-11-24 14:42:59
1376,198,VIEW,2025-11-29 00:58:13
1376,199,VIEW,2025-12-01 18:01:41
1376,217,ADD_TO_CART,2025-12-14 15:56:26
1376,181,SEARCH,2025-12-27 15:34:45
1376,180,ADD_TO_CART,2025-12-29 15:13:06
1376,205,VIEW,2026-01-11 05:38:21
1376,199,ADD_TO_CART,2026-01-18 00:46:58
1376,197,ADD_TO_CART,2026-01-18 14:50:52
1376,197,VIEW,2026-02-01 12:29:21
1376,198,FAVORITE,2026-02-06 06:09:27
1376,201,VIEW,2026-02-07 14:46:09
1376,208,VIEW,2026-02-09 12:53:03
1376,181,VIEW,2026-02-13 10:15:02
1376,197,VIEW,2026-02-15 03:29:20
1376,197,VIEW,2026-02-15 05:44:51
1376,180,VIEW,2026-02-24 13:42:41
1376,207,VIEW,2026-02-27 18:12:43
1376,212,VIEW,2026-03-01 08:16:43
1376,217,VIEW,2026-03-03 11:40:54
1376,187,VIEW,2026-03-05 09:14:33
1376,180,SEARCH,2026-03-11 06:23:57
1376,181,VIEW,2026-03-15 23:49:44
1376,217,SEARCH,2026-03-16 22:15:22
1376,181,VIEW,2026-03-23 06:13:10
1376,198,SEARCH,2026-03-23 16:20:51
1376,180,VIEW,2026-03-26 12:29:03
1376,199,VIEW,2026-03-29 13:12:19
1376,179,VIEW,2026-04-04 16:43:00
1377,199,VIEW,2025-08-15 20:12:30
1377,186,VIEW,2025-08-24 18:22:23
1377,203,VIEW,2025-08-26 03:30:32
1377,195,SEARCH,2025-08-27 16:12:13
1377,215,ADD_TO_CART,2025-08-28 06:19:40
1377,202,VIEW,2025-08-30 10:11:42
1377,184,VIEW,2025-09-04 01:10:15
1377,197,SEARCH,2025-09-05 02:31:01
1377,183,VIEW,2025-09-18 02:24:42
1377,180,VIEW,2025-09-18 05:23:09
1377,193,VIEW,2025-09-28 20:36:22
1377,180,VIEW,2025-09-29 02:24:07
1377,198,SEARCH,2025-10-01 15:09:11
1377,212,SHARE,2025-10-02 02:01:51
1377,197,VIEW,2025-10-02 06:03:54
1377,179,VIEW,2025-10-07 19:49:26
1377,188,VIEW,2025-10-14 21:54:14
1377,203,VIEW,2025-10-22 12:24:53
1377,199,VIEW,2025-10-31 04:57:13
1377,198,VIEW,2025-10-31 15:02:09
1377,197,SEARCH,2025-11-05 14:31:05
1377,209,VIEW,2025-11-08 13:24:56
1377,181,SEARCH,2025-11-09 20:20:38
1377,199,VIEW,2025-11-10 22:58:42
1377,199,SEARCH,2025-11-14 05:35:26
1377,185,SEARCH,2025-11-16 21:22:44
1377,192,VIEW,2025-11-20 21:14:44
1377,192,ADD_TO_CART,2025-11-23 13:50:34
1377,197,SEARCH,2025-11-24 22:42:13
1377,180,VIEW,2025-11-25 06:11:03
1377,206,VIEW,2025-11-27 06:12:21
1377,181,VIEW,2025-12-06 21:46:22
1377,204,VIEW,2025-12-07 15:35:37
1377,212,SEARCH,2025-12-12 15:41:03
1377,192,FAVORITE,2025-12-14 13:40:13
1377,212,VIEW,2025-12-16 19:41:48
1377,212,VIEW,2025-12-17 21:19:45
1377,179,SEARCH,2025-12-19 05:06:23
1377,192,VIEW,2025-12-19 14:02:02
1377,198,FAVORITE,2025-12-30 18:54:10
1377,194,VIEW,2026-01-03 14:24:09
1377,180,VIEW,2026-01-11 23:28:16
1377,181,SEARCH,2026-01-17 01:12:22
1377,187,VIEW,2026-01-17 14:37:53
1377,180,VIEW,2026-01-18 18:32:30
1377,181,FAVORITE,2026-01-20 08:40:25
1377,209,ADD_TO_CART,2026-01-21 02:14:03
1377,211,SEARCH,2026-01-24 00:49:38
1377,201,VIEW,2026-01-27 03:08:54
1377,184,VIEW,2026-01-27 17:15:17
1377,198,FAVORITE,2026-02-01 00:27:48
1377,198,SEARCH,2026-02-05 00:48:32
1377,180,VIEW,2026-02-07 09:35:31
1377,188,SEARCH,2026-02-09 15:29:56
1377,208,VIEW,2026-02-17 21:24:27
1377,211,VIEW,2026-02-18 22:05:39
1377,199,VIEW,2026-02-19 19:05:26
1377,180,SHARE,2026-02-20 12:00:27
1377,180,VIEW,2026-02-21 11:00:51
1377,200,VIEW,2026-02-22 11:46:33
1377,199,VIEW,2026-02-25 09:20:21
1377,206,VIEW,2026-03-01 10:41:15
1377,218,VIEW,2026-03-01 19:15:34
1377,203,VIEW,2026-03-04 04:30:34
1377,187,VIEW,2026-03-13 16:46:13
1377,197,VIEW,2026-03-21 10:42:32
1377,217,SEARCH,2026-03-21 22:31:45
1377,191,VIEW,2026-03-22 23:17:43
1377,181,VIEW,2026-03-23 22:02:36
1377,181,VIEW,2026-03-26 04:27:02
1377,210,ADD_TO_CART,2026-03-31 21:13:19
1377,199,VIEW,2026-04-04 01:39:15
1377,208,VIEW,2026-04-09 09:56:33
1377,211,SEARCH,2026-04-10 19:45:00
1377,197,SEARCH,2026-04-11 15:15:04
1377,198,VIEW,2026-04-23 07:11:21
1377,186,SEARCH,2026-04-28 11:38:58
1377,192,VIEW,2026-04-29 05:20:01
1377,211,SHARE,2026-05-01 16:08:55
1377,210,VIEW,2026-05-01 19:36:55
1377,199,VIEW,2026-05-14 13:19:00
1378,180,VIEW,2025-08-09 08:37:29
1378,214,VIEW,2025-08-11 11:56:25
1378,211,SEARCH,2025-08-12 21:19:56
1378,206,SEARCH,2025-08-16 21:34:34
1378,211,ADD_TO_CART,2025-08-29 03:30:21
1378,192,VIEW,2025-08-31 19:50:44
1378,217,VIEW,2025-09-02 09:44:45
1378,194,VIEW,2025-09-11 03:55:32
1378,208,SEARCH,2025-09-12 15:30:33
1378,184,ADD_TO_CART,2025-09-30 18:38:55
1378,210,VIEW,2025-10-14 11:54:08
1378,189,SEARCH,2025-10-29 01:01:56
1378,181,VIEW,2025-11-03 04:52:48
1378,191,SEARCH,2025-11-06 19:21:20
1378,202,VIEW,2025-11-07 23:31:18
1378,212,VIEW,2025-11-09 14:16:37
1378,202,SEARCH,2025-11-17 18:24:41
1378,192,SEARCH,2025-11-22 14:28:59
1378,206,VIEW,2025-11-25 23:12:10
1378,207,VIEW,2025-11-26 10:31:31
1378,201,VIEW,2025-12-11 01:19:53
1378,189,VIEW,2025-12-14 00:17:37
1378,207,VIEW,2025-12-22 03:17:16
1378,206,VIEW,2025-12-27 07:44:03
1378,215,VIEW,2025-12-29 12:40:55
1378,217,VIEW,2026-01-05 23:28:58
1378,208,VIEW,2026-01-08 08:22:47
1378,204,VIEW,2026-01-10 17:21:48
1378,207,VIEW,2026-01-20 20:41:56
1378,206,VIEW,2026-02-01 15:17:06
1378,208,VIEW,2026-02-01 21:58:38
1378,207,SEARCH,2026-02-03 00:13:35
1378,184,VIEW,2026-02-03 12:48:31
1378,208,VIEW,2026-02-07 01:35:23
1378,210,VIEW,2026-02-08 19:06:10
1378,208,VIEW,2026-02-10 04:31:09
1378,208,VIEW,2026-02-13 09:52:01
1378,202,VIEW,2026-02-18 05:21:46
1378,203,ADD_TO_CART,2026-02-22 08:50:06
1378,208,VIEW,2026-02-28 21:11:25
1378,181,VIEW,2026-03-02 05:31:09
1378,209,VIEW,2026-03-09 11:27:01
1378,207,VIEW,2026-03-11 12:40:09
1378,207,SEARCH,2026-03-14 17:55:42
1378,189,VIEW,2026-03-16 00:01:14
1378,208,SEARCH,2026-03-26 01:27:08
1378,189,SEARCH,2026-03-26 07:30:42
1378,213,VIEW,2026-03-28 23:27:40
1378,200,FAVORITE,2026-04-03 15:11:41
1378,209,ADD_TO_CART,2026-04-05 09:58:04
1378,190,SHARE,2026-04-12 10:54:48
1378,180,ADD_TO_CART,2026-04-24 14:43:31
1378,206,VIEW,2026-04-28 00:57:31
1378,191,SEARCH,2026-04-30 02:47:19
1378,202,SEARCH,2026-05-12 09:29:27
1378,203,VIEW,2026-05-18 20:05:54
1378,211,VIEW,2026-05-19 17:47:35
1378,208,VIEW,2026-05-28 22:08:49
1378,192,VIEW,2026-05-30 12:02:49
1378,215,VIEW,2026-05-31 04:43:52
1378,182,VIEW,2026-06-01 22:33:06
1378,214,VIEW,2026-06-03 14:27:07
1378,188,SEARCH,2026-06-06 00:36:17
1378,206,VIEW,2026-06-11 14:05:49
1378,208,SEARCH,2026-06-13 06:03:42
1378,182,SEARCH,2026-06-16 13:32:54
1378,207,SEARCH,2026-06-17 12:45:44
1378,192,VIEW,2026-06-25 10:27:38
1378,206,VIEW,2026-06-28 03:03:54
1378,207,VIEW,2026-07-15 22:23:23
1378,184,VIEW,2026-07-20 18:19:00
1379,180,SEARCH,2024-07-21 14:47:59
1379,183,VIEW,2024-08-26 23:37:30
1379,200,SEARCH,2024-09-16 01:10:01
1379,180,VIEW,2024-10-04 01:34:56
1379,183,VIEW,2024-11-03 04:22:00
1379,179,VIEW,2024-11-06 04:19:22
1379,188,VIEW,2024-12-08 10:01:37
1379,200,VIEW,2025-01-01 22:23:13
1379,202,SEARCH,2025-01-22 16:15:04
1379,187,ADD_TO_CART,2025-01-24 02:06:14
1379,217,VIEW,2025-02-04 00:06:37
1379,180,SHARE,2025-02-05 20:05:22
1379,202,VIEW,2025-02-09 02:39:32
1379,201,SEARCH,2025-02-12 08:58:14
1379,203,VIEW,2025-02-19 04:14:04
1379,179,VIEW,2025-02-22 09:18:15
1379,198,VIEW,2025-03-12 18:30:13
1379,179,VIEW,2025-03-22 21:48:46
1379,184,FAVORITE,2025-03-26 16:39:45
1379,179,SEARCH,2025-04-04 03:14:44
1379,185,VIEW,2025-04-16 09:50:25
1379,197,VIEW,2025-05-16 16:59:33
1379,199,VIEW,2025-05-21 05:09:00
1379,183,VIEW,2025-05-26 03:05:32
1379,213,VIEW,2025-06-08 08:27:09
1379,181,SEARCH,2025-06-09 18:32:40
1379,179,VIEW,2025-07-04 10:20:30
1379,201,FAVORITE,2025-07-11 11:39:20
1379,197,VIEW,2025-07-12 18:46:19
1379,199,VIEW,2025-07-18 22:55:29
1379,193,SEARCH,2025-07-22 18:46:56
1379,196,SEARCH,2025-07-29 14:24:23
1379,194,VIEW,2025-07-31 03:15:51
1379,199,VIEW,2025-08-14 07:05:57
1379,181,VIEW,2025-08-14 10:48:53
1379,180,VIEW,2025-08-28 07:42:04
1379,193,VIEW,2025-08-30 01:36:55
1379,197,SEARCH,2025-08-31 18:29:20
1379,197,SEARCH,2025-09-03 09:57:04
1379,182,VIEW,2025-09-16 14:28:28
1379,180,VIEW,2025-10-19 02:13:38
1379,198,VIEW,2025-10-20 15:12:35
1379,201,ADD_TO_CART,2025-10-28 11:45:23
1379,198,SEARCH,2025-11-12 14:32:34
1379,198,VIEW,2025-11-26 17:58:58
1379,180,FAVORITE,2025-12-02 06:40:33
1379,198,SEARCH,2025-12-08 21:32:45
1379,211,VIEW,2025-12-25 15:07:35
1379,197,ADD_TO_CART,2025-12-27 22:37:01
1379,197,SEARCH,2026-01-24 00:49:22
1379,195,VIEW,2026-02-03 09:31:23
1379,187,SEARCH,2026-02-14 18:46:51
1379,197,VIEW,2026-02-19 05:03:26
1379,199,VIEW,2026-02-28 20:39:27
1379,202,VIEW,2026-03-02 14:03:50
1379,198,SEARCH,2026-03-05 07:35:19
1379,181,VIEW,2026-03-05 14:05:09
1379,181,VIEW,2026-03-05 23:59:51
1379,211,VIEW,2026-03-16 23:49:10
1379,184,VIEW,2026-03-22 05:25:55
1379,193,VIEW,2026-04-05 00:23:35
1379,192,SEARCH,2026-04-26 22:51:16
1379,212,SEARCH,2026-05-03 23:40:03
1379,199,SEARCH,2026-05-04 03:28:52
1379,181,VIEW,2026-05-09 21:25:40
1379,190,VIEW,2026-05-13 19:41:29
1379,181,SEARCH,2026-07-10 20:49:26
1379,181,VIEW,2026-07-12 15:44:00
1380,207,VIEW,2025-06-07 17:44:55
1380,207,SEARCH,2025-07-02 21:37:23
1380,208,VIEW,2025-07-03 21:31:51
1380,217,VIEW,2025-07-08 22:41:20
1380,180,ADD_TO_CART,2025-08-04 04:17:48
1380,207,SEARCH,2025-08-15 18:37:19
1380,207,FAVORITE,2025-08-22 05:41:33
1380,208,ADD_TO_CART,2025-08-23 01:50:20
1380,206,ADD_TO_CART,2025-08-29 21:14:36
1380,190,VIEW,2025-09-02 14:17:50
1380,208,VIEW,2025-09-04 22:53:45
1380,209,VIEW,2025-09-14 14:07:21
1380,180,SHARE,2025-09-20 02:15:06
1380,207,VIEW,2025-09-22 04:25:28
1380,189,SEARCH,2025-10-15 07:15:28
1380,203,VIEW,2025-10-22 02:26:34
1380,207,VIEW,2025-10-27 12:24:30
1380,194,FAVORITE,2025-10-29 14:25:11
1380,206,ADD_TO_CART,2025-11-01 05:14:05
1380,210,FAVORITE,2025-11-10 19:45:22
1380,207,SHARE,2025-11-15 05:59:28
1380,207,SHARE,2025-11-19 07:55:03
1380,211,VIEW,2025-11-19 19:50:25
1380,217,SEARCH,2025-12-02 12:20:22
1380,210,VIEW,2025-12-09 00:03:53
1380,207,SEARCH,2025-12-09 03:50:28
1380,209,VIEW,2025-12-25 14:30:32
1380,188,FAVORITE,2025-12-30 01:08:35
1380,210,ADD_TO_CART,2026-01-01 19:08:01
1380,193,VIEW,2026-01-02 00:17:37
1380,207,VIEW,2026-01-15 09:05:06
1380,195,SEARCH,2026-02-08 11:34:24
1380,183,VIEW,2026-02-10 01:36:24
1380,207,VIEW,2026-02-12 20:56:51
1380,210,VIEW,2026-02-14 03:24:44
1380,207,VIEW,2026-02-21 23:27:49
1380,199,ADD_TO_CART,2026-03-03 06:34:29
1380,194,VIEW,2026-03-04 05:42:53
1380,206,SEARCH,2026-03-12 13:21:05
1380,206,VIEW,2026-03-18 12:58:18
1380,207,VIEW,2026-03-23 22:06:51
1380,200,ADD_TO_CART,2026-03-29 18:28:05
1380,208,VIEW,2026-03-30 22:31:02
1380,210,SEARCH,2026-04-07 13:14:17
1380,196,VIEW,2026-04-29 03:08:36
1380,210,VIEW,2026-05-05 19:31:44
1380,211,VIEW,2026-05-06 02:55:22
1380,209,VIEW,2026-05-09 14:21:20
1380,207,SEARCH,2026-05-11 14:55:57
1380,189,VIEW,2026-06-07 06:03:11
1380,196,FAVORITE,2026-06-08 13:26:02
1380,217,SEARCH,2026-06-11 00:22:48
1380,208,FAVORITE,2026-06-15 14:46:00
1381,194,SEARCH,2025-06-11 16:33:32
1381,183,VIEW,2025-07-07 02:37:44
1381,207,VIEW,2025-07-20 07:21:50
1381,203,ADD_TO_CART,2025-07-30 16:09:47
1381,186,VIEW,2025-07-31 19:41:08
1381,185,VIEW,2025-08-02 04:20:37
1381,183,SEARCH,2025-08-05 00:27:12
1381,201,VIEW,2025-08-22 20:28:54
1381,209,ADD_TO_CART,2025-08-30 12:59:49
1381,186,VIEW,2025-09-03 15:04:05
1381,198,SHARE,2025-09-13 02:11:48
1381,211,VIEW,2025-09-22 20:27:29
1381,192,VIEW,2025-10-29 14:19:45
1381,210,VIEW,2025-12-04 20:54:46
1381,187,SEARCH,2025-12-20 18:42:00
1381,188,VIEW,2026-01-05 05:59:14
1381,201,VIEW,2026-01-05 11:58:30
1381,218,VIEW,2026-01-06 16:20:53
1381,184,SHARE,2026-01-13 19:34:00
1381,186,VIEW,2026-02-01 08:22:28
1381,187,VIEW,2026-02-02 16:21:24
1381,215,FAVORITE,2026-02-04 16:39:12
1381,203,VIEW,2026-04-03 07:55:27
1381,217,VIEW,2026-04-10 09:49:51
1381,213,VIEW,2026-04-27 22:01:33
1381,201,VIEW,2026-05-18 09:55:08
1381,180,SEARCH,2026-05-23 15:57:48
1381,207,VIEW,2026-06-08 13:34:12
1381,192,VIEW,2026-06-30 04:13:42
1381,203,ADD_TO_CART,2026-07-18 00:09:36
1381,185,SEARCH,2026-07-20 14:55:07
1381,192,VIEW,2026-07-24 16:48:00
1382,198,FAVORITE,2024-04-26 15:06:09
1382,193,SHARE,2024-05-08 13:09:19
1382,199,SHARE,2024-05-09 20:24:00
1382,204,ADD_TO_CART,2024-06-21 19:31:26
1382,192,SEARCH,2024-06-24 23:23:08
1382,206,VIEW,2024-07-13 02:48:41
1382,181,VIEW,2024-07-21 07:58:39
1382,192,SEARCH,2024-08-02 06:36:02
1382,198,SHARE,2024-09-04 12:47:53
1382,198,VIEW,2024-09-04 20:48:10
1382,197,VIEW,2024-09-08 02:53:39
1382,193,ADD_TO_CART,2024-09-19 19:52:42
1382,210,VIEW,2024-10-19 15:03:58
1382,195,VIEW,2024-11-09 01:37:51
1382,198,VIEW,2024-11-10 15:57:30
1382,194,VIEW,2024-11-11 10:54:22
1382,180,SEARCH,2024-12-12 03:45:34
1382,199,VIEW,2025-01-02 05:04:52
1382,216,VIEW,2025-01-10 22:02:14
1382,186,VIEW,2025-02-01 11:26:49
1382,181,VIEW,2025-02-17 10:58:08
1382,179,VIEW,2025-02-20 12:29:44
1382,199,SEARCH,2025-02-22 10:10:57
1382,180,SEARCH,2025-02-23 07:15:29
1382,179,FAVORITE,2025-02-25 22:18:02
1382,217,VIEW,2025-03-02 02:34:18
1382,205,ADD_TO_CART,2025-03-08 01:39:11
1382,209,ADD_TO_CART,2025-03-12 10:34:24
1382,202,SEARCH,2025-03-13 12:41:15
1382,179,VIEW,2025-03-15 09:58:26
1382,179,VIEW,2025-03-23 08:30:22
1382,193,VIEW,2025-04-20 07:15:38
1382,198,VIEW,2025-04-22 02:08:37
1382,187,VIEW,2025-06-04 23:56:57
1382,199,VIEW,2025-06-24 12:57:25
1382,215,SEARCH,2025-07-12 01:15:10
1382,198,VIEW,2025-07-16 18:57:18
1382,192,VIEW,2025-08-05 13:27:06
1382,201,VIEW,2025-08-20 03:51:13
1382,199,VIEW,2025-08-24 16:42:01
1382,179,SEARCH,2025-08-29 07:04:25
1382,199,VIEW,2025-09-04 23:31:32
1382,188,ADD_TO_CART,2025-09-16 11:26:23
1382,201,ADD_TO_CART,2025-09-17 00:48:54
1382,198,VIEW,2025-10-13 15:03:41
1382,192,VIEW,2025-10-19 19:03:49
1382,199,VIEW,2025-11-02 00:24:10
1382,181,VIEW,2025-11-04 21:07:16
1382,180,VIEW,2025-11-20 15:33:13
1382,199,VIEW,2025-12-03 08:22:41
1382,212,VIEW,2025-12-26 21:56:15
1382,211,VIEW,2025-12-31 03:10:37
1382,182,SEARCH,2026-01-06 03:55:38
1382,189,SEARCH,2026-02-06 12:31:27
1382,218,VIEW,2026-02-14 19:27:24
1382,199,VIEW,2026-02-19 06:59:13
1382,199,SHARE,2026-03-11 18:43:14
1382,212,VIEW,2026-03-13 11:56:34
1382,199,VIEW,2026-03-30 02:43:59
1382,197,VIEW,2026-04-12 22:46:45
1382,191,SHARE,2026-04-24 05:58:16
1382,201,VIEW,2026-05-08 05:31:50
1382,192,VIEW,2026-05-25 02:09:51
1382,181,FAVORITE,2026-05-29 00:51:45
1382,199,VIEW,2026-06-12 10:55:56
1382,213,ADD_TO_CART,2026-06-23 12:24:40
1382,198,VIEW,2026-06-30 22:49:29
1382,197,SEARCH,2026-07-06 10:49:00
1383,201,VIEW,2024-12-13 04:59:50
1383,201,ADD_TO_CART,2024-12-21 00:28:11
1383,210,SEARCH,2025-02-07 11:51:27
1383,202,SEARCH,2025-02-21 09:19:54
1383,200,VIEW,2025-02-24 09:45:27
1383,201,VIEW,2025-03-20 17:46:48
1383,201,SEARCH,2025-03-22 06:47:00
1383,196,VIEW,2025-03-26 04:28:47
1383,202,VIEW,2025-04-27 20:16:11
1383,209,VIEW,2025-04-29 03:16:02
1383,189,VIEW,2025-05-09 06:32:55
1383,191,VIEW,2025-05-16 01:55:28
1383,181,VIEW,2025-05-24 00:24:54
1383,207,SEARCH,2025-06-01 05:18:41
1383,183,VIEW,2025-06-17 09:23:46
1383,210,VIEW,2025-07-04 13:10:49
1383,183,VIEW,2025-07-07 05:41:41
1383,201,VIEW,2025-07-10 14:56:54
1383,194,VIEW,2025-08-02 10:39:15
1383,201,VIEW,2025-08-05 05:29:37
1383,184,SEARCH,2025-08-08 02:08:24
1383,201,VIEW,2025-08-17 18:46:44
1383,211,VIEW,2025-08-18 00:31:21
1383,201,ADD_TO_CART,2025-08-29 09:39:53
1383,213,VIEW,2025-08-31 08:00:27
1383,202,SEARCH,2025-09-08 05:35:33
1383,188,VIEW,2025-09-08 21:44:19
1383,183,VIEW,2025-09-11 11:33:49
1383,194,VIEW,2025-09-16 11:43:17
1383,181,VIEW,2025-09-27 05:03:53
1383,200,SEARCH,2025-09-30 01:20:02
1383,201,VIEW,2025-10-03 20:12:00
1383,191,SEARCH,2025-10-04 20:35:23
1383,202,VIEW,2025-10-10 14:07:37
1383,202,ADD_TO_CART,2025-10-12 04:00:13
1383,187,VIEW,2025-11-06 05:56:41
1383,183,VIEW,2025-11-06 18:08:35
1383,185,VIEW,2025-11-20 16:20:03
1383,193,VIEW,2025-11-28 03:56:12
1383,193,VIEW,2025-12-04 20:16:25
1383,184,VIEW,2025-12-22 06:32:32
1383,182,ADD_TO_CART,2026-01-16 08:38:04
1383,201,VIEW,2026-02-04 23:59:43
1383,202,VIEW,2026-02-12 22:16:54
1383,202,ADD_TO_CART,2026-02-18 18:15:53
1383,198,VIEW,2026-02-19 05:56:48
1383,202,VIEW,2026-02-25 20:59:58
1383,184,VIEW,2026-03-01 10:15:40
1383,186,FAVORITE,2026-03-02 15:51:05
1383,196,SHARE,2026-03-03 02:11:15
1383,184,SEARCH,2026-03-07 05:43:15
1383,201,VIEW,2026-03-07 07:42:14
1383,201,VIEW,2026-03-14 14:27:30
1383,200,VIEW,2026-03-17 09:41:30
1383,184,VIEW,2026-03-20 01:34:44
1383,210,VIEW,2026-03-22 07:02:33
1383,209,ADD_TO_CART,2026-03-25 05:39:32
1383,211,ADD_TO_CART,2026-03-25 15:35:22
1383,201,ADD_TO_CART,2026-04-03 09:33:24
1383,192,SEARCH,2026-04-12 02:28:24
1383,202,VIEW,2026-04-15 10:02:38
1383,184,VIEW,2026-04-24 08:48:58
1383,200,VIEW,2026-04-28 22:06:48
1383,209,VIEW,2026-05-06 19:27:31
1383,191,VIEW,2026-05-07 02:56:32
1383,190,ADD_TO_CART,2026-05-16 01:55:16
1383,197,VIEW,2026-05-21 20:50:16
1383,212,SEARCH,2026-05-23 07:47:10
1383,218,VIEW,2026-06-02 01:49:51
1383,209,VIEW,2026-06-02 09:46:31
1383,209,SEARCH,2026-06-08 08:32:08
1383,193,VIEW,2026-06-24 12:37:00
1384,209,VIEW,2026-05-25 03:23:24
1384,209,VIEW,2026-05-26 18:04:53
1384,190,VIEW,2026-05-26 23:14:53
1384,186,SEARCH,2026-05-28 18:35:36
1384,210,VIEW,2026-05-29 11:38:50
1384,194,SEARCH,2026-05-30 12:25:00
1384,203,ADD_TO_CART,2026-05-31 04:10:10
1384,209,VIEW,2026-06-03 20:25:46
1384,190,VIEW,2026-06-04 19:08:16
1384,209,VIEW,2026-06-05 18:21:39
1384,217,SEARCH,2026-06-06 22:10:50
1384,209,VIEW,2026-06-07 18:51:28
1384,191,VIEW,2026-06-08 15:27:22
1384,185,SEARCH,2026-06-08 18:59:04
1384,209,VIEW,2026-06-12 00:51:55
1384,209,ADD_TO_CART,2026-06-12 12:43:19
1384,190,VIEW,2026-06-13 06:54:34
1384,204,VIEW,2026-06-14 12:16:22
1384,205,VIEW,2026-06-17 06:18:32
1384,190,VIEW,2026-06-21 09:58:50
1384,210,ADD_TO_CART,2026-06-21 12:30:03
1384,209,VIEW,2026-06-21 14:46:09
1384,189,VIEW,2026-06-23 03:08:00
1384,195,VIEW,2026-06-24 03:33:51
1384,202,VIEW,2026-06-25 02:46:23
1384,191,VIEW,2026-06-30 04:29:38
1384,184,VIEW,2026-07-01 16:43:58
1384,180,VIEW,2026-07-02 03:55:14
1384,195,VIEW,2026-07-02 13:37:17
1384,190,FAVORITE,2026-07-03 02:54:35
1384,209,FAVORITE,2026-07-04 14:14:07
1384,189,SEARCH,2026-07-04 18:15:01
1384,209,VIEW,2026-07-05 01:02:31
1384,187,VIEW,2026-07-05 10:33:03
1384,204,VIEW,2026-07-06 00:33:42
1384,203,VIEW,2026-07-06 20:12:45
1384,208,VIEW,2026-07-11 09:11:00
1385,187,SEARCH,2025-03-30 09:04:53
1385,204,ADD_TO_CART,2025-03-30 23:51:39
1385,213,SEARCH,2025-04-01 20:02:28
1385,187,VIEW,2025-06-07 13:29:14
1385,217,VIEW,2025-08-21 18:29:00
1385,204,VIEW,2025-09-05 00:54:31
1385,185,VIEW,2025-09-14 14:29:43
1385,183,ADD_TO_CART,2025-09-25 22:46:12
1385,188,VIEW,2025-10-05 08:55:29
1385,208,VIEW,2025-11-15 21:34:53
1385,203,SEARCH,2025-12-23 03:02:52
1385,213,VIEW,2026-01-26 01:19:58
1385,203,VIEW,2026-02-21 18:10:00
1386,207,VIEW,2025-11-17 11:19:08
1386,197,VIEW,2025-11-23 00:37:37
1386,184,ADD_TO_CART,2025-11-29 02:32:34
1386,186,SEARCH,2025-12-15 14:23:23
1386,218,SEARCH,2025-12-22 04:44:18
1386,204,VIEW,2025-12-26 08:59:33
1386,207,VIEW,2025-12-29 17:38:55
1386,206,VIEW,2026-01-07 06:30:47
1386,208,VIEW,2026-01-07 09:15:55
1386,207,FAVORITE,2026-01-13 11:49:03
1386,187,VIEW,2026-01-21 10:31:53
1386,207,VIEW,2026-02-05 19:27:03
1386,180,SEARCH,2026-02-06 02:15:05
1386,206,SEARCH,2026-02-09 18:13:32
1386,208,ADD_TO_CART,2026-03-13 10:20:57
1386,210,ADD_TO_CART,2026-04-05 01:12:18
1386,181,SEARCH,2026-04-14 00:15:14
1386,218,VIEW,2026-04-19 00:06:50
1386,185,FAVORITE,2026-05-01 04:21:40
1386,185,VIEW,2026-05-05 20:48:51
1386,210,ADD_TO_CART,2026-05-08 02:56:52
1386,206,VIEW,2026-05-17 06:56:11
1386,208,VIEW,2026-05-17 23:27:28
1386,195,SHARE,2026-05-18 06:11:18
1386,187,VIEW,2026-05-18 17:21:52
1386,195,SEARCH,2026-05-22 06:13:15
1386,203,VIEW,2026-05-24 21:57:49
1386,209,SEARCH,2026-06-04 12:33:08
1386,199,ADD_TO_CART,2026-06-14 10:05:00
1387,217,SEARCH,2024-05-09 15:56:54
1387,216,VIEW,2024-05-11 15:05:24
1387,180,VIEW,2024-05-14 20:25:10
1387,216,VIEW,2024-05-25 04:53:57
1387,208,ADD_TO_CART,2024-05-28 17:34:02
1387,215,VIEW,2024-06-26 14:26:20
1387,198,VIEW,2024-07-28 20:27:27
1387,216,VIEW,2024-08-12 09:39:45
1387,191,SEARCH,2024-09-19 08:19:46
1387,217,VIEW,2024-09-20 18:15:47
1387,210,VIEW,2024-09-23 20:24:34
1387,213,VIEW,2024-10-02 05:24:50
1387,207,ADD_TO_CART,2024-10-18 09:12:01
1387,216,VIEW,2024-10-28 23:31:15
1387,196,VIEW,2024-11-06 13:37:53
1387,196,VIEW,2024-11-10 15:01:00
1387,215,VIEW,2024-12-12 19:26:53
1387,209,SHARE,2024-12-15 23:40:37
1387,216,VIEW,2025-01-15 15:14:19
1387,209,VIEW,2025-01-29 11:46:17
1387,195,VIEW,2025-02-08 00:01:52
1387,187,VIEW,2025-03-15 18:02:48
1387,217,SEARCH,2025-04-15 05:28:57
1387,209,VIEW,2025-04-19 10:40:24
1387,215,ADD_TO_CART,2025-04-29 15:28:08
1387,215,VIEW,2025-05-03 11:49:13
1387,216,VIEW,2025-05-08 16:29:39
1387,217,VIEW,2025-05-23 04:31:26
1387,187,VIEW,2025-06-07 02:21:45
1387,197,SEARCH,2025-06-22 22:22:18
1387,199,VIEW,2025-06-27 21:54:46
1387,202,VIEW,2025-07-11 17:30:13
1387,208,SEARCH,2025-07-26 04:48:11
1387,216,SEARCH,2025-07-27 10:50:04
1387,217,VIEW,2025-08-05 14:54:17
1387,195,VIEW,2025-08-09 05:20:46
1387,216,VIEW,2025-08-11 16:25:28
1387,210,VIEW,2025-08-27 11:40:37
1387,180,VIEW,2025-09-03 03:02:59
1387,195,VIEW,2025-09-12 02:29:43
1387,208,SEARCH,2025-09-17 01:28:32
1387,215,VIEW,2025-10-03 08:00:30
1387,215,VIEW,2025-10-07 09:34:50
1387,196,VIEW,2025-11-03 07:25:37
1387,216,VIEW,2025-11-03 09:00:49
1387,202,VIEW,2025-11-25 21:04:08
1387,195,FAVORITE,2025-12-02 12:57:26
1387,215,VIEW,2025-12-08 09:56:03
1387,216,VIEW,2026-02-08 04:24:40
1387,218,VIEW,2026-03-09 20:57:08
1387,199,VIEW,2026-03-24 05:00:44
1387,189,VIEW,2026-03-28 13:11:35
1387,216,VIEW,2026-04-04 22:19:26
1387,217,VIEW,2026-04-12 08:18:31
1387,196,SEARCH,2026-04-30 14:45:00
1388,185,VIEW,2026-05-14 15:51:30
1388,192,VIEW,2026-05-15 19:21:29
1388,187,VIEW,2026-05-17 14:45:30
1388,203,VIEW,2026-05-23 01:21:23
1388,210,VIEW,2026-05-24 07:27:01
1388,193,SEARCH,2026-05-26 14:42:06
1388,209,VIEW,2026-05-28 14:23:21
1388,209,ADD_TO_CART,2026-05-28 19:04:05
1388,203,VIEW,2026-05-29 15:09:39
1388,186,FAVORITE,2026-05-31 07:21:49
1388,185,SEARCH,2026-05-31 14:13:54
1388,218,VIEW,2026-05-31 14:15:49
1388,204,SEARCH,2026-06-01 12:40:54
1388,190,SEARCH,2026-06-02 12:57:19
1388,187,SEARCH,2026-06-03 06:25:24
1388,186,VIEW,2026-06-03 10:52:55
1388,204,VIEW,2026-06-07 04:36:39
1388,213,VIEW,2026-06-08 02:49:14
1388,187,ADD_TO_CART,2026-06-09 04:24:02
1388,186,VIEW,2026-06-10 10:11:25
1388,185,FAVORITE,2026-06-10 10:55:48
1388,201,VIEW,2026-06-11 00:24:57
1388,199,VIEW,2026-06-12 03:40:21
1388,179,VIEW,2026-06-13 03:47:39
1388,217,VIEW,2026-06-13 06:15:22
1388,204,VIEW,2026-06-13 07:07:59
1388,193,VIEW,2026-06-13 19:26:11
1388,205,FAVORITE,2026-06-15 08:09:15
1388,186,VIEW,2026-06-16 00:05:03
1388,185,SHARE,2026-06-16 16:06:05
1388,187,ADD_TO_CART,2026-06-16 18:21:18
1388,203,VIEW,2026-06-18 17:06:40
1388,203,VIEW,2026-06-19 08:11:16
1388,188,VIEW,2026-06-20 04:22:12
1388,188,VIEW,2026-06-20 08:26:39
1388,205,VIEW,2026-06-21 22:37:36
1388,185,VIEW,2026-06-23 13:02:11
1388,203,VIEW,2026-06-23 16:43:20
1388,186,VIEW,2026-06-23 18:01:21
1388,187,VIEW,2026-06-25 05:11:30
1388,198,SEARCH,2026-06-25 08:04:08
1388,180,VIEW,2026-06-27 12:51:54
1388,205,VIEW,2026-06-28 18:51:19
1388,186,VIEW,2026-06-29 08:21:26
1388,194,VIEW,2026-06-29 18:43:17
1388,187,SHARE,2026-06-30 06:15:43
1388,204,VIEW,2026-06-30 07:37:34
1388,204,VIEW,2026-06-30 11:17:07
1388,204,VIEW,2026-07-03 08:53:53
1388,199,VIEW,2026-07-04 09:28:25
1388,195,VIEW,2026-07-06 11:33:54
1388,187,VIEW,2026-07-06 15:57:57
1388,213,VIEW,2026-07-08 03:03:26
1388,213,VIEW,2026-07-11 03:19:56
1388,187,VIEW,2026-07-11 14:18:00
1389,213,VIEW,2025-10-02 17:46:53
1389,193,VIEW,2025-10-02 18:30:19
1389,190,VIEW,2025-10-04 08:21:43
1389,193,VIEW,2025-10-06 23:56:47
1389,214,VIEW,2025-10-08 23:22:09
1389,207,VIEW,2025-10-22 22:56:46
1389,194,VIEW,2025-10-29 04:18:01
1389,181,VIEW,2025-10-30 10:20:15
1389,206,SEARCH,2025-11-08 05:17:47
1389,193,ADD_TO_CART,2025-11-20 18:34:57
1389,213,VIEW,2025-11-30 16:46:17
1389,193,VIEW,2025-12-09 18:02:44
1389,192,VIEW,2025-12-14 16:58:53
1389,206,VIEW,2025-12-15 11:44:17
1389,206,ADD_TO_CART,2025-12-18 16:38:16
1389,194,VIEW,2025-12-26 10:59:34
1389,193,VIEW,2025-12-29 19:48:53
1389,217,VIEW,2026-01-01 12:42:41
1389,193,SEARCH,2026-01-09 14:24:01
1389,201,SEARCH,2026-01-20 00:27:14
1389,207,VIEW,2026-01-22 13:44:31
1389,217,ADD_TO_CART,2026-01-27 08:13:18
1389,214,VIEW,2026-02-03 17:20:07
1389,194,SHARE,2026-02-05 06:21:20
1389,208,VIEW,2026-02-10 17:38:59
1389,188,VIEW,2026-02-16 04:55:40
1389,213,FAVORITE,2026-02-23 11:24:04
1389,199,VIEW,2026-02-26 22:10:17
1389,218,VIEW,2026-02-28 02:54:13
1389,194,VIEW,2026-02-28 03:06:51
1389,193,VIEW,2026-02-28 11:21:04
1389,210,ADD_TO_CART,2026-02-28 15:37:41
1389,193,SEARCH,2026-03-08 13:51:24
1389,194,FAVORITE,2026-03-16 09:00:23
1389,213,VIEW,2026-03-19 12:28:55
1389,213,VIEW,2026-04-02 04:57:13
1389,193,ADD_TO_CART,2026-04-06 14:42:36
1389,193,VIEW,2026-04-09 05:58:01
1389,214,ADD_TO_CART,2026-04-10 21:30:43
1389,193,SHARE,2026-04-12 09:18:52
1389,188,VIEW,2026-04-18 01:10:46
1389,210,VIEW,2026-04-22 01:28:28
1389,194,VIEW,2026-04-22 04:14:56
1389,214,VIEW,2026-04-22 13:01:23
1389,187,FAVORITE,2026-04-24 16:46:16
1389,200,SHARE,2026-04-26 23:21:30
1389,206,VIEW,2026-05-03 04:48:45
1389,201,SEARCH,2026-05-04 11:33:12
1389,212,SEARCH,2026-05-07 12:45:54
1389,213,SEARCH,2026-05-11 16:36:15
1389,205,VIEW,2026-05-18 11:00:21
1389,193,SHARE,2026-05-18 23:48:35
1389,208,VIEW,2026-05-20 20:07:56
1389,208,SHARE,2026-05-21 02:10:12
1389,194,SEARCH,2026-06-04 14:38:59
1389,217,VIEW,2026-06-07 00:39:08
1389,195,VIEW,2026-06-10 18:34:06
1389,218,ADD_TO_CART,2026-06-11 04:30:55
1389,208,VIEW,2026-06-11 05:42:28
1389,207,SEARCH,2026-06-18 12:13:09
1389,194,VIEW,2026-06-27 16:15:00
1390,190,SEARCH,2026-04-01 16:13:09
1390,194,VIEW,2026-04-09 22:19:57
1390,202,VIEW,2026-04-10 15:56:52
1390,183,SEARCH,2026-04-13 05:27:17
1390,184,VIEW,2026-04-15 05:45:55
1390,202,SEARCH,2026-04-19 07:55:19
1390,218,ADD_TO_CART,2026-04-21 11:37:13
1390,213,VIEW,2026-04-22 02:04:07
1390,182,FAVORITE,2026-04-23 04:53:52
1390,183,VIEW,2026-04-25 17:01:36
1390,184,SEARCH,2026-04-26 20:16:26
1390,183,ADD_TO_CART,2026-04-26 21:42:50
1390,210,VIEW,2026-04-27 03:03:04
1390,190,VIEW,2026-04-28 22:36:26
1390,189,FAVORITE,2026-05-03 01:22:08
1390,184,ADD_TO_CART,2026-05-10 15:53:33
1390,200,ADD_TO_CART,2026-05-12 05:38:36
1390,194,VIEW,2026-05-13 03:52:38
1390,202,SEARCH,2026-05-13 12:38:37
1390,206,SHARE,2026-05-14 00:28:16
1390,217,VIEW,2026-05-14 08:25:57
1390,204,VIEW,2026-05-17 11:13:17
1390,183,SEARCH,2026-05-19 23:11:07
1390,202,VIEW,2026-05-21 08:53:50
1390,184,VIEW,2026-05-24 09:11:39
1390,198,VIEW,2026-05-25 07:41:27
1390,200,SEARCH,2026-05-28 22:44:47
1390,183,ADD_TO_CART,2026-06-03 06:47:29
1390,188,VIEW,2026-06-03 20:17:17
1390,182,SEARCH,2026-06-04 07:28:33
1390,184,VIEW,2026-06-04 10:15:29
1390,190,VIEW,2026-06-05 12:28:08
1390,202,VIEW,2026-06-06 01:31:49
1390,183,VIEW,2026-06-10 17:28:58
1390,202,VIEW,2026-06-11 20:37:30
1390,201,VIEW,2026-06-12 06:09:54
1390,201,VIEW,2026-06-12 14:38:41
1390,202,VIEW,2026-06-12 14:50:46
1390,200,VIEW,2026-06-16 01:42:43
1390,182,VIEW,2026-06-17 03:23:14
1390,203,ADD_TO_CART,2026-06-17 23:10:04
1390,202,VIEW,2026-06-18 17:26:43
1390,201,SEARCH,2026-06-20 07:37:01
1390,195,VIEW,2026-06-21 19:14:03
1390,202,VIEW,2026-06-23 08:46:49
1390,201,VIEW,2026-06-25 07:02:37
1390,201,VIEW,2026-06-26 10:19:48
1390,202,SEARCH,2026-06-26 14:26:37
1390,190,VIEW,2026-06-26 15:34:16
1390,184,SEARCH,2026-06-28 02:21:01
1390,201,VIEW,2026-06-28 05:53:54
1390,202,VIEW,2026-07-01 12:33:43
1390,184,VIEW,2026-07-02 13:06:02
1390,213,VIEW,2026-07-07 05:15:29
1390,195,VIEW,2026-07-11 20:40:55
1390,200,FAVORITE,2026-07-16 06:57:00
1390,205,VIEW,2026-07-21 04:07:03
1390,183,SEARCH,2026-07-25 18:38:00
1391,180,SHARE,2025-03-31 07:35:52
1391,194,SEARCH,2025-04-09 02:23:51
1391,198,VIEW,2025-04-22 23:30:39
1391,198,VIEW,2025-04-25 04:40:37
1391,197,ADD_TO_CART,2025-04-27 13:04:31
1391,209,VIEW,2025-05-14 04:42:27
1391,198,VIEW,2025-05-16 07:43:32
1391,210,VIEW,2025-05-19 12:04:47
1391,197,VIEW,2025-06-06 00:43:03
1391,209,SEARCH,2025-06-14 22:39:42
1391,190,VIEW,2025-06-19 19:32:26
1391,217,SEARCH,2025-07-07 16:40:41
1391,190,SEARCH,2025-07-15 02:02:01
1391,179,SEARCH,2025-07-16 03:45:31
1391,209,SEARCH,2025-07-17 15:46:38
1391,218,SHARE,2025-07-18 21:16:35
1391,217,VIEW,2025-08-05 11:35:15
1391,189,VIEW,2025-08-27 15:46:59
1391,197,VIEW,2025-08-28 18:47:01
1391,192,VIEW,2025-09-15 22:32:24
1391,209,VIEW,2025-09-23 08:55:10
1391,197,VIEW,2025-10-07 13:35:24
1391,180,VIEW,2025-10-10 08:03:44
1391,198,ADD_TO_CART,2025-10-13 14:53:22
1391,189,VIEW,2025-10-17 16:42:07
1391,199,VIEW,2025-11-15 00:48:40
1391,204,VIEW,2025-12-07 20:24:19
1391,197,VIEW,2025-12-09 01:27:35
1391,199,VIEW,2025-12-13 01:59:36
1391,198,SEARCH,2025-12-16 15:10:19
1391,213,VIEW,2025-12-19 01:59:10
1391,196,FAVORITE,2025-12-27 17:09:20
1391,209,ADD_TO_CART,2025-12-29 13:35:59
1391,180,VIEW,2026-01-02 14:36:27
1391,181,VIEW,2026-01-11 05:19:19
1391,180,SEARCH,2026-01-18 01:31:59
1391,199,VIEW,2026-01-29 17:58:27
1391,190,ADD_TO_CART,2026-01-30 08:22:15
1391,181,SEARCH,2026-02-08 18:17:23
1391,192,ADD_TO_CART,2026-03-14 06:23:59
1391,197,FAVORITE,2026-03-23 06:56:04
1391,207,VIEW,2026-03-29 11:36:23
1391,199,SEARCH,2026-04-05 11:50:25
1391,180,VIEW,2026-04-25 18:35:36
1391,180,SEARCH,2026-05-06 05:30:06
1391,198,ADD_TO_CART,2026-05-07 19:49:29
1391,199,VIEW,2026-05-08 14:54:18
1391,202,VIEW,2026-05-13 14:04:00
1391,199,ADD_TO_CART,2026-05-15 21:49:05
1391,189,SHARE,2026-05-16 04:14:52
1391,199,SEARCH,2026-05-23 19:18:11
1391,179,SEARCH,2026-05-28 06:12:32
1391,209,ADD_TO_CART,2026-06-01 18:04:41
1391,180,VIEW,2026-06-04 19:08:16
1391,180,VIEW,2026-06-06 06:58:38
1391,205,VIEW,2026-06-07 18:23:25
1391,181,SEARCH,2026-06-08 17:45:08
1391,207,VIEW,2026-06-11 06:31:52
1391,213,VIEW,2026-06-14 17:54:18
1391,209,ADD_TO_CART,2026-06-21 12:45:05
1391,213,VIEW,2026-06-23 11:48:22
1391,199,VIEW,2026-06-25 02:27:12
1391,197,VIEW,2026-07-14 08:28:52
1391,192,ADD_TO_CART,2026-07-28 14:06:00
1392,195,SEARCH,2024-01-20 05:56:51
1392,190,SHARE,2024-03-25 16:31:59
1392,213,SEARCH,2024-04-14 07:42:10
1392,206,VIEW,2024-05-02 22:19:44
1392,213,VIEW,2024-06-12 01:19:03
1392,195,VIEW,2024-06-17 11:55:25
1392,189,VIEW,2024-07-01 15:24:30
1392,185,SEARCH,2024-08-13 08:23:59
1392,183,SEARCH,2024-08-23 04:10:43
1392,215,ADD_TO_CART,2024-09-19 19:24:57
1392,217,VIEW,2024-10-05 23:47:04
1392,193,VIEW,2024-10-27 09:13:23
1392,180,VIEW,2024-11-28 13:11:35
1392,189,VIEW,2024-12-12 15:35:06
1392,189,VIEW,2025-01-26 00:49:53
1392,191,SEARCH,2025-06-10 01:01:55
1392,217,VIEW,2025-08-03 08:57:18
1392,187,VIEW,2025-09-16 14:18:13
1392,183,VIEW,2025-10-28 08:22:28
1392,195,SEARCH,2025-11-16 10:00:40
1392,196,VIEW,2025-12-04 05:20:16
1392,192,VIEW,2026-01-17 10:41:15
1392,195,VIEW,2026-01-22 08:24:19
1392,183,VIEW,2026-01-24 00:14:09
1392,194,VIEW,2026-02-11 12:52:15
1392,196,SEARCH,2026-03-06 02:35:35
1392,196,VIEW,2026-03-14 06:54:59
1392,195,VIEW,2026-07-11 14:27:00
1393,194,SEARCH,2024-04-02 01:49:05
1393,192,VIEW,2024-04-14 09:34:27
1393,202,SEARCH,2024-06-06 08:38:26
1393,212,VIEW,2024-08-08 14:58:41
1393,195,VIEW,2024-08-19 11:47:32
1393,214,VIEW,2024-08-28 06:31:24
1393,197,ADD_TO_CART,2024-09-01 16:30:48
1393,205,SEARCH,2024-09-03 07:50:53
1393,179,VIEW,2024-09-14 09:29:18
1393,187,VIEW,2024-09-25 18:28:07
1393,192,VIEW,2024-10-05 00:23:37
1393,196,VIEW,2024-10-10 22:32:29
1393,192,VIEW,2024-10-29 03:27:11
1393,212,VIEW,2024-11-03 15:10:47
1393,181,VIEW,2024-11-06 13:05:34
1393,203,VIEW,2024-11-10 21:28:53
1393,209,VIEW,2024-11-20 06:49:07
1393,202,VIEW,2024-11-20 20:01:46
1393,217,VIEW,2025-03-16 00:41:48
1393,196,VIEW,2025-03-23 12:31:37
1393,205,SEARCH,2025-04-05 21:15:18
1393,194,ADD_TO_CART,2025-04-10 22:32:43
1393,212,VIEW,2025-04-13 16:34:03
1393,209,VIEW,2025-05-06 17:50:44
1393,179,VIEW,2025-05-09 08:05:38
1393,192,VIEW,2025-05-13 20:30:47
1393,216,VIEW,2025-05-15 17:37:50
1393,192,VIEW,2025-06-22 07:01:27
1393,192,VIEW,2025-06-24 03:18:57
1393,208,FAVORITE,2025-06-24 19:06:24
1393,200,VIEW,2025-08-01 20:10:40
1393,185,ADD_TO_CART,2025-08-02 12:11:30
1393,211,SEARCH,2025-09-06 00:40:49
1393,202,VIEW,2025-09-24 21:03:37
1393,186,VIEW,2025-10-20 21:00:19
1393,209,SEARCH,2025-10-22 01:09:47
1393,203,ADD_TO_CART,2025-10-24 02:41:13
1393,212,VIEW,2025-10-28 02:22:10
1393,193,VIEW,2025-11-04 17:25:31
1393,218,VIEW,2025-12-02 00:29:00
1393,192,VIEW,2026-01-01 21:03:13
1393,211,VIEW,2026-01-03 14:45:23
1393,218,ADD_TO_CART,2026-01-12 05:50:52
1393,209,VIEW,2026-01-20 16:49:47
1393,183,FAVORITE,2026-02-14 03:15:11
1393,193,SEARCH,2026-03-02 10:03:56
1393,194,VIEW,2026-03-06 09:34:39
1393,211,VIEW,2026-04-01 04:13:10
1393,212,SEARCH,2026-04-03 23:22:21
1393,213,VIEW,2026-04-13 23:12:08
1393,210,VIEW,2026-04-25 22:56:07
1393,204,VIEW,2026-05-07 09:25:00
1394,217,SEARCH,2025-08-27 01:43:02
1394,217,ADD_TO_CART,2025-08-31 08:20:01
1394,216,VIEW,2025-09-01 22:49:33
1394,183,VIEW,2025-09-02 15:05:52
1394,195,SEARCH,2025-09-17 16:53:54
1394,195,SEARCH,2025-09-20 21:25:39
1394,196,VIEW,2025-09-25 04:05:03
1394,203,VIEW,2025-09-29 11:06:46
1394,187,SEARCH,2025-09-30 13:13:09
1394,217,FAVORITE,2025-10-04 09:20:01
1394,217,VIEW,2025-10-08 14:29:28
1394,217,VIEW,2025-10-15 20:31:46
1394,202,ADD_TO_CART,2025-10-20 01:54:47
1394,209,SHARE,2025-10-23 00:19:58
1394,217,ADD_TO_CART,2025-10-27 00:12:52
1394,196,VIEW,2025-11-03 01:41:54
1394,183,FAVORITE,2025-11-10 20:30:43
1394,217,VIEW,2025-11-11 00:47:16
1394,201,FAVORITE,2025-11-12 17:46:47
1394,216,SEARCH,2025-11-13 12:07:27
1394,197,VIEW,2025-11-19 06:28:04
1394,195,VIEW,2025-11-19 18:50:30
1394,201,VIEW,2025-12-02 10:01:28
1394,195,VIEW,2025-12-07 04:23:17
1394,195,VIEW,2025-12-08 02:17:11
1394,183,VIEW,2025-12-09 18:12:33
1394,183,SEARCH,2025-12-14 19:05:56
1394,217,VIEW,2026-01-01 06:08:25
1394,195,VIEW,2026-01-03 00:41:54
1394,184,VIEW,2026-01-03 11:51:09
1394,217,SEARCH,2026-01-07 02:53:53
1394,194,SEARCH,2026-01-26 04:58:57
1394,217,FAVORITE,2026-02-01 17:39:06
1394,214,VIEW,2026-02-11 15:39:13
1394,213,VIEW,2026-02-27 21:53:46
1394,196,SEARCH,2026-03-06 03:49:18
1394,194,VIEW,2026-03-07 21:42:08
1394,215,VIEW,2026-03-19 13:45:11
1394,189,SEARCH,2026-03-22 13:31:59
1394,192,ADD_TO_CART,2026-03-26 17:16:48
1394,184,VIEW,2026-03-29 21:09:41
1394,216,FAVORITE,2026-03-31 15:58:36
1394,201,ADD_TO_CART,2026-04-01 00:57:32
1394,193,VIEW,2026-04-01 12:44:14
1394,200,VIEW,2026-04-03 11:06:51
1394,195,VIEW,2026-04-04 01:32:59
1394,216,VIEW,2026-04-06 15:48:12
1394,196,VIEW,2026-04-09 18:29:53
1394,210,VIEW,2026-04-13 05:42:25
1394,200,VIEW,2026-04-16 19:33:47
1394,195,SEARCH,2026-04-18 06:17:27
1394,196,VIEW,2026-04-19 03:35:22
1394,197,VIEW,2026-04-23 13:59:02
1394,215,VIEW,2026-04-28 21:03:09
1394,217,FAVORITE,2026-05-11 09:53:19
1394,184,VIEW,2026-05-16 14:35:27
1394,190,VIEW,2026-05-18 17:29:50
1394,217,VIEW,2026-05-20 00:42:28
1394,215,VIEW,2026-05-24 17:10:19
1394,215,ADD_TO_CART,2026-05-24 17:45:47
1394,216,VIEW,2026-05-28 14:47:16
1394,195,SEARCH,2026-05-29 05:35:23
1394,179,ADD_TO_CART,2026-05-30 00:24:33
1394,184,SEARCH,2026-05-31 03:27:12
1394,195,VIEW,2026-05-31 21:00:53
1394,200,ADD_TO_CART,2026-06-01 12:44:46
1394,216,FAVORITE,2026-06-07 10:44:05
1394,201,VIEW,2026-06-08 15:28:31
1394,195,VIEW,2026-06-09 19:04:00
1394,215,SEARCH,2026-06-09 23:57:23
1394,205,SEARCH,2026-06-10 05:36:05
1394,196,VIEW,2026-06-10 07:01:16
1394,193,VIEW,2026-06-13 16:29:08
1394,184,FAVORITE,2026-06-15 10:32:40
1394,200,VIEW,2026-06-15 19:20:01
1394,184,FAVORITE,2026-06-17 03:06:58
1394,201,VIEW,2026-06-17 09:10:25
1394,217,VIEW,2026-06-21 00:07:48
1394,195,FAVORITE,2026-06-28 19:46:05
1394,196,VIEW,2026-06-30 00:44:40
1394,189,VIEW,2026-07-07 12:09:00
1395,200,FAVORITE,2025-12-17 22:38:18
1395,202,SHARE,2025-12-19 17:11:03
1395,189,VIEW,2025-12-27 00:35:00
1395,214,SEARCH,2026-01-08 01:02:45
1395,209,VIEW,2026-01-08 04:45:38
1395,201,SEARCH,2026-01-15 11:52:07
1395,200,FAVORITE,2026-01-15 23:24:04
1395,184,VIEW,2026-01-18 03:19:40
1395,202,VIEW,2026-01-18 21:23:58
1395,183,SEARCH,2026-01-24 20:30:11
1395,183,SHARE,2026-01-29 16:01:29
1395,209,VIEW,2026-02-01 08:47:49
1395,195,VIEW,2026-02-16 16:49:00
1395,199,VIEW,2026-02-19 17:56:18
1395,196,VIEW,2026-02-22 22:58:43
1395,201,SEARCH,2026-03-04 06:36:34
1395,202,VIEW,2026-03-04 18:13:45
1395,183,VIEW,2026-03-09 01:25:04
1395,183,ADD_TO_CART,2026-03-11 14:59:45
1395,184,SEARCH,2026-03-15 23:21:35
1395,202,ADD_TO_CART,2026-03-18 05:09:28
1395,184,ADD_TO_CART,2026-03-22 20:53:21
1395,182,VIEW,2026-03-23 11:54:18
1395,201,VIEW,2026-03-28 19:00:48
1395,218,VIEW,2026-03-30 13:32:01
1395,191,VIEW,2026-04-01 17:55:19
1395,183,VIEW,2026-04-02 14:25:17
1395,186,VIEW,2026-04-11 06:29:41
1395,202,FAVORITE,2026-04-29 19:19:58
1395,191,VIEW,2026-04-30 10:50:41
1395,184,VIEW,2026-05-01 22:09:06
1395,210,VIEW,2026-05-01 22:46:54
1395,202,VIEW,2026-05-08 14:13:45
1395,179,SEARCH,2026-05-17 12:42:46
1395,184,VIEW,2026-05-20 07:00:18
1395,202,ADD_TO_CART,2026-06-01 03:27:03
1395,202,VIEW,2026-06-04 15:41:03
1395,218,VIEW,2026-06-07 04:22:52
1395,184,SEARCH,2026-06-09 14:48:32
1395,183,VIEW,2026-06-11 07:47:42
1395,181,VIEW,2026-06-16 05:03:24
1395,201,SEARCH,2026-06-17 04:23:26
1395,218,VIEW,2026-06-26 06:07:18
1395,185,FAVORITE,2026-07-02 22:19:50
1395,184,VIEW,2026-07-03 16:37:38
1395,183,VIEW,2026-07-10 14:49:54
1395,201,VIEW,2026-07-13 13:30:42
1395,182,ADD_TO_CART,2026-07-13 14:58:17
1395,183,FAVORITE,2026-07-15 14:47:00
1396,207,VIEW,2024-05-15 11:10:54
1396,181,VIEW,2024-05-24 02:53:22
1396,211,SEARCH,2024-05-24 15:38:55
1396,208,VIEW,2024-05-26 06:51:02
1396,206,SHARE,2024-05-30 15:13:38
1396,199,SEARCH,2024-06-03 12:18:39
1396,207,VIEW,2024-06-13 11:39:30
1396,207,FAVORITE,2024-06-15 19:47:01
1396,185,VIEW,2024-06-24 08:32:42
1396,207,VIEW,2024-07-09 16:19:47
1396,207,VIEW,2024-07-17 15:14:03
1396,211,VIEW,2024-08-24 22:19:18
1396,214,VIEW,2024-09-02 19:40:52
1396,208,SEARCH,2024-09-29 23:08:06
1396,185,SHARE,2024-10-14 17:58:22
1396,207,SEARCH,2024-10-18 23:04:43
1396,205,VIEW,2024-10-24 12:41:24
1396,200,VIEW,2024-10-25 08:18:49
1396,206,SEARCH,2024-10-25 09:45:17
1396,207,VIEW,2024-11-06 08:05:06
1396,196,VIEW,2024-11-20 09:27:16
1396,207,SEARCH,2024-12-13 00:56:56
1396,203,VIEW,2024-12-23 18:11:32
1396,212,VIEW,2024-12-26 03:58:26
1396,209,VIEW,2025-01-03 07:43:38
1396,195,VIEW,2025-01-21 08:26:30
1396,207,SHARE,2025-01-28 14:45:19
1396,207,VIEW,2025-02-04 11:25:35
1396,202,VIEW,2025-03-08 18:15:28
1396,184,VIEW,2025-03-09 18:12:03
1396,206,SEARCH,2025-03-27 07:28:13
1396,212,SEARCH,2025-04-09 14:47:11
1396,183,VIEW,2025-04-21 00:37:06
1396,213,VIEW,2025-04-21 11:51:48
1396,180,FAVORITE,2025-04-30 10:12:59
1396,213,FAVORITE,2025-05-16 01:29:15
1396,201,VIEW,2025-05-26 17:17:45
1396,206,SEARCH,2025-06-17 09:59:43
1396,190,ADD_TO_CART,2025-06-25 05:51:00
1396,199,ADD_TO_CART,2025-06-27 07:29:01
1396,208,VIEW,2025-08-02 18:20:34
1396,194,VIEW,2025-08-15 00:41:14
1396,208,VIEW,2025-09-07 22:58:19
1396,181,ADD_TO_CART,2025-09-26 02:56:51
1396,192,VIEW,2025-10-09 04:27:17
1396,199,VIEW,2025-12-31 08:41:49
1396,207,VIEW,2026-01-09 08:45:41
1396,208,VIEW,2026-01-10 10:20:45
1396,207,VIEW,2026-01-18 08:16:15
1396,198,VIEW,2026-02-04 00:00:48
1396,192,SEARCH,2026-02-07 15:46:24
1396,209,SEARCH,2026-03-08 15:47:46
1396,207,VIEW,2026-03-16 01:43:21
1396,204,VIEW,2026-04-01 15:38:43
1396,207,SEARCH,2026-05-02 15:52:12
1396,196,VIEW,2026-05-10 01:17:47
1396,207,VIEW,2026-05-16 08:46:20
1396,208,VIEW,2026-05-19 08:22:41
1396,192,VIEW,2026-05-28 18:04:47
1396,207,VIEW,2026-05-30 17:01:00
1397,208,SEARCH,2025-07-17 22:39:40
1397,216,VIEW,2025-07-26 21:03:08
1397,211,VIEW,2025-07-26 21:07:23
1397,181,VIEW,2025-08-03 14:04:20
1397,180,SEARCH,2025-08-12 04:32:11
1397,218,VIEW,2025-08-27 11:03:00
1398,211,VIEW,2025-01-20 10:13:36
1398,193,SEARCH,2025-02-24 04:22:14
1398,202,VIEW,2025-02-25 14:46:46
1398,215,VIEW,2025-03-04 10:18:49
1398,202,VIEW,2025-03-16 17:22:37
1398,198,SEARCH,2025-03-28 12:49:58
1398,212,VIEW,2025-04-06 06:04:42
1398,218,VIEW,2025-04-06 18:36:36
1398,211,ADD_TO_CART,2025-04-16 22:48:20
1398,198,SEARCH,2025-04-22 07:20:01
1398,193,VIEW,2025-04-22 23:52:25
1398,213,SEARCH,2025-05-04 22:10:08
1398,194,ADD_TO_CART,2025-05-14 04:17:11
1398,196,VIEW,2025-05-22 05:36:14
1398,218,VIEW,2025-05-29 07:16:40
1398,196,SEARCH,2025-06-07 16:05:54
1398,192,VIEW,2025-06-07 16:16:49
1398,194,VIEW,2025-06-08 06:22:18
1398,213,VIEW,2025-06-15 04:13:04
1398,205,SEARCH,2025-06-27 14:02:18
1398,213,VIEW,2025-07-17 17:53:58
1398,192,VIEW,2025-07-18 16:55:41
1398,193,VIEW,2025-07-26 13:12:59
1398,194,VIEW,2025-07-27 15:21:26
1398,213,VIEW,2025-07-29 11:27:26
1398,192,VIEW,2025-08-07 08:48:30
1398,215,VIEW,2025-08-17 18:53:46
1398,196,VIEW,2025-08-20 06:30:21
1398,213,VIEW,2025-08-20 15:01:03
1398,194,VIEW,2025-08-30 18:07:27
1398,213,VIEW,2025-08-30 19:23:32
1398,211,VIEW,2025-09-02 10:04:31
1398,208,SHARE,2025-09-08 09:23:42
1398,194,SEARCH,2025-09-21 08:30:31
1398,193,SEARCH,2025-10-05 06:53:38
1398,194,VIEW,2025-10-10 14:16:04
1398,189,VIEW,2025-10-19 08:05:13
1398,194,VIEW,2025-10-29 12:30:23
1398,193,VIEW,2025-10-30 07:26:15
1398,211,VIEW,2025-11-02 03:24:10
1398,209,ADD_TO_CART,2025-11-06 06:17:21
1398,193,VIEW,2025-11-23 23:33:44
1398,193,VIEW,2025-12-08 12:10:59
1398,188,VIEW,2025-12-17 10:54:04
1398,194,SEARCH,2025-12-20 11:33:20
1398,192,ADD_TO_CART,2025-12-27 09:33:49
1398,213,SEARCH,2026-01-05 07:08:20
1398,217,ADD_TO_CART,2026-01-15 17:18:52
1398,214,VIEW,2026-01-20 09:55:54
1398,216,VIEW,2026-01-27 06:22:39
1398,186,SHARE,2026-01-28 12:19:21
1398,212,VIEW,2026-01-30 06:56:12
1398,214,SEARCH,2026-02-20 01:23:18
1398,214,VIEW,2026-02-24 18:27:37
1398,199,VIEW,2026-03-02 16:10:53
1398,194,VIEW,2026-03-04 05:21:36
1398,212,VIEW,2026-03-04 16:44:19
1398,193,VIEW,2026-03-06 12:14:22
1398,211,VIEW,2026-03-07 04:31:29
1398,211,VIEW,2026-03-07 07:58:40
1398,193,VIEW,2026-03-12 12:12:40
1398,194,VIEW,2026-03-13 14:08:39
1398,186,VIEW,2026-03-15 15:52:32
1398,214,VIEW,2026-03-20 08:28:07
1398,200,VIEW,2026-03-30 18:11:23
1398,193,VIEW,2026-04-02 21:55:21
1398,194,SEARCH,2026-04-06 21:46:32
1398,213,SHARE,2026-05-02 11:10:52
1398,193,VIEW,2026-05-06 23:56:34
1398,181,VIEW,2026-05-24 20:50:51
1398,193,VIEW,2026-05-30 15:55:32
1398,190,VIEW,2026-05-31 13:37:00
1398,194,SEARCH,2026-06-02 11:51:37
1398,210,VIEW,2026-06-10 11:06:36
1398,214,VIEW,2026-06-15 07:08:09
1398,193,VIEW,2026-06-20 21:07:07
1398,192,SEARCH,2026-06-22 16:37:51
1398,213,VIEW,2026-07-06 07:45:13
1398,209,SEARCH,2026-07-18 20:52:02
1398,213,VIEW,2026-07-21 03:18:05
1398,201,SEARCH,2026-07-23 17:07:00
1399,211,VIEW,2024-03-04 19:16:33
1399,186,SHARE,2024-03-05 17:01:28
1399,186,VIEW,2024-03-07 06:09:07
1399,187,VIEW,2024-03-10 12:16:12
1399,203,VIEW,2024-03-14 08:01:24
1399,203,ADD_TO_CART,2024-03-19 20:37:38
1399,188,VIEW,2024-06-06 08:14:18
1399,209,VIEW,2024-06-17 05:28:54
1399,188,SHARE,2024-06-23 21:59:38
1399,185,VIEW,2024-07-09 22:54:07
1399,218,VIEW,2024-07-15 21:33:09
1399,210,SEARCH,2024-07-28 07:39:19
1399,185,VIEW,2024-07-30 14:09:37
1399,180,SEARCH,2024-08-21 07:07:25
1399,199,VIEW,2024-09-07 23:19:18
1399,207,VIEW,2024-10-07 04:51:38
1399,204,FAVORITE,2024-10-11 22:44:53
1399,204,VIEW,2024-10-13 16:36:08
1399,211,FAVORITE,2024-10-20 23:10:03
1399,185,SHARE,2024-10-24 05:21:38
1399,185,VIEW,2024-11-04 09:07:15
1399,185,VIEW,2024-11-06 10:02:52
1399,197,VIEW,2024-11-08 17:42:42
1399,205,VIEW,2024-11-15 08:56:07
1399,184,VIEW,2024-11-28 06:21:11
1399,215,SEARCH,2024-11-30 15:53:04
1399,212,FAVORITE,2024-12-02 18:39:55
1399,216,ADD_TO_CART,2024-12-05 09:34:52
1399,194,FAVORITE,2024-12-17 07:35:09
1399,211,SEARCH,2024-12-21 01:10:17
1399,180,VIEW,2024-12-24 11:52:07
1399,203,VIEW,2025-01-05 08:28:13
1399,203,VIEW,2025-01-06 17:13:26
1399,187,SEARCH,2025-01-21 14:53:52
1399,205,VIEW,2025-02-04 21:12:13
1399,188,SEARCH,2025-02-14 13:51:11
1399,187,ADD_TO_CART,2025-02-22 02:06:47
1399,185,SEARCH,2025-03-07 20:38:29
1399,203,VIEW,2025-03-10 10:12:32
1399,210,FAVORITE,2025-03-28 11:51:12
1399,192,VIEW,2025-03-28 19:48:15
1399,187,SHARE,2025-04-04 20:28:54
1399,187,VIEW,2025-04-21 16:08:13
1399,188,VIEW,2025-05-06 11:20:09
1399,188,VIEW,2025-05-18 13:42:46
1399,189,VIEW,2025-05-22 20:45:45
1399,216,SHARE,2025-06-03 23:56:16
1399,185,SEARCH,2025-06-14 10:45:41
1399,183,ADD_TO_CART,2025-06-24 05:43:07
1399,187,VIEW,2025-06-28 16:17:22
1399,211,ADD_TO_CART,2025-08-08 06:19:20
1399,194,SEARCH,2025-08-09 10:15:04
1399,205,VIEW,2025-08-13 18:51:57
1399,194,SEARCH,2025-08-29 02:55:49
1399,204,VIEW,2025-08-29 17:18:50
1399,186,VIEW,2025-08-31 12:48:30
1399,193,VIEW,2025-08-31 22:23:46
1399,185,VIEW,2025-09-11 17:36:11
1399,204,SEARCH,2025-10-01 23:23:10
1399,212,ADD_TO_CART,2025-10-14 12:24:01
1399,204,VIEW,2025-10-20 07:28:11
1399,187,ADD_TO_CART,2025-10-22 22:40:01
1399,203,VIEW,2025-10-23 02:17:09
1399,185,VIEW,2025-11-03 20:11:52
1399,194,VIEW,2025-11-05 16:51:43
1399,183,VIEW,2025-11-07 22:24:31
1399,205,VIEW,2025-11-10 12:10:38
1399,194,ADD_TO_CART,2025-11-29 15:46:21
1399,187,VIEW,2025-11-30 12:21:09
1399,187,SEARCH,2025-12-11 15:07:27
1399,204,ADD_TO_CART,2025-12-12 22:32:58
1399,217,VIEW,2025-12-23 02:47:33
1399,185,SEARCH,2026-01-01 00:19:34
1399,204,VIEW,2026-01-17 11:25:52
1399,185,VIEW,2026-01-18 10:20:31
1399,188,VIEW,2026-01-20 00:19:37
1399,205,SEARCH,2026-02-05 07:00:52
1399,186,ADD_TO_CART,2026-02-07 06:49:59
1399,213,ADD_TO_CART,2026-02-07 22:51:25
1399,187,VIEW,2026-02-24 08:01:01
1399,188,VIEW,2026-03-24 21:17:35
1399,206,SEARCH,2026-03-25 11:52:33
1399,180,VIEW,2026-04-13 18:01:24
1399,210,VIEW,2026-05-09 14:40:34
1399,218,VIEW,2026-06-12 13:07:00
1400,185,VIEW,2026-03-09 19:08:43
1400,191,SEARCH,2026-03-13 07:14:08
1400,188,ADD_TO_CART,2026-03-13 15:10:19
1400,207,VIEW,2026-03-15 23:39:40
1400,203,VIEW,2026-03-17 11:35:53
1400,199,VIEW,2026-03-22 21:21:33
1400,209,ADD_TO_CART,2026-03-26 03:30:30
1400,218,FAVORITE,2026-03-26 12:53:44
1400,216,ADD_TO_CART,2026-03-28 08:24:46
1400,215,VIEW,2026-03-30 05:56:49
1400,209,ADD_TO_CART,2026-03-31 09:39:56
1400,179,VIEW,2026-03-31 20:39:06
1400,202,VIEW,2026-03-31 23:57:48
1400,209,ADD_TO_CART,2026-04-01 18:00:00
1400,211,VIEW,2026-04-10 00:52:24
1400,190,VIEW,2026-04-10 12:43:35
1400,190,FAVORITE,2026-04-12 07:12:04
1400,189,VIEW,2026-04-27 14:52:07
1400,195,SEARCH,2026-04-30 04:37:28
1400,197,VIEW,2026-05-04 22:08:17
1400,210,SEARCH,2026-05-06 08:20:52
1400,200,VIEW,2026-05-06 15:04:59
1400,207,VIEW,2026-05-12 00:35:26
1400,210,VIEW,2026-05-12 01:42:18
1400,189,ADD_TO_CART,2026-05-12 20:35:46
1400,189,ADD_TO_CART,2026-05-18 02:24:08
1400,179,VIEW,2026-05-18 17:13:02
1400,190,ADD_TO_CART,2026-05-18 17:21:58
1400,210,VIEW,2026-05-20 00:11:47
1400,218,VIEW,2026-05-20 00:29:57
1400,209,SEARCH,2026-05-26 22:15:39
1400,210,VIEW,2026-06-02 07:07:07
1400,218,SEARCH,2026-06-03 04:48:19
1400,191,VIEW,2026-06-06 06:12:16
1400,194,ADD_TO_CART,2026-06-06 15:25:14
1400,191,VIEW,2026-06-07 18:41:41
1400,195,SHARE,2026-06-10 08:55:31
1400,189,VIEW,2026-06-11 00:41:42
1400,217,VIEW,2026-06-11 07:23:19
1400,210,VIEW,2026-06-15 06:14:44
1400,184,VIEW,2026-06-16 00:49:34
1400,190,SEARCH,2026-06-20 00:29:19
1400,217,VIEW,2026-06-20 16:19:48
1400,210,VIEW,2026-06-25 06:23:17
1400,218,VIEW,2026-07-01 04:46:32
1400,189,VIEW,2026-07-07 12:34:12
1400,187,VIEW,2026-07-08 07:12:12
1400,218,VIEW,2026-07-09 10:37:00
1401,186,SEARCH,2026-01-30 11:29:39
1401,210,VIEW,2026-02-05 00:00:21
1401,204,VIEW,2026-02-06 01:17:04
1401,205,VIEW,2026-02-10 03:51:34
1401,205,VIEW,2026-02-14 23:15:05
1401,210,VIEW,2026-02-15 21:03:28
1401,203,ADD_TO_CART,2026-02-16 20:03:03
1401,192,FAVORITE,2026-02-18 19:05:55
1401,192,VIEW,2026-02-19 16:40:47
1401,185,VIEW,2026-02-21 12:38:35
1401,185,SEARCH,2026-02-24 15:53:50
1401,192,FAVORITE,2026-02-25 10:50:19
1401,190,VIEW,2026-03-02 19:53:00
1401,189,VIEW,2026-03-03 11:53:16
1401,188,VIEW,2026-03-04 06:24:42
1401,188,SEARCH,2026-03-04 11:15:01
1401,188,SEARCH,2026-03-05 00:18:29
1401,192,SEARCH,2026-03-09 21:04:34
1401,183,SEARCH,2026-03-14 23:54:25
1401,198,VIEW,2026-03-15 12:12:59
1401,188,ADD_TO_CART,2026-03-16 14:48:40
1401,187,SEARCH,2026-03-16 15:32:51
1401,204,VIEW,2026-03-22 08:36:24
1401,217,VIEW,2026-04-03 16:06:43
1401,188,VIEW,2026-04-06 00:24:34
1401,187,SHARE,2026-04-06 06:35:55
1401,190,SHARE,2026-04-07 12:20:35
1401,187,VIEW,2026-04-12 17:23:08
1401,192,VIEW,2026-04-13 12:30:39
1401,203,SEARCH,2026-04-15 01:45:37
1401,203,VIEW,2026-04-16 20:00:02
1401,188,VIEW,2026-04-18 20:26:45
1401,198,FAVORITE,2026-04-20 09:37:56
1401,190,SEARCH,2026-04-25 14:15:44
1401,187,VIEW,2026-04-25 18:52:14
1401,191,FAVORITE,2026-05-01 23:15:53
1401,212,VIEW,2026-05-02 20:22:03
1401,199,VIEW,2026-05-05 21:57:02
1401,192,VIEW,2026-05-12 08:44:29
1401,192,VIEW,2026-05-12 11:29:04
1401,214,ADD_TO_CART,2026-05-21 10:31:17
1401,215,VIEW,2026-05-22 08:11:30
1401,205,VIEW,2026-05-22 13:22:45
1401,203,VIEW,2026-05-24 01:15:23
1401,187,ADD_TO_CART,2026-05-24 04:25:15
1401,203,VIEW,2026-05-28 00:46:14
1401,205,ADD_TO_CART,2026-05-30 21:24:30
1401,212,VIEW,2026-06-07 06:07:37
1401,188,SEARCH,2026-06-09 10:03:01
1401,187,VIEW,2026-06-27 10:09:22
1401,213,SEARCH,2026-06-30 23:29:01
1401,209,SEARCH,2026-07-10 14:32:02
1401,185,VIEW,2026-07-11 14:45:57
1401,185,SEARCH,2026-07-13 00:17:24
1401,192,FAVORITE,2026-07-13 23:45:54
1401,201,VIEW,2026-07-15 23:41:53
1401,186,VIEW,2026-07-17 10:09:49
1401,185,VIEW,2026-07-19 17:54:00
1402,216,VIEW,2025-03-21 21:39:17
1402,200,SEARCH,2025-04-15 02:54:11
1402,183,SEARCH,2025-04-27 05:46:22
1402,199,VIEW,2025-05-10 07:57:49
1402,180,VIEW,2025-05-16 12:43:41
1402,199,VIEW,2025-05-29 13:31:17
1402,184,VIEW,2025-06-24 23:03:27
1402,180,VIEW,2025-08-06 00:16:09
1402,182,VIEW,2025-08-13 18:59:59
1402,217,VIEW,2025-10-13 22:10:24
1402,197,SEARCH,2025-11-16 12:05:39
1402,197,VIEW,2025-11-26 22:53:55
1402,181,VIEW,2025-12-21 02:27:05
1402,198,SEARCH,2026-01-03 17:41:50
1402,195,VIEW,2026-01-08 18:34:28
1402,198,VIEW,2026-01-17 14:03:38
1402,183,VIEW,2026-01-17 23:12:48
1402,184,SHARE,2026-01-18 02:47:57
1402,200,VIEW,2026-01-26 15:45:07
1402,199,ADD_TO_CART,2026-02-16 02:26:41
1402,183,VIEW,2026-02-22 12:45:00
1402,191,VIEW,2026-02-27 05:54:03
1402,187,VIEW,2026-03-01 09:24:54
1402,199,ADD_TO_CART,2026-03-01 11:05:02
1402,180,SHARE,2026-03-04 23:01:31
1402,200,VIEW,2026-03-08 03:05:24
1402,213,ADD_TO_CART,2026-04-14 18:18:47
1402,180,VIEW,2026-04-29 15:50:07
1402,195,SEARCH,2026-05-11 06:37:13
1402,198,SHARE,2026-05-12 14:19:30
1402,209,SEARCH,2026-05-19 16:18:56
1402,200,SHARE,2026-05-25 12:44:56
1402,182,VIEW,2026-06-16 13:48:35
1402,179,VIEW,2026-06-19 16:24:13
1402,179,FAVORITE,2026-06-21 09:45:40
1402,184,VIEW,2026-07-04 16:25:25
1402,180,SEARCH,2026-07-12 11:15:00
1403,180,VIEW,2025-06-22 04:23:45
1403,199,VIEW,2025-07-01 09:40:42
1403,197,VIEW,2025-07-02 01:56:09
1403,184,ADD_TO_CART,2025-07-17 13:47:52
1403,199,VIEW,2025-07-20 06:14:33
1403,180,VIEW,2025-07-22 22:27:46
1403,180,VIEW,2025-08-12 19:22:57
1403,183,SEARCH,2025-08-13 04:45:31
1403,197,VIEW,2025-08-20 08:32:50
1403,203,VIEW,2025-08-21 02:56:30
1403,207,VIEW,2025-08-21 16:56:19
1403,197,ADD_TO_CART,2025-08-24 04:14:28
1403,198,VIEW,2025-08-28 02:31:43
1403,180,SEARCH,2025-08-30 20:03:51
1403,180,SEARCH,2025-09-05 04:49:57
1403,197,SHARE,2025-09-06 00:47:03
1403,187,VIEW,2025-09-23 16:26:55
1403,179,VIEW,2025-10-05 06:32:19
1403,197,VIEW,2025-10-16 22:36:04
1403,218,VIEW,2025-10-22 04:33:24
1403,185,VIEW,2025-10-29 16:29:47
1403,199,VIEW,2025-11-12 15:08:31
1403,217,ADD_TO_CART,2025-11-24 09:03:37
1403,207,SEARCH,2025-12-05 11:41:51
1403,207,VIEW,2025-12-06 17:44:13
1403,181,FAVORITE,2025-12-07 01:48:30
1403,197,VIEW,2025-12-13 17:12:54
1403,194,SEARCH,2025-12-14 22:28:43
1403,205,VIEW,2025-12-18 11:10:55
1403,181,VIEW,2025-12-21 12:24:52
1403,216,SEARCH,2026-01-03 05:18:19
1403,181,VIEW,2026-01-06 06:28:31
1403,212,ADD_TO_CART,2026-01-11 07:46:49
1403,196,VIEW,2026-01-27 15:51:22
1403,197,VIEW,2026-02-02 00:19:08
1403,198,VIEW,2026-02-03 03:47:35
1403,205,VIEW,2026-02-05 07:55:49
1403,215,VIEW,2026-02-08 15:19:19
1403,197,SEARCH,2026-02-10 06:44:15
1403,185,FAVORITE,2026-02-11 05:13:59
1403,199,VIEW,2026-03-08 19:10:37
1403,203,FAVORITE,2026-03-12 08:12:40
1403,198,SHARE,2026-03-12 17:09:28
1403,197,SHARE,2026-03-14 09:54:26
1403,181,SHARE,2026-03-16 18:54:43
1403,199,VIEW,2026-03-17 11:39:22
1403,180,VIEW,2026-03-21 11:00:30
1403,179,VIEW,2026-03-27 01:44:08
1403,198,VIEW,2026-04-02 02:51:43
1403,181,VIEW,2026-04-04 07:34:29
1403,218,VIEW,2026-04-06 13:38:54
1403,215,VIEW,2026-04-10 19:30:30
1403,181,VIEW,2026-04-17 04:46:07
1403,199,VIEW,2026-04-21 01:20:55
1403,183,ADD_TO_CART,2026-04-21 14:58:16
1403,198,VIEW,2026-05-04 04:12:49
1403,213,VIEW,2026-05-17 16:23:53
1403,179,SEARCH,2026-06-03 14:23:10
1403,203,VIEW,2026-06-08 07:08:24
1403,210,VIEW,2026-06-19 22:16:22
1403,181,SEARCH,2026-06-21 01:53:22
1403,197,VIEW,2026-06-24 09:34:02
1403,198,FAVORITE,2026-07-02 23:41:06
1403,199,VIEW,2026-07-09 16:23:00
1403,199,ADD_TO_CART,2026-07-24 15:31:00
1404,186,VIEW,2025-07-07 05:37:02
1404,204,ADD_TO_CART,2025-07-18 05:24:47
1404,185,SEARCH,2025-08-18 14:39:48
1404,196,VIEW,2025-08-22 02:26:35
1404,203,SHARE,2025-08-30 21:48:19
1404,186,SEARCH,2025-09-03 15:57:16
1404,188,VIEW,2025-09-19 23:08:39
1404,188,SEARCH,2025-10-17 11:37:45
1404,193,VIEW,2025-10-25 23:34:15
1404,217,SEARCH,2025-10-26 21:53:18
1404,187,VIEW,2025-11-04 20:31:39
1404,206,SHARE,2025-12-02 19:57:25
1404,193,SEARCH,2025-12-03 05:19:01
1404,205,SEARCH,2025-12-16 15:13:47
1404,205,SEARCH,2025-12-27 18:48:42
1404,207,SEARCH,2025-12-30 09:12:14
1404,204,VIEW,2025-12-31 16:32:55
1404,194,VIEW,2026-02-01 20:15:44
1404,205,SEARCH,2026-02-08 21:42:54
1404,203,VIEW,2026-02-13 17:27:58
1404,188,VIEW,2026-02-18 10:34:42
1404,185,SEARCH,2026-03-07 05:26:34
1404,204,VIEW,2026-03-08 10:10:27
1404,185,VIEW,2026-03-14 07:41:11
1404,204,SEARCH,2026-03-15 04:01:08
1404,186,VIEW,2026-03-29 03:27:27
1404,204,VIEW,2026-03-30 13:34:42
1404,187,SHARE,2026-04-08 05:27:31
1404,203,VIEW,2026-04-08 18:48:31
1404,187,SEARCH,2026-04-08 21:04:39
1404,203,VIEW,2026-04-26 10:57:50
1404,201,VIEW,2026-05-14 20:38:28
1404,207,VIEW,2026-05-21 23:52:03
1404,204,SEARCH,2026-05-29 19:50:53
1404,203,VIEW,2026-06-06 07:34:04
1404,205,VIEW,2026-06-06 10:32:05
1404,201,VIEW,2026-06-12 10:40:00
1405,205,VIEW,2025-06-13 21:09:58
1405,187,VIEW,2025-06-26 11:37:41
1405,205,VIEW,2025-08-12 14:39:17
1405,203,VIEW,2025-08-28 10:55:31
1405,210,VIEW,2025-09-05 17:39:03
1405,206,VIEW,2025-09-14 02:51:37
1405,212,SEARCH,2025-10-20 01:38:30
1405,181,VIEW,2025-10-23 01:00:18
1405,203,SEARCH,2025-10-25 23:12:02
1405,186,SEARCH,2025-11-02 08:51:43
1405,217,SEARCH,2025-11-04 23:55:38
1405,187,VIEW,2025-11-14 19:49:20
1405,182,VIEW,2025-11-27 02:53:40
1405,190,VIEW,2025-12-10 05:03:23
1405,185,SEARCH,2025-12-14 18:24:36
1405,207,VIEW,2026-01-05 13:19:15
1405,181,VIEW,2026-01-13 04:15:40
1405,203,VIEW,2026-01-20 00:41:02
1405,186,FAVORITE,2026-02-13 01:02:01
1405,185,VIEW,2026-03-14 04:49:28
1405,204,VIEW,2026-03-24 19:59:37
1405,217,SEARCH,2026-05-23 10:54:00
1406,218,VIEW,2025-09-16 15:39:46
1406,189,VIEW,2025-12-16 03:00:48
1406,194,VIEW,2025-12-19 10:44:00
1407,218,VIEW,2025-06-17 05:13:02
1407,185,VIEW,2025-07-06 07:30:46
1407,179,ADD_TO_CART,2025-09-06 12:39:12
1407,188,VIEW,2025-09-29 19:18:58
1407,197,SEARCH,2025-10-28 12:17:27
1407,181,VIEW,2025-11-17 09:50:14
1407,199,VIEW,2025-12-01 23:22:38
1407,199,VIEW,2026-01-18 19:26:41
1407,181,VIEW,2026-01-19 16:55:35
1407,197,VIEW,2026-01-24 13:35:17
1407,195,VIEW,2026-01-26 20:13:21
1407,189,VIEW,2026-02-01 16:57:41
1407,182,SEARCH,2026-02-12 06:02:17
1407,204,FAVORITE,2026-02-15 06:17:29
1407,184,VIEW,2026-03-01 22:01:48
1407,192,VIEW,2026-03-29 10:34:00
1408,181,SEARCH,2025-10-17 17:20:11
1408,213,VIEW,2025-10-19 01:06:31
1408,180,VIEW,2025-10-26 14:11:36
1408,215,VIEW,2025-10-31 00:04:08
1408,213,VIEW,2025-11-01 19:28:30
1408,201,ADD_TO_CART,2025-11-08 19:37:48
1408,204,VIEW,2025-11-09 06:26:12
1408,213,VIEW,2025-11-10 09:50:12
1408,195,VIEW,2025-11-10 10:46:43
1408,213,VIEW,2025-11-19 07:07:56
1408,213,VIEW,2025-11-23 03:15:42
1408,187,VIEW,2025-11-23 15:25:35
1408,212,VIEW,2025-11-27 06:01:30
1408,218,ADD_TO_CART,2025-11-27 13:08:30
1408,217,VIEW,2025-12-02 00:18:34
1408,186,VIEW,2025-12-10 14:28:30
1408,201,SEARCH,2025-12-10 17:13:30
1408,211,VIEW,2025-12-10 18:30:20
1408,214,ADD_TO_CART,2025-12-17 13:49:50
1408,195,VIEW,2025-12-23 13:36:26
1408,213,VIEW,2026-01-02 08:32:23
1408,194,VIEW,2026-01-04 02:41:22
1408,192,VIEW,2026-01-04 18:28:21
1408,212,VIEW,2026-01-05 12:51:33
1408,193,VIEW,2026-01-08 01:13:07
1408,206,ADD_TO_CART,2026-01-17 09:18:34
1408,192,VIEW,2026-01-23 12:29:12
1408,198,VIEW,2026-01-23 17:31:56
1408,212,VIEW,2026-02-08 17:48:02
1408,202,VIEW,2026-02-15 07:34:51
1408,208,SEARCH,2026-02-16 09:58:12
1408,194,ADD_TO_CART,2026-02-23 20:16:29
1408,189,FAVORITE,2026-02-24 17:47:05
1408,213,VIEW,2026-02-24 19:22:39
1408,198,VIEW,2026-02-28 08:01:09
1408,194,ADD_TO_CART,2026-03-04 15:54:51
1408,184,ADD_TO_CART,2026-03-12 10:17:22
1408,193,ADD_TO_CART,2026-03-13 22:34:04
1408,214,VIEW,2026-03-16 09:26:56
1408,193,SEARCH,2026-03-20 13:20:10
1408,193,VIEW,2026-03-22 02:51:48
1408,194,VIEW,2026-04-04 02:12:42
1408,190,VIEW,2026-04-07 06:50:40
1408,180,VIEW,2026-04-10 05:21:20
1408,193,VIEW,2026-04-20 10:13:36
1408,201,VIEW,2026-04-23 19:18:52
1408,199,VIEW,2026-04-27 18:05:57
1408,210,SEARCH,2026-04-29 06:29:58
1408,193,ADD_TO_CART,2026-04-29 22:32:01
1408,186,VIEW,2026-05-04 17:16:59
1408,192,FAVORITE,2026-05-05 03:47:23
1408,207,VIEW,2026-05-06 18:01:01
1408,196,VIEW,2026-05-13 05:52:02
1408,213,SEARCH,2026-05-14 04:09:01
1408,194,VIEW,2026-05-17 18:53:37
1408,214,FAVORITE,2026-05-24 16:45:56
1408,192,VIEW,2026-05-25 21:36:22
1408,190,SHARE,2026-06-08 19:06:56
1408,194,VIEW,2026-06-14 14:36:18
1408,210,VIEW,2026-06-23 03:33:20
1408,207,VIEW,2026-06-26 09:45:00
1409,181,VIEW,2025-11-09 21:21:55
1409,187,FAVORITE,2025-11-11 08:54:07
1409,188,FAVORITE,2025-11-26 00:27:36
1409,195,VIEW,2025-12-20 15:31:16
1409,181,VIEW,2025-12-22 22:29:01
1409,209,SEARCH,2025-12-24 16:23:53
1409,192,VIEW,2025-12-27 09:04:14
1409,201,FAVORITE,2026-01-12 10:37:31
1409,206,VIEW,2026-01-23 06:51:19
1409,198,VIEW,2026-01-30 22:20:55
1409,180,SEARCH,2026-02-05 15:56:28
1409,181,VIEW,2026-02-06 01:47:00
1409,198,VIEW,2026-02-07 05:10:37
1409,204,VIEW,2026-02-26 03:54:54
1409,197,SEARCH,2026-03-03 02:44:11
1409,197,SEARCH,2026-03-18 18:04:56
1409,179,SEARCH,2026-03-20 16:36:00
1409,198,VIEW,2026-04-06 18:24:49
1409,201,SEARCH,2026-04-12 00:40:31
1409,210,ADD_TO_CART,2026-04-14 16:58:29
1409,197,VIEW,2026-04-23 07:49:49
1409,217,VIEW,2026-04-30 18:10:56
1409,191,SEARCH,2026-05-01 22:07:19
1409,206,VIEW,2026-05-04 14:34:55
1409,198,VIEW,2026-05-09 16:03:58
1409,199,SEARCH,2026-06-09 22:30:41
1409,198,ADD_TO_CART,2026-06-18 01:36:25
1409,199,VIEW,2026-07-01 10:40:41
1409,181,VIEW,2026-07-18 10:07:50
1409,198,VIEW,2026-07-22 13:33:00
1410,186,VIEW,2025-03-19 00:00:12
1410,199,VIEW,2025-05-04 16:40:06
1410,203,SEARCH,2025-06-11 04:20:40
1410,186,VIEW,2025-06-11 21:26:16
1410,203,VIEW,2025-06-19 19:16:42
1410,182,VIEW,2025-06-22 16:18:18
1410,203,VIEW,2025-06-29 23:40:32
1410,205,VIEW,2025-07-25 06:29:36
1410,190,SEARCH,2025-08-12 11:38:29
1410,187,SEARCH,2025-08-14 17:22:33
1410,194,VIEW,2025-08-24 02:58:14
1410,209,VIEW,2025-09-04 20:05:51
1410,189,SEARCH,2025-09-10 22:34:44
1410,196,VIEW,2025-09-19 23:22:57
1410,183,VIEW,2025-09-23 20:49:13
1410,209,VIEW,2025-11-16 02:58:54
1410,185,VIEW,2025-12-06 21:13:21
1410,187,VIEW,2025-12-27 20:41:24
1410,188,ADD_TO_CART,2025-12-28 21:01:09
1410,210,FAVORITE,2026-01-07 23:38:52
1410,197,VIEW,2026-01-14 01:47:01
1410,185,VIEW,2026-02-08 04:22:23
1410,186,VIEW,2026-02-17 17:29:24
1410,204,VIEW,2026-04-11 12:12:40
1410,187,VIEW,2026-04-20 16:45:33
1410,187,SEARCH,2026-04-23 21:21:47
1410,188,FAVORITE,2026-07-01 12:17:00
1411,186,ADD_TO_CART,2025-07-16 18:28:41
1411,187,VIEW,2025-08-04 04:26:45
1411,185,VIEW,2025-08-08 14:22:47
1411,204,VIEW,2025-08-09 16:58:00
1411,199,VIEW,2025-08-15 00:29:39
1411,202,SEARCH,2025-08-20 20:03:25
1411,186,VIEW,2025-08-25 12:21:01
1411,200,VIEW,2025-08-27 05:13:16
1411,205,VIEW,2025-09-01 08:26:09
1411,201,VIEW,2025-09-06 09:21:14
1411,187,SEARCH,2025-09-09 19:52:58
1411,187,VIEW,2025-09-22 00:23:12
1411,204,VIEW,2025-09-25 20:45:37
1411,203,FAVORITE,2025-09-26 03:58:51
1411,203,VIEW,2025-10-01 07:40:04
1411,203,VIEW,2025-10-06 19:33:44
1411,188,SEARCH,2025-10-11 20:06:55
1411,179,VIEW,2025-10-16 09:15:04
1411,203,VIEW,2025-10-19 12:44:19
1411,217,VIEW,2025-10-22 10:36:12
1411,203,VIEW,2025-10-24 12:03:31
1411,213,VIEW,2025-10-27 20:32:14
1411,204,SEARCH,2025-10-28 08:35:54
1411,186,VIEW,2025-10-30 12:22:41
1411,186,VIEW,2025-11-01 22:17:09
1411,217,VIEW,2025-11-07 19:09:25
1411,199,VIEW,2025-11-10 20:59:57
1411,203,VIEW,2025-11-18 23:10:17
1411,216,VIEW,2025-11-23 18:39:32
1411,203,VIEW,2025-11-28 07:14:28
1411,208,VIEW,2025-12-09 12:53:41
1411,187,VIEW,2025-12-11 16:28:52
1411,197,VIEW,2025-12-24 16:20:14
1411,183,VIEW,2026-01-01 08:45:04
1411,215,VIEW,2026-01-05 02:43:40
1411,198,VIEW,2026-01-13 23:11:31
1411,186,VIEW,2026-01-14 15:17:28
1411,180,VIEW,2026-02-02 15:19:21
1411,217,VIEW,2026-02-05 17:22:22
1411,205,VIEW,2026-02-08 01:41:52
1411,205,VIEW,2026-02-09 07:47:43
1411,203,VIEW,2026-02-15 23:39:15
1411,197,SHARE,2026-02-21 20:02:46
1411,196,ADD_TO_CART,2026-02-25 21:26:41
1411,186,VIEW,2026-03-03 20:06:20
1411,209,VIEW,2026-03-04 06:50:38
1411,205,VIEW,2026-03-05 01:56:37
1411,197,SEARCH,2026-03-05 02:06:57
1411,195,VIEW,2026-03-16 09:01:06
1411,198,SEARCH,2026-03-19 21:16:52
1411,179,VIEW,2026-03-26 01:52:35
1411,187,VIEW,2026-03-29 04:31:59
1411,185,VIEW,2026-04-04 09:10:36
1411,197,SEARCH,2026-04-14 19:43:46
1411,179,VIEW,2026-04-21 08:59:33
1411,180,VIEW,2026-05-03 10:15:03
1411,187,SEARCH,2026-05-09 05:35:14
1411,187,SEARCH,2026-05-14 02:22:41
1411,188,VIEW,2026-05-15 20:13:32
1411,187,VIEW,2026-05-16 12:55:44
1411,195,VIEW,2026-05-19 12:42:22
1411,187,VIEW,2026-05-23 08:58:17
1411,207,ADD_TO_CART,2026-05-23 21:01:23
1411,188,SEARCH,2026-05-26 03:38:13
1411,205,VIEW,2026-05-28 06:54:42
1411,187,SHARE,2026-06-14 01:47:10
1411,199,VIEW,2026-06-14 18:07:24
1411,207,SEARCH,2026-06-17 07:07:38
1411,203,SEARCH,2026-06-28 18:24:00
1412,212,SEARCH,2025-07-09 01:28:06
1412,211,VIEW,2025-10-08 03:08:31
1412,217,ADD_TO_CART,2026-03-15 09:03:00
1413,205,VIEW,2025-05-09 22:06:11
1413,195,ADD_TO_CART,2025-05-27 15:29:55
1413,211,VIEW,2025-06-11 14:14:27
1413,203,SEARCH,2025-07-12 18:44:07
1413,193,VIEW,2025-08-08 13:25:20
1413,200,VIEW,2025-08-28 23:40:36
1413,188,VIEW,2025-09-13 19:32:59
1413,204,VIEW,2025-09-22 23:16:07
1413,189,FAVORITE,2025-09-27 05:52:43
1413,203,VIEW,2025-10-12 20:14:57
1413,187,VIEW,2025-10-15 10:36:00
1414,201,VIEW,2025-08-02 23:23:40
1414,202,FAVORITE,2025-08-16 07:15:47
1414,193,VIEW,2025-08-16 23:22:30
1414,183,VIEW,2025-08-21 07:10:56
1414,194,SEARCH,2025-08-24 23:28:52
1414,183,VIEW,2025-08-25 08:41:39
1414,194,SEARCH,2025-09-02 23:06:39
1414,201,ADD_TO_CART,2025-09-03 01:27:01
1414,184,VIEW,2025-09-04 06:42:44
1414,194,VIEW,2025-09-05 03:03:45
1414,181,VIEW,2025-09-11 00:58:00
1414,201,VIEW,2025-09-13 07:36:49
1414,184,VIEW,2025-09-30 20:16:28
1414,209,VIEW,2025-10-02 00:34:02
1414,194,VIEW,2025-10-04 20:10:17
1414,181,VIEW,2025-10-05 06:26:20
1414,209,VIEW,2025-10-14 14:45:13
1414,198,VIEW,2025-10-18 05:02:46
1414,209,VIEW,2025-10-20 02:50:52
1414,217,VIEW,2025-10-29 08:11:29
1414,214,VIEW,2025-11-05 08:33:35
1414,202,SEARCH,2025-11-05 14:30:20
1414,213,ADD_TO_CART,2025-11-06 09:30:48
1414,202,VIEW,2025-11-18 15:43:35
1414,194,VIEW,2025-11-18 16:13:52
1414,184,VIEW,2025-11-25 21:15:18
1414,202,ADD_TO_CART,2025-11-27 14:49:18
1414,195,FAVORITE,2025-11-29 03:42:45
1414,211,SEARCH,2025-11-30 00:11:06
1414,183,VIEW,2025-12-10 11:46:44
1414,183,FAVORITE,2025-12-13 12:50:46
1414,190,VIEW,2025-12-31 23:10:53
1414,194,FAVORITE,2026-01-02 00:59:01
1414,188,SHARE,2026-01-12 19:53:38
1414,213,VIEW,2026-01-19 15:37:50
1414,218,VIEW,2026-01-20 20:32:17
1414,202,SEARCH,2026-01-22 07:07:52
1414,184,VIEW,2026-01-27 12:24:08
1414,201,VIEW,2026-01-31 15:17:08
1414,198,VIEW,2026-01-31 21:02:35
1414,184,VIEW,2026-02-03 09:02:57
1414,184,VIEW,2026-02-10 02:28:45
1414,184,VIEW,2026-02-15 17:18:06
1414,202,VIEW,2026-02-16 21:02:55
1414,193,VIEW,2026-02-26 00:06:43
1414,183,VIEW,2026-03-09 07:31:52
1414,200,VIEW,2026-03-09 17:41:06
1414,187,VIEW,2026-03-15 23:23:07
1414,188,VIEW,2026-03-19 05:26:20
1414,201,SEARCH,2026-03-19 22:56:23
1414,183,VIEW,2026-03-21 01:04:27
1414,202,VIEW,2026-04-03 10:30:01
1414,213,ADD_TO_CART,2026-04-09 01:57:16
1414,193,SHARE,2026-04-17 08:19:47
1414,202,VIEW,2026-04-19 20:23:07
1414,189,VIEW,2026-04-29 02:59:34
1414,201,SEARCH,2026-04-29 12:59:31
1414,185,VIEW,2026-04-29 16:08:36
1414,195,VIEW,2026-05-04 21:42:53
1414,202,VIEW,2026-05-16 12:56:10
1414,201,VIEW,2026-05-19 23:45:32
1414,182,VIEW,2026-05-23 17:52:11
1414,202,VIEW,2026-05-26 16:28:18
1414,184,ADD_TO_CART,2026-06-01 21:57:03
1414,217,VIEW,2026-06-14 06:36:51
1414,200,VIEW,2026-06-15 02:30:28
1414,182,VIEW,2026-06-16 19:02:43
1414,194,VIEW,2026-06-25 14:04:00
1415,180,ADD_TO_CART,2025-12-17 13:40:17
1415,208,SHARE,2025-12-23 16:44:03
1415,197,VIEW,2025-12-23 17:24:45
1415,181,SEARCH,2025-12-24 19:51:37
1415,199,VIEW,2025-12-25 05:44:53
1415,185,VIEW,2025-12-29 02:24:28
1415,208,VIEW,2025-12-30 22:38:53
1415,199,SEARCH,2025-12-31 22:01:35
1415,207,VIEW,2026-01-02 04:46:56
1415,181,SEARCH,2026-01-03 19:30:25
1415,207,VIEW,2026-01-04 00:09:42
1415,180,VIEW,2026-01-04 03:11:25
1415,180,VIEW,2026-01-05 08:10:24
1415,218,VIEW,2026-01-06 20:02:43
1415,200,VIEW,2026-01-07 18:27:16
1415,211,VIEW,2026-01-09 06:43:49
1415,190,ADD_TO_CART,2026-01-14 05:10:54
1415,211,FAVORITE,2026-01-15 10:19:46
1415,199,VIEW,2026-01-15 17:14:21
1415,210,SHARE,2026-01-17 13:44:32
1415,197,VIEW,2026-01-17 14:12:22
1415,199,SEARCH,2026-01-18 02:41:19
1415,213,VIEW,2026-01-20 02:54:31
1415,207,VIEW,2026-01-23 20:05:20
1415,197,VIEW,2026-01-28 18:39:05
1415,213,SHARE,2026-02-03 02:25:14
1415,206,VIEW,2026-02-04 18:50:51
1415,191,VIEW,2026-02-05 07:59:48
1415,181,SEARCH,2026-02-06 22:41:39
1415,198,FAVORITE,2026-02-09 20:52:15
1415,181,VIEW,2026-02-10 00:11:38
1415,205,SEARCH,2026-02-10 09:48:23
1415,180,VIEW,2026-02-13 01:15:16
1415,201,ADD_TO_CART,2026-02-16 23:14:37
1415,212,FAVORITE,2026-02-20 13:00:12
1415,197,SEARCH,2026-02-21 22:45:23
1415,199,VIEW,2026-02-27 03:22:23
1415,216,VIEW,2026-02-27 04:04:36
1415,181,VIEW,2026-02-27 07:46:05
1415,199,VIEW,2026-02-28 00:52:12
1415,198,SEARCH,2026-03-01 04:37:52
1415,205,SHARE,2026-03-03 15:24:46
1415,188,FAVORITE,2026-03-09 20:33:24
1415,180,VIEW,2026-03-13 07:45:58
1415,207,VIEW,2026-03-16 21:28:25
1415,206,VIEW,2026-03-16 23:18:47
1415,193,VIEW,2026-03-18 11:00:42
1415,199,VIEW,2026-03-20 03:18:52
1415,197,VIEW,2026-03-21 22:03:45
1415,199,SEARCH,2026-03-23 19:52:41
1415,181,ADD_TO_CART,2026-03-24 07:59:13
1415,180,VIEW,2026-03-28 15:02:03
1415,208,VIEW,2026-04-02 16:22:28
1415,218,SEARCH,2026-04-08 19:50:56
1415,199,VIEW,2026-04-09 23:19:52
1415,198,VIEW,2026-04-10 00:22:41
1415,198,VIEW,2026-04-13 06:02:55
1415,180,VIEW,2026-04-19 04:12:05
1415,199,VIEW,2026-04-23 15:10:41
1415,196,VIEW,2026-04-25 02:11:58
1415,180,SEARCH,2026-04-26 07:24:04
1415,197,SHARE,2026-04-29 11:26:08
1415,218,SEARCH,2026-04-30 09:42:52
1415,180,VIEW,2026-05-01 10:27:29
1415,180,VIEW,2026-05-03 15:20:53
1415,207,VIEW,2026-05-06 13:49:16
1415,206,VIEW,2026-05-09 14:35:25
1415,198,ADD_TO_CART,2026-05-09 15:03:46
1415,194,SEARCH,2026-05-12 07:31:29
1415,208,VIEW,2026-05-13 00:02:14
1415,199,ADD_TO_CART,2026-05-17 17:41:53
1415,215,VIEW,2026-05-22 09:12:00
1415,186,VIEW,2026-05-24 08:09:13
1415,208,VIEW,2026-05-28 08:29:27
1415,217,VIEW,2026-05-29 16:38:00
1416,201,VIEW,2025-01-11 08:16:57
1416,212,VIEW,2025-02-02 06:18:32
1416,200,VIEW,2025-02-07 14:40:07
1416,183,VIEW,2025-03-18 16:53:10
1416,184,VIEW,2025-04-06 13:00:05
1416,202,VIEW,2025-05-13 03:02:20
1416,212,VIEW,2025-05-14 13:45:17
1416,190,SHARE,2025-05-22 01:23:06
1416,183,VIEW,2025-06-03 13:42:10
1416,184,VIEW,2025-06-20 19:37:59
1416,184,SEARCH,2025-06-26 20:43:39
1416,201,VIEW,2025-07-05 05:09:29
1416,184,ADD_TO_CART,2025-07-17 09:24:26
1416,202,VIEW,2025-07-25 13:33:27
1416,202,ADD_TO_CART,2025-07-28 02:20:33
1416,183,VIEW,2025-08-02 23:20:04
1416,211,VIEW,2025-08-05 08:43:32
1416,201,VIEW,2025-08-31 08:49:43
1416,183,VIEW,2025-09-02 07:04:13
1416,184,VIEW,2025-09-10 09:19:31
1416,198,VIEW,2025-09-25 04:35:06
1416,184,VIEW,2025-09-28 18:09:10
1416,183,ADD_TO_CART,2025-10-09 21:36:24
1416,202,VIEW,2025-10-14 09:54:32
1416,202,FAVORITE,2025-10-28 15:55:58
1416,184,SHARE,2025-12-05 03:07:31
1416,212,VIEW,2025-12-15 19:27:09
1416,184,VIEW,2025-12-24 22:56:51
1416,182,VIEW,2025-12-31 00:52:38
1416,201,SEARCH,2026-01-01 05:35:25
1416,192,VIEW,2026-01-02 10:25:11
1416,214,VIEW,2026-01-08 07:50:36
1416,191,ADD_TO_CART,2026-01-10 19:16:12
1416,184,FAVORITE,2026-01-14 19:13:16
1416,200,SEARCH,2026-01-16 05:36:18
1416,192,ADD_TO_CART,2026-01-19 09:16:45
1416,201,VIEW,2026-01-24 11:18:04
1416,212,VIEW,2026-02-06 21:22:33
1416,202,VIEW,2026-02-19 17:17:33
1416,202,VIEW,2026-02-23 23:53:15
1416,210,VIEW,2026-03-07 08:42:35
1416,184,ADD_TO_CART,2026-04-02 22:50:47
1416,202,SEARCH,2026-04-04 13:51:00
1417,186,VIEW,2024-05-06 00:52:06
1417,217,ADD_TO_CART,2024-06-13 06:05:13
1417,185,FAVORITE,2024-06-20 11:00:59
1417,186,SEARCH,2024-06-24 18:56:48
1417,183,SEARCH,2024-06-27 14:50:58
1417,215,VIEW,2024-07-02 15:34:29
1417,180,FAVORITE,2024-07-23 11:00:53
1417,202,VIEW,2024-07-25 02:46:23
1417,213,VIEW,2024-07-26 17:16:22
1417,215,VIEW,2024-08-08 04:49:20
1417,211,VIEW,2024-08-11 20:14:30
1417,201,ADD_TO_CART,2024-08-24 17:38:01
1417,184,VIEW,2024-09-16 15:21:02
1417,210,VIEW,2024-09-18 23:33:48
1417,202,ADD_TO_CART,2024-09-21 12:07:01
1417,205,VIEW,2024-09-27 03:49:38
1417,184,SEARCH,2024-10-21 06:08:26
1417,194,VIEW,2024-12-18 06:03:03
1417,195,FAVORITE,2024-12-25 12:48:35
1417,201,VIEW,2025-01-02 03:13:40
1417,202,SEARCH,2025-01-02 04:44:34
1417,185,SEARCH,2025-02-09 12:03:55
1417,200,FAVORITE,2025-02-13 12:05:56
1417,202,FAVORITE,2025-02-17 19:39:11
1417,185,ADD_TO_CART,2025-02-19 08:51:05
1417,182,FAVORITE,2025-03-08 19:18:19
1417,208,VIEW,2025-03-15 02:20:53
1417,195,SEARCH,2025-04-09 17:18:35
1417,217,VIEW,2025-04-30 08:32:42
1417,202,SEARCH,2025-05-02 23:44:13
1417,218,VIEW,2025-05-04 23:12:25
1417,198,VIEW,2025-05-13 03:52:43
1417,201,VIEW,2025-06-03 18:40:28
1417,183,VIEW,2025-07-03 04:13:29
1417,202,SEARCH,2025-08-10 22:05:25
1417,216,VIEW,2025-08-14 23:01:52
1417,206,VIEW,2025-09-24 09:46:58
1417,194,VIEW,2025-09-30 05:30:04
1417,195,VIEW,2025-10-08 11:30:16
1417,184,ADD_TO_CART,2025-10-11 13:05:57
1417,201,VIEW,2025-10-23 09:13:01
1417,186,SEARCH,2025-11-05 04:15:22
1417,203,VIEW,2025-12-05 23:07:45
1417,184,VIEW,2025-12-28 08:56:56
1417,186,VIEW,2025-12-30 02:32:13
1417,200,VIEW,2025-12-30 18:57:57
1417,183,SEARCH,2025-12-30 23:54:15
1417,187,SEARCH,2026-01-14 04:11:26
1417,182,VIEW,2026-01-17 08:50:16
1417,201,VIEW,2026-02-06 00:48:42
1417,216,VIEW,2026-02-11 01:30:00
1417,201,VIEW,2026-02-15 02:35:49
1417,196,VIEW,2026-04-21 16:50:08
1417,183,ADD_TO_CART,2026-05-01 00:33:59
1417,201,VIEW,2026-05-16 17:35:51
1417,218,VIEW,2026-05-20 17:42:33
1417,189,VIEW,2026-05-26 05:56:34
1417,202,ADD_TO_CART,2026-05-29 22:31:52
1417,184,ADD_TO_CART,2026-06-03 00:50:37
1417,215,FAVORITE,2026-06-27 17:28:00
1418,204,VIEW,2024-07-22 12:41:57
1418,186,VIEW,2024-07-25 19:22:54
1418,190,SEARCH,2024-07-25 20:51:36
1418,208,ADD_TO_CART,2024-08-11 16:02:24
1418,211,VIEW,2024-09-11 19:12:47
1418,193,VIEW,2024-09-13 06:43:29
1418,213,SEARCH,2024-09-23 10:42:09
1418,208,SHARE,2024-09-27 09:17:17
1418,186,VIEW,2024-10-12 23:49:01
1418,207,ADD_TO_CART,2024-10-23 20:32:31
1418,207,SHARE,2024-11-05 18:19:02
1418,192,VIEW,2024-11-17 04:29:20
1418,211,FAVORITE,2024-11-23 17:43:01
1418,198,VIEW,2024-11-28 16:42:29
1418,194,SEARCH,2024-12-16 18:53:45
1418,185,SEARCH,2025-01-29 09:14:05
1418,211,VIEW,2025-01-31 05:51:41
1418,185,VIEW,2025-02-24 07:50:32
1418,203,VIEW,2025-03-06 15:08:58
1418,185,SEARCH,2025-03-26 02:56:47
1418,192,SHARE,2025-04-12 04:42:31
1418,211,VIEW,2025-04-30 16:30:05
1418,206,SEARCH,2025-05-18 19:41:24
1418,211,VIEW,2025-05-25 11:08:36
1418,193,SEARCH,2025-06-09 06:50:22
1418,182,VIEW,2025-07-06 02:32:53
1418,203,FAVORITE,2025-07-24 11:45:18
1418,194,SEARCH,2025-07-26 01:08:29
1418,195,ADD_TO_CART,2025-08-01 10:25:36
1418,203,VIEW,2025-08-14 21:42:43
1418,211,SEARCH,2025-08-15 07:51:56
1418,215,SEARCH,2025-08-16 17:09:40
1418,185,VIEW,2025-08-17 11:22:32
1418,188,FAVORITE,2025-08-20 23:29:43
1418,203,VIEW,2025-08-27 09:50:29
1418,211,VIEW,2025-09-02 22:09:39
1418,212,SEARCH,2025-10-19 09:35:22
1418,188,VIEW,2025-10-19 23:33:31
1418,188,VIEW,2025-10-26 10:13:34
1418,217,VIEW,2025-11-17 01:41:17
1418,186,VIEW,2025-12-05 22:02:18
1418,182,VIEW,2025-12-10 05:35:56
1418,205,VIEW,2025-12-12 17:33:21
1418,186,ADD_TO_CART,2025-12-26 08:26:14
1418,203,VIEW,2025-12-27 04:28:44
1418,207,VIEW,2025-12-29 19:21:37
1418,198,VIEW,2026-01-04 10:16:39
1418,190,SEARCH,2026-01-12 00:09:10
1418,212,VIEW,2026-03-22 17:16:28
1418,194,SHARE,2026-04-13 13:26:56
1418,207,VIEW,2026-04-13 22:06:40
1418,192,VIEW,2026-04-20 18:35:44
1418,181,VIEW,2026-05-12 14:16:31
1418,211,VIEW,2026-05-15 18:15:11
1418,217,VIEW,2026-06-02 16:20:00
1419,206,FAVORITE,2024-07-24 03:36:52
1419,184,VIEW,2024-07-30 12:26:35
1419,202,VIEW,2024-08-23 09:42:17
1419,203,VIEW,2024-09-05 11:04:28
1419,192,VIEW,2024-09-08 04:16:36
1419,195,SHARE,2024-09-13 01:09:45
1419,207,SEARCH,2024-10-14 02:50:34
1419,179,VIEW,2024-10-29 15:22:32
1419,202,VIEW,2024-11-15 09:40:28
1419,212,SEARCH,2024-11-20 09:02:42
1419,201,VIEW,2024-12-08 09:15:35
1419,198,VIEW,2024-12-12 10:58:36
1419,198,VIEW,2024-12-13 13:16:53
1419,179,SHARE,2024-12-15 23:35:04
1419,212,ADD_TO_CART,2024-12-20 14:28:46
1419,205,SEARCH,2024-12-25 09:55:22
1419,181,VIEW,2024-12-30 04:02:55
1419,183,ADD_TO_CART,2025-01-08 18:22:30
1419,198,ADD_TO_CART,2025-01-13 18:50:42
1419,193,VIEW,2025-01-14 16:52:53
1419,180,VIEW,2025-01-25 13:17:15
1419,210,VIEW,2025-01-28 08:43:53
1419,183,ADD_TO_CART,2025-02-11 18:41:47
1419,212,VIEW,2025-02-21 00:27:06
1419,197,VIEW,2025-03-04 03:17:13
1419,199,VIEW,2025-03-23 08:04:15
1419,199,FAVORITE,2025-03-24 02:55:16
1419,199,SEARCH,2025-03-26 13:09:07
1419,198,VIEW,2025-04-13 22:12:37
1419,218,SEARCH,2025-04-15 06:36:44
1419,198,VIEW,2025-04-15 17:11:55
1419,197,ADD_TO_CART,2025-04-23 23:05:05
1419,179,VIEW,2025-04-29 13:55:38
1419,212,VIEW,2025-05-17 22:14:24
1419,197,ADD_TO_CART,2025-05-22 06:58:37
1419,207,VIEW,2025-05-24 23:53:46
1419,198,VIEW,2025-05-25 01:32:44
1419,215,VIEW,2025-06-22 05:43:14
1419,218,SEARCH,2025-06-30 07:53:26
1419,190,VIEW,2025-07-06 14:00:59
1419,212,ADD_TO_CART,2025-07-22 18:26:13
1419,215,SEARCH,2025-08-08 10:31:55
1419,211,VIEW,2025-08-10 02:55:28
1419,183,VIEW,2025-08-16 18:56:45
1419,197,SEARCH,2025-08-20 20:00:07
1419,209,SEARCH,2025-08-24 10:01:52
1419,218,VIEW,2025-09-10 14:50:19
1419,199,ADD_TO_CART,2025-09-21 01:32:21
1419,195,SHARE,2025-09-30 07:44:53
1419,202,VIEW,2025-10-11 18:24:25
1419,186,VIEW,2025-10-20 23:20:39
1419,192,VIEW,2025-10-25 22:41:19
1419,212,VIEW,2025-11-06 04:18:12
1419,217,VIEW,2025-11-29 23:58:30
1419,188,VIEW,2025-12-14 11:54:56
1419,198,VIEW,2025-12-27 01:21:28
1419,180,VIEW,2026-01-07 12:13:28
1419,186,VIEW,2026-01-31 08:36:51
1419,212,VIEW,2026-02-02 10:18:39
1419,179,VIEW,2026-02-05 05:21:04
1419,198,VIEW,2026-02-08 23:25:30
1419,199,VIEW,2026-02-17 17:01:47
1419,207,VIEW,2026-02-19 01:53:12
1419,197,VIEW,2026-03-12 07:42:46
1419,197,VIEW,2026-03-15 02:50:30
1419,198,VIEW,2026-03-22 22:40:29
1419,179,VIEW,2026-03-23 11:11:23
1419,197,VIEW,2026-03-23 23:45:29
1419,197,VIEW,2026-03-25 19:25:28
1419,199,VIEW,2026-04-13 04:14:24
1419,199,VIEW,2026-04-18 21:35:10
1419,180,VIEW,2026-04-28 19:09:37
1419,192,SEARCH,2026-05-06 09:38:30
1419,183,SHARE,2026-05-14 06:02:26
1419,198,VIEW,2026-05-19 04:03:19
1419,197,SEARCH,2026-05-29 17:27:18
1419,180,SEARCH,2026-06-09 13:40:20
1419,192,VIEW,2026-06-11 11:04:00
1420,191,VIEW,2025-10-23 05:05:26
1420,210,VIEW,2025-10-24 13:56:13
1420,209,VIEW,2025-10-24 22:09:55
1420,213,VIEW,2025-11-03 03:48:15
1420,210,VIEW,2025-11-05 14:19:37
1420,193,FAVORITE,2025-11-20 19:48:08
1420,194,ADD_TO_CART,2025-11-28 05:57:22
1420,196,VIEW,2025-11-28 22:15:37
1420,204,VIEW,2025-12-05 06:21:35
1420,207,FAVORITE,2025-12-07 14:07:37
1420,194,VIEW,2025-12-14 10:09:19
1420,191,VIEW,2025-12-14 11:17:25
1420,209,VIEW,2025-12-15 17:38:38
1420,209,SEARCH,2025-12-18 19:13:17
1420,210,ADD_TO_CART,2025-12-20 20:28:02
1420,193,VIEW,2025-12-24 04:43:34
1420,210,VIEW,2025-12-26 13:19:50
1420,190,SEARCH,2025-12-28 01:03:12
1420,189,VIEW,2026-01-01 03:56:26
1420,191,VIEW,2026-01-01 21:22:13
1420,190,VIEW,2026-01-05 00:50:29
1420,191,FAVORITE,2026-01-06 05:27:01
1420,210,VIEW,2026-01-15 05:47:43
1420,209,VIEW,2026-01-15 14:45:42
1420,213,VIEW,2026-01-15 22:09:52
1420,209,VIEW,2026-01-18 07:24:42
1420,190,SHARE,2026-01-21 10:34:59
1420,191,VIEW,2026-01-22 07:17:50
1420,189,VIEW,2026-01-24 23:21:48
1420,197,SEARCH,2026-01-26 20:48:00
1420,190,SEARCH,2026-01-27 07:49:56
1420,197,VIEW,2026-02-02 17:02:21
1420,209,VIEW,2026-02-02 21:52:22
1420,193,VIEW,2026-02-05 04:34:23
1420,209,VIEW,2026-02-06 16:43:39
1420,189,VIEW,2026-02-21 15:01:02
1420,209,ADD_TO_CART,2026-02-22 19:58:26
1420,210,SHARE,2026-02-28 10:56:42
1420,217,ADD_TO_CART,2026-02-28 19:24:51
1420,209,VIEW,2026-03-04 06:40:17
1420,191,SEARCH,2026-03-05 11:31:00
1420,191,VIEW,2026-03-07 17:53:45
1420,209,VIEW,2026-03-18 01:47:43
1420,215,SEARCH,2026-03-21 11:09:20
1420,186,VIEW,2026-03-22 13:54:42
1420,217,VIEW,2026-03-23 18:36:10
1420,194,ADD_TO_CART,2026-03-26 11:36:07
1420,210,VIEW,2026-04-04 12:52:57
1420,189,VIEW,2026-04-06 11:08:38
1420,218,VIEW,2026-04-06 19:11:05
1420,210,VIEW,2026-04-14 21:23:12
1420,210,FAVORITE,2026-04-14 21:49:10
1420,209,FAVORITE,2026-04-16 02:33:19
1420,209,VIEW,2026-04-19 22:43:33
1420,209,SEARCH,2026-04-26 19:30:21
1420,210,VIEW,2026-05-04 12:44:12
1420,202,SEARCH,2026-05-11 18:27:10
1420,209,VIEW,2026-05-17 10:07:25
1420,210,VIEW,2026-05-20 08:09:57
1420,214,VIEW,2026-05-25 06:42:44
1420,199,SHARE,2026-05-27 01:35:57
1420,209,VIEW,2026-06-01 16:10:08
1420,190,VIEW,2026-06-14 09:32:25
1420,209,SEARCH,2026-06-17 11:23:00
1421,218,VIEW,2025-05-31 15:20:16
1421,182,VIEW,2025-06-04 23:41:41
1421,201,ADD_TO_CART,2025-06-06 11:59:58
1421,202,VIEW,2025-06-06 15:53:22
1421,195,VIEW,2025-06-26 05:16:32
1421,197,SEARCH,2025-06-29 06:18:35
1421,202,ADD_TO_CART,2025-07-01 10:51:32
1421,184,VIEW,2025-07-01 12:38:08
1421,201,SEARCH,2025-07-05 07:51:50
1421,183,VIEW,2025-07-19 07:38:54
1421,201,SEARCH,2025-07-21 03:44:59
1421,184,ADD_TO_CART,2025-07-21 03:57:34
1421,191,SEARCH,2025-07-25 18:53:33
1421,201,VIEW,2025-07-25 19:09:23
1421,200,VIEW,2025-07-26 06:36:42
1421,202,VIEW,2025-07-27 14:14:13
1421,206,ADD_TO_CART,2025-08-03 09:59:11
1421,214,VIEW,2025-08-18 03:50:59
1421,204,SHARE,2025-08-23 04:38:53
1421,218,VIEW,2025-08-23 18:28:40
1421,182,VIEW,2025-09-03 02:11:00
1421,183,SHARE,2025-09-03 12:34:32
1421,201,SEARCH,2025-09-19 07:45:48
1421,206,VIEW,2025-10-03 13:00:01
1421,189,VIEW,2025-10-03 13:32:33
1421,217,VIEW,2025-10-06 09:15:29
1421,202,SEARCH,2025-10-12 21:37:08
1421,197,SEARCH,2025-11-04 17:01:53
1421,183,SEARCH,2025-11-06 18:43:53
1421,193,VIEW,2025-11-14 12:23:29
1421,202,ADD_TO_CART,2025-11-18 06:26:12
1421,183,VIEW,2025-11-19 16:50:07
1421,201,VIEW,2025-11-21 16:27:01
1421,201,VIEW,2025-11-24 09:21:30
1421,214,VIEW,2025-11-26 05:55:37
1421,209,VIEW,2025-11-26 21:55:20
1421,206,VIEW,2025-11-27 04:46:45
1421,218,VIEW,2025-11-27 18:15:54
1421,202,VIEW,2025-11-30 20:01:21
1421,194,VIEW,2025-12-04 05:55:46
1421,202,SEARCH,2025-12-09 14:38:32
1421,200,VIEW,2025-12-11 18:39:44
1421,200,VIEW,2025-12-26 04:51:27
1421,217,VIEW,2026-01-14 10:27:09
1421,189,ADD_TO_CART,2026-01-17 04:47:30
1421,201,FAVORITE,2026-01-26 14:00:14
1421,200,ADD_TO_CART,2026-01-27 07:49:36
1421,195,FAVORITE,2026-01-27 12:12:34
1421,201,SEARCH,2026-01-27 12:16:53
1421,182,SEARCH,2026-01-27 17:06:10
1421,182,VIEW,2026-01-30 19:45:17
1421,187,SEARCH,2026-02-08 06:27:31
1421,199,ADD_TO_CART,2026-02-17 18:28:13
1421,186,VIEW,2026-03-02 17:21:53
1421,191,VIEW,2026-03-05 10:53:50
1421,184,VIEW,2026-03-14 18:02:40
1421,182,VIEW,2026-03-18 05:38:26
1421,181,VIEW,2026-03-29 19:40:37
1421,193,SHARE,2026-03-30 09:58:11
1421,184,SEARCH,2026-04-04 08:14:13
1421,218,SEARCH,2026-04-07 06:07:14
1421,202,VIEW,2026-04-09 06:00:40
1421,183,VIEW,2026-04-10 22:29:22
1421,182,VIEW,2026-04-13 16:51:37
1421,194,VIEW,2026-04-16 21:40:26
1421,184,SEARCH,2026-05-01 14:18:09
1421,184,SEARCH,2026-05-05 19:35:28
1421,183,ADD_TO_CART,2026-05-06 21:51:56
1421,189,VIEW,2026-05-11 23:35:52
1421,201,VIEW,2026-05-12 17:52:45
1421,189,SEARCH,2026-05-15 07:24:43
1421,180,ADD_TO_CART,2026-05-16 12:09:50
1421,183,VIEW,2026-05-18 21:52:36
1421,201,SEARCH,2026-05-23 09:23:44
1421,196,VIEW,2026-05-28 11:05:38
1421,202,SHARE,2026-05-30 18:16:47
1421,201,SEARCH,2026-06-06 10:58:32
1421,181,FAVORITE,2026-06-08 01:57:22
1421,202,VIEW,2026-06-24 19:21:13
1421,195,FAVORITE,2026-07-15 09:01:09
1421,184,VIEW,2026-07-18 18:37:00
1422,209,VIEW,2024-08-14 01:40:10
1422,197,VIEW,2024-09-28 17:06:44
1422,191,VIEW,2024-11-02 11:24:06
1422,210,VIEW,2024-11-18 00:21:37
1422,217,SHARE,2024-11-19 13:42:47
1422,199,VIEW,2024-12-14 10:54:51
1422,209,SEARCH,2024-12-18 18:00:04
1422,189,VIEW,2025-01-12 00:22:47
1422,216,VIEW,2025-01-22 19:27:46
1422,190,VIEW,2025-01-24 13:17:29
1422,210,SEARCH,2025-02-11 06:09:42
1422,198,SEARCH,2025-02-28 22:56:38
1422,210,VIEW,2025-03-06 10:02:27
1422,209,SEARCH,2025-03-11 19:42:22
1422,209,VIEW,2025-03-16 05:23:50
1422,193,VIEW,2025-03-25 06:05:15
1422,210,SEARCH,2025-04-13 22:22:42
1422,210,VIEW,2025-04-16 23:32:28
1422,209,VIEW,2025-04-29 23:02:05
1422,184,VIEW,2025-05-02 09:16:25
1422,194,SHARE,2025-05-16 11:55:32
1422,190,VIEW,2025-05-21 06:53:09
1422,212,SEARCH,2025-05-28 10:22:57
1422,209,VIEW,2025-06-06 10:25:07
1422,209,SEARCH,2025-06-14 18:43:28
1422,209,ADD_TO_CART,2025-06-27 17:04:04
1422,210,VIEW,2025-07-05 17:23:55
1422,215,VIEW,2025-07-13 17:01:59
1422,209,VIEW,2025-07-16 13:23:05
1422,210,VIEW,2025-07-22 16:25:46
1422,197,VIEW,2025-07-26 21:13:34
1422,209,FAVORITE,2025-08-26 03:49:52
1422,191,VIEW,2025-09-04 11:39:54
1422,215,VIEW,2025-10-01 15:42:19
1422,205,VIEW,2025-10-11 04:38:21
1422,189,VIEW,2025-10-21 22:56:28
1422,189,SEARCH,2025-11-08 21:38:54
1422,189,VIEW,2025-12-05 12:16:57
1422,218,VIEW,2025-12-17 02:44:41
1422,198,VIEW,2025-12-24 18:42:19
1422,185,ADD_TO_CART,2025-12-25 09:55:08
1422,190,VIEW,2026-01-02 13:00:28
1422,214,VIEW,2026-01-05 11:25:10
1422,199,VIEW,2026-01-12 22:39:34
1422,200,VIEW,2026-01-27 23:24:54
1422,209,ADD_TO_CART,2026-01-31 09:19:18
1422,210,VIEW,2026-02-06 21:29:51
1422,191,VIEW,2026-02-15 23:47:00
1422,210,VIEW,2026-03-21 20:03:37
1422,208,VIEW,2026-05-03 09:39:46
1422,210,VIEW,2026-05-08 10:02:00
1423,204,ADD_TO_CART,2026-02-07 12:51:42
1423,207,VIEW,2026-02-12 01:47:53
1423,216,VIEW,2026-02-12 15:17:59
1423,216,VIEW,2026-02-16 22:19:21
1423,206,SEARCH,2026-02-17 16:52:09
1423,195,VIEW,2026-02-19 11:14:21
1423,207,SEARCH,2026-02-20 10:19:22
1423,207,VIEW,2026-03-16 09:04:05
1423,216,VIEW,2026-03-17 13:16:35
1423,206,VIEW,2026-03-25 04:36:16
1423,218,VIEW,2026-03-25 15:22:18
1423,217,VIEW,2026-04-02 03:21:51
1423,216,VIEW,2026-04-04 13:47:17
1423,196,SEARCH,2026-04-10 08:46:48
1423,195,FAVORITE,2026-04-13 19:29:20
1423,198,VIEW,2026-04-14 08:51:44
1423,193,ADD_TO_CART,2026-04-23 12:01:37
1423,207,SEARCH,2026-04-24 01:50:48
1423,217,SEARCH,2026-04-26 04:05:56
1423,181,VIEW,2026-04-27 21:04:22
1423,217,ADD_TO_CART,2026-05-05 16:34:04
1423,216,VIEW,2026-05-07 18:43:16
1423,189,VIEW,2026-05-18 14:26:58
1423,190,VIEW,2026-05-19 14:48:03
1423,217,SEARCH,2026-05-20 02:45:15
1423,207,ADD_TO_CART,2026-05-22 07:52:35
1423,201,VIEW,2026-05-28 17:26:51
1423,186,VIEW,2026-06-06 19:31:33
1423,196,VIEW,2026-06-12 18:20:00
1424,186,ADD_TO_CART,2025-02-13 07:04:54
1424,186,SEARCH,2025-02-25 04:13:08
1424,185,VIEW,2025-03-06 22:05:15
1424,215,SEARCH,2025-04-20 20:14:24
1424,217,VIEW,2025-05-17 01:40:40
1424,205,SHARE,2025-05-30 13:54:31
1424,187,VIEW,2025-06-17 18:48:21
1424,184,SHARE,2025-07-12 16:37:19
1424,210,VIEW,2025-07-18 07:48:41
1424,210,FAVORITE,2025-07-18 14:53:25
1424,207,SEARCH,2025-09-09 02:17:51
1424,203,SEARCH,2025-09-09 08:29:28
1424,209,VIEW,2025-10-15 14:17:00
1424,209,ADD_TO_CART,2025-10-16 11:47:33
1424,187,VIEW,2025-10-18 00:08:53
1424,210,SHARE,2025-10-19 23:02:23
1424,209,VIEW,2025-11-03 14:57:01
1424,187,VIEW,2025-11-26 08:01:21
1424,189,ADD_TO_CART,2025-11-26 13:55:35
1424,205,VIEW,2025-12-14 08:23:09
1424,204,VIEW,2025-12-17 20:38:41
1424,203,FAVORITE,2026-01-07 19:02:06
1424,204,VIEW,2026-01-13 09:04:40
1424,190,VIEW,2026-01-15 11:49:22
1424,186,VIEW,2026-02-19 03:02:16
1424,186,VIEW,2026-03-05 19:23:38
1424,210,VIEW,2026-03-17 00:06:38
1424,204,VIEW,2026-03-21 09:34:08
1424,212,SEARCH,2026-04-04 08:18:13
1424,205,ADD_TO_CART,2026-04-19 13:20:50
1424,188,FAVORITE,2026-04-26 07:20:31
1424,195,ADD_TO_CART,2026-05-02 06:38:13
1424,210,SEARCH,2026-05-27 11:30:24
1424,188,VIEW,2026-06-27 00:17:27
1424,186,VIEW,2026-06-30 10:10:00
1425,217,VIEW,2024-12-18 12:53:22
1425,217,ADD_TO_CART,2025-01-14 19:15:14
1425,215,VIEW,2025-02-01 21:56:27
1425,196,VIEW,2025-03-01 01:39:00
1425,217,SEARCH,2025-03-06 01:50:22
1425,191,SEARCH,2025-04-05 22:55:51
1425,201,FAVORITE,2025-04-12 20:02:45
1425,195,VIEW,2025-04-14 09:58:52
1425,196,VIEW,2025-04-23 10:50:20
1425,195,ADD_TO_CART,2025-04-26 02:06:06
1425,196,VIEW,2025-05-10 22:19:02
1425,196,VIEW,2025-06-17 11:45:31
1425,195,SHARE,2025-07-19 09:43:02
1425,215,SHARE,2025-07-22 21:30:38
1425,216,VIEW,2025-07-31 15:13:06
1425,215,VIEW,2025-08-23 04:00:32
1425,195,VIEW,2025-08-23 09:25:44
1425,216,VIEW,2025-08-27 07:20:41
1425,185,VIEW,2025-08-27 08:41:44
1425,195,FAVORITE,2025-09-19 20:42:31
1425,218,ADD_TO_CART,2025-09-21 07:59:44
1425,189,VIEW,2025-09-28 05:32:25
1425,209,VIEW,2025-09-30 00:30:03
1425,189,SEARCH,2025-10-12 03:53:54
1425,217,ADD_TO_CART,2025-10-17 04:40:25
1425,195,VIEW,2025-10-27 14:55:32
1425,216,VIEW,2025-10-28 01:14:24
1425,207,SEARCH,2025-11-25 20:26:39
1425,190,VIEW,2025-12-24 15:28:58
1425,218,SEARCH,2026-01-08 22:07:20
1425,210,VIEW,2026-01-09 12:59:29
1425,193,SEARCH,2026-01-16 21:26:34
1425,215,ADD_TO_CART,2026-02-03 11:31:10
1425,205,VIEW,2026-02-07 17:20:15
1425,210,ADD_TO_CART,2026-02-10 04:41:39
1425,217,VIEW,2026-03-17 09:09:42
1425,195,VIEW,2026-03-17 13:53:14
1425,196,VIEW,2026-03-20 20:44:53
1425,210,VIEW,2026-03-25 07:22:28
1425,216,VIEW,2026-04-03 01:25:56
1425,217,VIEW,2026-04-08 08:34:10
1425,215,VIEW,2026-04-12 03:51:38
1425,200,VIEW,2026-05-27 20:51:19
1425,195,VIEW,2026-06-04 17:49:00
1426,215,VIEW,2025-01-30 18:55:24
1426,191,VIEW,2025-02-08 07:15:45
1426,217,VIEW,2025-02-26 13:15:07
1426,208,VIEW,2025-03-12 14:39:48
1426,217,VIEW,2025-04-09 01:05:55
1426,216,VIEW,2025-06-06 15:50:39
1426,207,SEARCH,2025-06-15 11:25:19
1426,217,VIEW,2025-08-23 13:48:06
1426,218,ADD_TO_CART,2025-08-27 02:42:21
1426,217,VIEW,2025-09-08 12:21:02
1426,212,VIEW,2025-10-17 14:50:14
1426,210,VIEW,2025-12-15 13:48:20
1426,209,VIEW,2026-01-18 16:36:29
1426,203,VIEW,2026-02-01 15:38:00
1427,198,SEARCH,2025-05-08 02:42:10
1427,216,VIEW,2025-05-21 12:39:59
1427,179,VIEW,2025-06-27 18:19:50
1427,180,ADD_TO_CART,2025-06-29 08:20:43
1427,217,VIEW,2025-07-06 04:45:33
1427,197,VIEW,2025-07-21 01:22:46
1427,190,VIEW,2025-07-26 13:55:58
1427,180,SEARCH,2025-07-29 05:25:30
1427,203,FAVORITE,2025-08-10 18:26:20
1427,196,VIEW,2025-08-13 05:11:19
1427,202,SEARCH,2025-08-15 21:13:56
1427,209,VIEW,2025-08-21 13:21:07
1427,183,VIEW,2025-08-23 10:57:15
1427,186,SEARCH,2025-08-23 23:18:53
1427,189,SEARCH,2025-08-24 14:36:25
1427,217,ADD_TO_CART,2025-08-29 09:28:15
1427,209,VIEW,2025-08-29 13:40:38
1427,200,VIEW,2025-09-06 22:22:56
1427,180,ADD_TO_CART,2025-09-18 14:32:42
1427,210,FAVORITE,2025-09-19 11:04:05
1427,217,ADD_TO_CART,2025-09-22 21:01:27
1427,196,VIEW,2025-09-29 12:49:44
1427,207,VIEW,2025-10-06 19:46:54
1427,180,SEARCH,2025-10-09 14:25:46
1427,210,VIEW,2025-10-11 03:33:24
1427,201,ADD_TO_CART,2025-10-23 06:57:09
1427,180,VIEW,2025-10-23 09:20:28
1427,199,VIEW,2025-10-24 15:20:31
1427,195,VIEW,2025-10-25 21:11:29
1427,180,SEARCH,2025-10-26 02:27:26
1427,192,VIEW,2025-10-30 17:57:29
1427,180,FAVORITE,2025-11-16 12:22:47
1427,190,FAVORITE,2025-11-20 10:34:51
1427,199,VIEW,2025-11-26 05:20:31
1427,183,SHARE,2025-11-29 06:23:28
1427,195,VIEW,2025-12-02 08:41:43
1427,181,ADD_TO_CART,2025-12-15 07:18:05
1427,216,SEARCH,2025-12-22 08:42:25
1427,183,VIEW,2025-12-29 14:48:59
1427,182,VIEW,2025-12-31 15:02:57
1427,199,VIEW,2026-01-16 02:30:52
1427,179,VIEW,2026-01-16 14:30:45
1427,195,VIEW,2026-01-21 00:57:10
1427,187,VIEW,2026-01-23 11:55:35
1427,211,VIEW,2026-02-08 11:31:11
1427,186,SEARCH,2026-02-16 15:54:22
1427,207,SEARCH,2026-02-16 21:51:37
1427,215,VIEW,2026-02-19 11:18:14
1427,216,ADD_TO_CART,2026-02-23 11:26:07
1427,203,SHARE,2026-03-01 09:07:37
1427,209,VIEW,2026-03-01 12:15:51
1427,196,VIEW,2026-03-12 08:06:17
1427,195,ADD_TO_CART,2026-03-23 10:55:19
1427,216,VIEW,2026-03-25 14:17:50
1427,199,VIEW,2026-04-03 04:28:18
1427,191,VIEW,2026-04-09 12:27:12
1427,215,FAVORITE,2026-04-09 18:34:53
1427,195,VIEW,2026-04-18 17:23:41
1427,199,SHARE,2026-04-19 05:25:41
1427,201,VIEW,2026-05-01 13:33:45
1427,215,VIEW,2026-05-09 20:45:29
1427,205,VIEW,2026-05-10 05:05:42
1427,196,VIEW,2026-05-17 15:54:52
1427,217,ADD_TO_CART,2026-05-23 14:28:49
1427,187,VIEW,2026-06-10 01:24:39
1427,201,VIEW,2026-06-22 15:22:00
1428,201,VIEW,2025-03-23 21:07:26
1428,194,VIEW,2025-05-04 13:38:19
1428,205,SEARCH,2025-05-09 16:46:02
1428,214,ADD_TO_CART,2025-05-14 04:26:36
1428,198,VIEW,2025-05-22 09:28:16
1428,180,VIEW,2025-05-23 01:38:01
1428,211,ADD_TO_CART,2025-05-24 14:59:47
1428,185,VIEW,2025-05-30 07:22:53
1428,189,ADD_TO_CART,2025-06-01 09:31:38
1428,184,VIEW,2025-06-03 19:07:27
1428,209,SEARCH,2025-06-14 05:02:52
1428,186,VIEW,2025-06-18 08:01:15
1428,187,VIEW,2025-06-21 00:46:45
1428,185,SEARCH,2025-06-25 05:24:09
1428,189,VIEW,2025-07-14 14:12:20
1428,188,VIEW,2025-08-02 16:32:52
1428,208,VIEW,2025-08-05 23:56:53
1428,203,SEARCH,2025-08-14 21:35:51
1428,190,ADD_TO_CART,2025-08-20 08:09:16
1428,194,SHARE,2025-08-20 08:14:01
1428,210,SHARE,2025-08-23 13:44:31
1428,211,VIEW,2025-09-18 22:43:41
1428,188,VIEW,2025-09-23 09:47:02
1428,205,VIEW,2025-10-12 09:50:56
1428,183,ADD_TO_CART,2025-10-12 10:49:13
1428,204,VIEW,2025-10-15 00:54:19
1428,210,VIEW,2025-10-18 05:55:03
1428,186,SEARCH,2025-10-22 23:50:25
1428,209,FAVORITE,2025-10-23 14:59:08
1428,209,VIEW,2025-10-28 14:42:34
1428,189,VIEW,2025-11-17 11:49:42
1428,210,VIEW,2025-12-03 02:13:32
1428,204,SEARCH,2025-12-10 23:07:04
1428,204,VIEW,2025-12-28 12:14:36
1428,185,VIEW,2026-01-04 10:36:48
1428,187,VIEW,2026-01-05 02:21:48
1428,192,VIEW,2026-01-07 21:52:25
1428,203,VIEW,2026-01-13 20:18:28
1428,194,VIEW,2026-01-16 23:57:47
1428,204,VIEW,2026-01-20 16:20:31
1428,205,SEARCH,2026-02-05 18:47:36
1428,204,VIEW,2026-02-11 11:52:54
1428,210,FAVORITE,2026-02-14 03:36:59
1428,203,VIEW,2026-02-14 21:54:21
1428,180,SEARCH,2026-02-24 19:06:43
1428,210,SEARCH,2026-02-25 03:31:37
1428,189,VIEW,2026-03-29 19:02:45
1428,186,SEARCH,2026-04-01 20:55:58
1428,207,VIEW,2026-04-13 07:32:02
1428,192,VIEW,2026-05-09 10:28:00
1429,199,VIEW,2024-12-27 02:44:39
1429,209,VIEW,2025-02-07 17:17:45
1429,210,VIEW,2025-02-09 05:53:49
1429,207,FAVORITE,2025-03-27 02:27:45
1429,199,VIEW,2025-04-02 15:08:26
1429,181,SEARCH,2025-05-13 16:26:52
1429,210,VIEW,2025-05-24 22:28:24
1429,216,VIEW,2025-06-05 05:03:15
1429,209,VIEW,2025-07-04 14:05:26
1429,209,VIEW,2025-08-08 20:29:25
1429,213,SEARCH,2025-08-18 14:21:41
1429,190,VIEW,2025-08-25 22:25:13
1429,191,SEARCH,2025-10-14 16:52:35
1429,190,VIEW,2025-10-25 06:09:25
1429,198,ADD_TO_CART,2025-10-28 18:06:32
1429,207,ADD_TO_CART,2025-11-18 14:13:13
1429,201,SEARCH,2025-12-16 00:25:21
1429,180,VIEW,2025-12-24 19:46:02
1429,199,SEARCH,2026-01-04 10:23:05
1429,180,ADD_TO_CART,2026-01-18 10:22:24
1429,183,VIEW,2026-01-24 04:09:04
1429,209,VIEW,2026-01-28 04:37:57
1429,198,VIEW,2026-02-05 14:11:20
1429,210,VIEW,2026-04-06 22:08:33
1429,209,VIEW,2026-06-04 11:53:00
1430,184,ADD_TO_CART,2025-03-07 03:11:01
1430,201,VIEW,2025-03-21 20:14:36
1430,183,VIEW,2025-03-23 00:06:02
1430,183,VIEW,2025-04-01 04:42:32
1430,198,VIEW,2025-04-06 09:14:22
1430,195,VIEW,2025-04-12 11:24:35
1430,213,VIEW,2025-04-13 14:12:47
1430,183,SEARCH,2025-04-13 22:41:43
1430,182,SEARCH,2025-04-15 03:34:10
1430,183,VIEW,2025-04-15 11:56:25
1430,200,FAVORITE,2025-05-06 16:32:30
1430,187,VIEW,2025-05-18 16:23:41
1430,196,VIEW,2025-05-22 21:20:01
1430,193,VIEW,2025-06-02 07:24:50
1430,202,VIEW,2025-06-04 04:50:17
1430,194,VIEW,2025-06-22 22:26:42
1430,207,VIEW,2025-06-23 16:02:56
1430,201,VIEW,2025-06-29 11:12:52
1430,183,FAVORITE,2025-06-29 18:33:39
1430,200,VIEW,2025-07-01 14:31:40
1430,218,VIEW,2025-07-06 07:42:22
1430,201,FAVORITE,2025-07-11 23:05:04
1430,184,VIEW,2025-07-13 01:18:47
1430,202,VIEW,2025-07-13 11:15:42
1430,202,SEARCH,2025-08-01 06:26:17
1430,184,VIEW,2025-08-04 16:26:15
1430,184,SEARCH,2025-08-05 04:14:52
1430,184,SEARCH,2025-08-24 02:46:55
1430,195,VIEW,2025-09-02 05:51:41
1430,201,VIEW,2025-09-02 11:38:17
1430,184,SEARCH,2025-09-04 06:00:29
1430,196,VIEW,2025-09-07 13:22:42
1430,182,VIEW,2025-09-16 16:54:26
1430,198,VIEW,2025-09-17 04:17:37
1430,217,ADD_TO_CART,2025-09-18 18:23:20
1430,217,SEARCH,2025-09-20 18:22:51
1430,183,ADD_TO_CART,2025-09-30 20:15:24
1430,195,VIEW,2025-10-05 08:31:46
1430,215,SEARCH,2025-10-13 14:55:33
1430,200,SEARCH,2025-10-18 15:31:11
1430,215,VIEW,2025-10-22 12:56:54
1430,201,VIEW,2025-11-07 21:31:43
1430,199,SEARCH,2025-11-17 21:23:07
1430,201,VIEW,2025-11-27 10:27:04
1430,184,VIEW,2025-11-28 08:18:27
1430,201,VIEW,2025-11-28 16:49:23
1430,202,SEARCH,2025-12-05 06:30:11
1430,183,VIEW,2025-12-07 08:12:26
1430,202,ADD_TO_CART,2025-12-11 22:14:21
1430,209,VIEW,2026-01-05 15:39:12
1430,207,ADD_TO_CART,2026-01-07 21:23:09
1430,200,SEARCH,2026-01-11 15:37:34
1430,201,SEARCH,2026-01-17 12:12:38
1430,202,VIEW,2026-01-23 09:36:32
1430,194,VIEW,2026-02-06 05:43:49
1430,203,VIEW,2026-02-13 16:13:47
1430,195,VIEW,2026-02-19 17:32:12
1430,210,VIEW,2026-02-25 14:21:22
1430,182,SHARE,2026-02-25 17:44:32
1430,216,VIEW,2026-02-26 19:21:16
1430,202,VIEW,2026-02-26 23:13:24
1430,184,VIEW,2026-03-13 08:36:24
1430,196,SEARCH,2026-03-18 08:58:50
1430,184,VIEW,2026-03-19 03:31:18
1430,183,VIEW,2026-03-22 06:35:56
1430,207,VIEW,2026-03-24 17:08:07
1430,201,ADD_TO_CART,2026-04-07 04:02:34
1430,201,VIEW,2026-04-17 05:21:23
1430,182,SEARCH,2026-04-25 10:44:51
1430,201,VIEW,2026-04-26 06:49:06
1430,217,VIEW,2026-05-12 19:38:48
1430,190,VIEW,2026-05-22 01:42:23
1430,201,VIEW,2026-05-31 03:30:40
1430,184,VIEW,2026-06-02 02:08:19
1430,210,VIEW,2026-06-20 18:15:00
1431,187,VIEW,2025-03-30 18:24:09
1431,202,VIEW,2025-04-01 19:29:39
1431,184,VIEW,2025-04-08 14:50:20
1431,212,VIEW,2025-05-09 19:17:13
1431,209,VIEW,2025-05-12 19:45:09
1431,194,VIEW,2025-05-17 16:07:27
1431,187,VIEW,2025-06-07 08:05:18
1431,194,VIEW,2025-06-23 08:39:32
1431,204,VIEW,2025-07-14 09:04:58
1431,200,VIEW,2025-08-13 08:08:28
1431,188,VIEW,2025-08-31 19:03:59
1431,204,VIEW,2025-09-02 16:30:11
1431,187,VIEW,2025-09-10 03:20:49
1431,194,VIEW,2025-09-16 11:05:24
1431,210,VIEW,2025-10-13 06:11:20
1431,210,SEARCH,2025-10-18 07:18:42
1431,185,VIEW,2025-11-07 16:56:23
1431,187,SEARCH,2025-11-10 07:53:51
1431,218,VIEW,2025-11-13 04:43:45
1431,203,ADD_TO_CART,2025-12-18 10:15:33
1431,187,VIEW,2025-12-22 02:59:37
1431,209,ADD_TO_CART,2026-01-14 07:37:37
1431,189,SEARCH,2026-01-27 12:51:03
1431,184,VIEW,2026-02-15 19:47:21
1431,188,ADD_TO_CART,2026-02-28 12:48:11
1431,186,SEARCH,2026-03-08 20:29:30
1431,185,VIEW,2026-03-12 11:44:30
1431,187,VIEW,2026-03-13 23:09:05
1431,209,SEARCH,2026-03-25 14:19:32
1431,185,VIEW,2026-04-01 08:39:30
1431,209,VIEW,2026-04-01 09:16:46
1431,208,VIEW,2026-04-15 21:33:44
1431,186,VIEW,2026-05-08 12:04:01
1431,195,SEARCH,2026-05-27 14:34:29
1431,210,VIEW,2026-05-30 09:56:46
1431,209,VIEW,2026-06-28 17:09:00
1432,217,VIEW,2026-05-03 21:13:49
1432,210,VIEW,2026-05-04 04:29:08
1432,188,SEARCH,2026-05-08 02:27:22
1432,196,ADD_TO_CART,2026-05-09 16:53:00
1432,186,VIEW,2026-05-11 14:48:18
1432,205,VIEW,2026-05-11 23:14:20
1432,187,SEARCH,2026-05-12 09:58:04
1432,192,SEARCH,2026-05-14 08:24:56
1432,205,VIEW,2026-05-17 08:08:02
1432,187,VIEW,2026-05-18 04:55:08
1432,184,VIEW,2026-05-18 18:39:00
1432,185,VIEW,2026-05-21 12:15:04
1432,217,SEARCH,2026-05-23 03:55:26
1432,204,VIEW,2026-05-24 10:38:32
1432,187,VIEW,2026-05-26 05:40:00
1432,187,VIEW,2026-05-27 01:37:05
1432,192,FAVORITE,2026-05-27 16:41:10
1432,187,VIEW,2026-05-29 10:11:02
1432,201,VIEW,2026-05-30 15:06:34
1432,196,FAVORITE,2026-05-31 00:37:05
1432,205,VIEW,2026-06-02 13:39:29
1432,195,VIEW,2026-06-02 16:54:11
1432,216,VIEW,2026-06-05 16:30:50
1432,179,SEARCH,2026-06-06 16:12:06
1432,203,VIEW,2026-06-09 18:10:13
1432,187,SEARCH,2026-06-10 00:33:35
1432,205,VIEW,2026-06-11 07:09:42
1432,204,VIEW,2026-06-11 11:48:29
1432,205,VIEW,2026-06-13 02:36:25
1432,186,SEARCH,2026-06-14 02:08:36
1432,210,SEARCH,2026-06-14 12:20:42
1432,204,ADD_TO_CART,2026-06-17 01:18:52
1432,205,SEARCH,2026-06-20 00:31:20
1432,203,VIEW,2026-06-21 07:04:16
1432,195,ADD_TO_CART,2026-06-22 13:50:20
1432,217,VIEW,2026-06-23 07:22:00
1432,190,ADD_TO_CART,2026-06-23 12:32:03
1432,195,VIEW,2026-06-26 14:41:00
1433,179,VIEW,2024-04-15 15:58:32
1433,197,VIEW,2024-05-09 01:14:54
1433,211,SEARCH,2024-05-30 06:49:40
1433,206,VIEW,2024-06-01 16:41:16
1433,179,VIEW,2024-06-13 04:58:05
1433,201,VIEW,2024-08-01 02:28:12
1433,185,VIEW,2024-08-26 01:51:53
1433,181,VIEW,2024-09-01 09:11:23
1433,182,VIEW,2024-12-04 10:56:36
1433,192,SHARE,2025-01-21 15:21:22
1433,181,ADD_TO_CART,2025-02-12 03:56:17
1433,195,SEARCH,2025-03-06 23:49:24
1433,179,VIEW,2025-03-26 21:50:34
1433,218,VIEW,2025-04-22 01:49:51
1433,181,SEARCH,2025-04-29 06:33:05
1433,192,VIEW,2025-05-04 07:46:03
1433,204,SEARCH,2025-06-02 05:33:29
1433,211,VIEW,2025-06-07 20:19:22
1433,199,VIEW,2025-06-11 20:50:45
1433,181,VIEW,2025-08-13 10:58:36
1433,198,ADD_TO_CART,2025-08-16 13:09:52
1433,211,VIEW,2025-09-01 09:41:18
1433,207,VIEW,2025-09-05 19:06:18
1433,199,VIEW,2025-09-26 12:24:29
1433,181,VIEW,2025-11-04 01:52:42
1433,199,VIEW,2025-11-06 17:59:46
1433,199,VIEW,2026-03-27 19:43:11
1433,179,VIEW,2026-04-29 20:54:28
1433,192,VIEW,2026-05-24 02:33:35
1433,198,SEARCH,2026-06-19 04:07:42
1433,180,SEARCH,2026-06-25 18:03:00
1434,210,VIEW,2026-04-07 01:32:04
1434,198,VIEW,2026-04-08 03:07:45
1434,198,VIEW,2026-04-08 19:29:34
1434,179,VIEW,2026-04-09 12:12:01
1434,185,VIEW,2026-04-11 04:37:46
1434,199,SHARE,2026-04-11 15:29:18
1434,209,VIEW,2026-04-12 05:38:10
1434,214,VIEW,2026-04-14 18:51:28
1434,216,VIEW,2026-04-15 05:59:06
1434,189,VIEW,2026-04-15 13:11:01
1434,181,VIEW,2026-04-16 01:30:51
1434,180,ADD_TO_CART,2026-04-16 05:39:18
1434,191,ADD_TO_CART,2026-04-16 13:44:24
1434,180,SEARCH,2026-04-18 18:56:10
1434,217,ADD_TO_CART,2026-04-19 16:29:43
1434,213,VIEW,2026-04-23 05:36:13
1434,199,SHARE,2026-04-25 03:14:09
1434,200,ADD_TO_CART,2026-04-26 06:55:37
1434,189,SEARCH,2026-04-28 01:28:37
1434,210,SEARCH,2026-04-28 07:58:44
1434,180,SEARCH,2026-04-29 19:15:11
1434,180,VIEW,2026-05-01 01:07:32
1434,197,VIEW,2026-05-02 09:39:50
1434,198,VIEW,2026-05-04 01:27:18
1434,199,SHARE,2026-05-04 20:50:47
1434,199,VIEW,2026-05-05 05:17:42
1434,186,ADD_TO_CART,2026-05-05 10:07:54
1434,197,VIEW,2026-05-05 22:12:38
1434,197,SEARCH,2026-05-06 12:15:50
1434,188,VIEW,2026-05-08 11:45:51
1434,198,SEARCH,2026-05-10 05:42:57
1434,181,VIEW,2026-05-11 19:57:24
1434,184,ADD_TO_CART,2026-05-12 13:46:30
1434,193,ADD_TO_CART,2026-05-13 16:51:54
1434,195,SEARCH,2026-05-13 16:57:25
1434,180,ADD_TO_CART,2026-05-16 12:39:30
1434,198,VIEW,2026-05-17 05:41:12
1434,197,ADD_TO_CART,2026-05-17 14:01:44
1434,181,VIEW,2026-05-18 13:43:07
1434,197,SEARCH,2026-05-19 18:22:36
1434,207,VIEW,2026-05-19 21:50:56
1434,189,VIEW,2026-05-20 21:19:39
1434,194,SHARE,2026-05-21 07:40:32
1434,198,SEARCH,2026-05-24 04:20:44
1434,217,VIEW,2026-05-24 17:39:15
1434,197,VIEW,2026-05-24 22:50:56
1434,199,SEARCH,2026-05-25 16:10:04
1434,206,SEARCH,2026-05-26 10:59:38
1434,208,VIEW,2026-05-26 17:00:21
1434,198,SEARCH,2026-05-28 06:16:28
1434,209,VIEW,2026-05-29 00:04:37
1434,197,VIEW,2026-05-30 15:24:49
1434,189,VIEW,2026-05-30 23:20:44
1434,198,SEARCH,2026-05-31 00:51:54
1434,179,SEARCH,2026-06-02 09:51:56
1434,197,VIEW,2026-06-02 23:42:44
1434,189,SEARCH,2026-06-04 21:36:43
1434,210,VIEW,2026-06-04 23:45:02
1434,211,FAVORITE,2026-06-05 01:30:32
1434,203,VIEW,2026-06-05 13:42:01
1434,209,VIEW,2026-06-06 13:50:18
1434,181,VIEW,2026-06-08 16:38:00
1435,207,VIEW,2026-01-26 06:09:18
1435,195,FAVORITE,2026-02-18 21:58:50
1435,187,VIEW,2026-02-23 05:17:40
1435,184,VIEW,2026-05-30 11:23:00
1436,201,SHARE,2024-07-01 09:08:30
1436,209,VIEW,2024-07-12 09:52:22
1436,218,SEARCH,2024-08-06 02:21:18
1436,189,SEARCH,2024-08-11 10:27:20
1436,210,ADD_TO_CART,2024-08-27 14:44:54
1436,201,VIEW,2024-09-08 02:22:35
1436,201,VIEW,2024-09-18 07:57:52
1436,195,SEARCH,2024-11-05 11:02:40
1436,208,ADD_TO_CART,2024-11-28 21:39:53
1436,202,VIEW,2024-12-13 01:00:37
1436,182,VIEW,2024-12-30 00:39:55
1436,218,VIEW,2025-02-07 02:55:10
1436,218,ADD_TO_CART,2025-02-08 03:38:24
1436,218,VIEW,2025-02-11 19:28:47
1436,201,VIEW,2025-03-01 18:21:24
1436,189,VIEW,2025-03-06 11:06:27
1436,218,VIEW,2025-03-17 12:24:02
1436,212,VIEW,2025-03-27 04:49:17
1436,183,VIEW,2025-03-28 15:11:34
1436,197,SEARCH,2025-04-08 08:50:38
1436,183,VIEW,2025-04-15 15:16:15
1436,205,ADD_TO_CART,2025-04-19 09:30:05
1436,199,VIEW,2025-04-28 03:32:07
1436,218,ADD_TO_CART,2025-04-28 14:13:30
1436,218,FAVORITE,2025-05-13 03:03:38
1436,181,VIEW,2025-05-20 04:20:07
1436,184,VIEW,2025-05-20 08:59:49
1436,207,ADD_TO_CART,2025-05-31 08:29:32
1436,190,VIEW,2025-06-15 21:34:14
1436,203,VIEW,2025-06-20 16:26:37
1436,187,VIEW,2025-06-26 20:09:25
1436,216,ADD_TO_CART,2025-06-28 05:25:25
1436,210,VIEW,2025-07-27 22:22:18
1436,199,SEARCH,2025-07-29 00:43:55
1436,218,VIEW,2025-08-01 05:43:28
1436,218,VIEW,2025-08-02 15:49:47
1436,218,ADD_TO_CART,2025-08-15 11:56:37
1436,202,VIEW,2025-08-16 06:24:52
1436,200,VIEW,2025-08-29 22:19:35
1436,202,VIEW,2025-08-30 13:26:10
1436,190,SEARCH,2025-09-10 08:53:55
1436,201,VIEW,2025-10-02 14:08:11
1436,206,VIEW,2025-10-05 12:11:28
1436,191,VIEW,2025-10-15 14:29:26
1436,210,VIEW,2025-11-05 13:52:17
1436,184,VIEW,2025-11-09 02:25:55
1436,200,FAVORITE,2025-12-21 20:59:27
1436,182,VIEW,2025-12-30 17:42:41
1436,195,VIEW,2026-01-31 05:14:17
1436,183,ADD_TO_CART,2026-02-01 06:44:23
1436,205,ADD_TO_CART,2026-02-06 01:25:29
1436,193,VIEW,2026-02-10 02:33:09
1436,183,VIEW,2026-03-02 07:04:36
1436,218,VIEW,2026-03-22 06:49:57
1436,201,VIEW,2026-04-13 14:10:30
1436,211,VIEW,2026-05-05 17:58:23
1436,194,SEARCH,2026-05-06 00:19:55
1436,205,SEARCH,2026-05-09 16:08:17
1436,215,SEARCH,2026-05-11 10:36:22
1436,218,FAVORITE,2026-06-03 18:22:50
1436,184,VIEW,2026-06-13 21:05:33
1436,184,SHARE,2026-07-07 11:48:00
1437,186,VIEW,2024-08-23 23:08:58
1437,190,ADD_TO_CART,2024-09-02 04:58:32
1437,187,VIEW,2024-10-20 12:06:18
1437,180,ADD_TO_CART,2024-11-10 18:43:14
1437,190,VIEW,2025-03-14 10:53:08
1437,181,SEARCH,2025-04-02 10:09:20
1437,197,VIEW,2025-04-03 01:00:27
1437,197,VIEW,2025-04-26 21:55:04
1437,203,VIEW,2025-05-01 07:32:42
1437,186,VIEW,2025-05-09 07:53:50
1437,195,VIEW,2025-05-11 00:01:04
1437,187,VIEW,2025-05-18 01:51:52
1437,188,VIEW,2025-06-15 18:38:32
1437,193,SEARCH,2025-06-30 01:35:24
1437,186,FAVORITE,2025-07-10 00:12:00
1437,218,VIEW,2025-07-12 05:37:12
1437,211,VIEW,2025-07-15 10:10:18
1437,205,VIEW,2025-07-21 02:26:56
1437,188,VIEW,2025-07-29 14:38:03
1437,199,VIEW,2025-08-17 14:54:47
1437,180,VIEW,2025-09-13 15:28:17
1437,187,VIEW,2025-09-22 00:17:24
1437,187,VIEW,2025-10-01 04:47:17
1437,216,SEARCH,2025-10-09 02:35:11
1437,186,SEARCH,2025-10-14 04:30:59
1437,184,ADD_TO_CART,2025-10-16 12:18:02
1437,204,SEARCH,2025-10-19 05:03:27
1437,186,SEARCH,2025-10-29 16:54:01
1437,202,VIEW,2025-11-16 06:18:22
1437,199,VIEW,2025-12-03 13:54:59
1437,198,VIEW,2025-12-20 11:06:19
1437,203,ADD_TO_CART,2026-01-13 06:20:00
1437,203,VIEW,2026-01-29 08:55:51
1437,187,VIEW,2026-03-30 01:43:54
1437,205,SEARCH,2026-04-04 23:13:26
1437,211,VIEW,2026-04-05 18:55:44
1437,205,VIEW,2026-04-19 21:39:45
1437,196,VIEW,2026-04-22 10:06:11
1437,185,FAVORITE,2026-05-12 22:36:05
1437,181,SEARCH,2026-05-14 10:31:01
1437,181,VIEW,2026-05-17 16:10:40
1437,218,SEARCH,2026-05-31 09:08:44
1437,203,VIEW,2026-06-07 12:29:29
1437,198,SEARCH,2026-06-19 20:51:27
1437,186,VIEW,2026-06-26 11:47:00
1438,181,VIEW,2024-09-09 14:15:30
1438,183,SEARCH,2024-10-04 01:09:21
1438,182,VIEW,2024-10-19 16:18:10
1438,200,VIEW,2024-12-18 14:41:04
1438,202,VIEW,2025-01-27 04:24:02
1438,202,VIEW,2025-02-07 14:53:29
1438,182,VIEW,2025-02-28 15:52:48
1438,207,VIEW,2025-03-11 15:22:34
1438,184,SEARCH,2025-03-15 06:54:06
1438,183,VIEW,2025-04-03 09:30:16
1438,183,VIEW,2025-04-07 01:30:01
1438,202,VIEW,2025-04-08 05:23:59
1438,201,SEARCH,2025-04-22 01:11:01
1438,196,ADD_TO_CART,2025-04-28 03:42:54
1438,201,FAVORITE,2025-05-19 17:06:26
1438,185,VIEW,2025-06-20 21:53:49
1438,201,VIEW,2025-07-07 02:14:40
1438,207,ADD_TO_CART,2025-07-16 00:10:31
1438,201,VIEW,2025-07-26 18:56:04
1438,194,VIEW,2025-08-04 05:16:24
1438,206,SEARCH,2025-08-18 18:00:58
1438,184,ADD_TO_CART,2025-09-19 08:18:34
1438,218,FAVORITE,2025-10-03 23:01:01
1438,202,ADD_TO_CART,2025-10-11 09:44:03
1438,201,VIEW,2025-10-26 19:28:01
1438,184,VIEW,2025-11-04 12:15:53
1438,185,ADD_TO_CART,2025-11-14 08:33:35
1438,208,ADD_TO_CART,2025-11-29 21:45:57
1438,202,VIEW,2025-12-04 00:25:54
1438,201,ADD_TO_CART,2025-12-11 05:05:54
1438,209,VIEW,2025-12-14 06:09:14
1438,209,ADD_TO_CART,2026-01-06 20:27:11
1438,184,VIEW,2026-01-07 00:39:48
1438,192,VIEW,2026-01-19 06:21:43
1438,185,VIEW,2026-02-07 14:43:56
1438,182,VIEW,2026-02-14 23:53:19
1438,184,VIEW,2026-02-16 05:44:20
1438,183,SHARE,2026-05-11 02:51:14
1438,200,SEARCH,2026-05-30 04:04:38
1438,201,VIEW,2026-07-04 17:59:00
1439,197,SEARCH,2024-06-13 03:40:02
1439,181,VIEW,2024-07-10 23:30:44
1439,197,SEARCH,2024-07-11 18:29:56
1439,193,VIEW,2024-09-17 04:03:01
1439,207,VIEW,2024-11-04 01:36:40
1439,182,FAVORITE,2024-11-17 05:30:03
1439,218,VIEW,2024-11-21 09:20:06
1439,183,SEARCH,2024-12-07 22:44:45
1439,194,VIEW,2024-12-12 03:52:37
1439,201,VIEW,2024-12-20 11:05:25
1439,184,VIEW,2024-12-21 13:30:28
1439,183,VIEW,2025-01-08 19:27:36
1439,184,VIEW,2025-01-18 03:23:45
1439,210,ADD_TO_CART,2025-01-23 00:30:22
1439,211,VIEW,2025-01-30 02:02:24
1439,201,VIEW,2025-02-25 02:25:18
1439,182,VIEW,2025-03-13 20:45:21
1439,201,VIEW,2025-03-25 03:09:42
1439,209,VIEW,2025-04-02 21:21:37
1439,201,SEARCH,2025-04-07 08:10:12
1439,200,SEARCH,2025-04-20 00:26:22
1439,211,VIEW,2025-04-29 04:26:37
1439,202,VIEW,2025-05-08 19:18:46
1439,184,VIEW,2025-05-09 15:44:38
1439,181,FAVORITE,2025-05-20 23:51:51
1439,192,SEARCH,2025-05-21 07:34:34
1439,184,FAVORITE,2025-05-28 15:16:23
1439,183,VIEW,2025-06-03 03:44:08
1439,202,VIEW,2025-06-03 20:13:18
1439,217,VIEW,2025-06-07 17:16:49
1439,192,VIEW,2025-07-19 05:23:13
1439,211,SEARCH,2025-08-06 18:32:44
1439,197,VIEW,2025-08-08 20:28:45
1439,202,VIEW,2025-09-05 00:49:01
1439,190,VIEW,2025-09-05 03:44:14
1439,213,SEARCH,2025-09-05 15:45:24
1439,202,VIEW,2025-09-06 23:10:15
1439,201,ADD_TO_CART,2025-09-11 17:31:33
1439,184,VIEW,2025-09-19 03:33:37
1439,183,VIEW,2025-09-27 13:34:35
1439,201,SEARCH,2025-10-18 08:21:42
1439,183,VIEW,2025-10-21 16:15:53
1439,201,FAVORITE,2025-10-31 23:24:44
1439,183,VIEW,2025-11-09 18:13:32
1439,202,VIEW,2025-11-15 22:37:11
1439,212,VIEW,2025-11-26 09:37:07
1439,195,VIEW,2025-11-27 20:39:26
1439,183,FAVORITE,2025-12-14 00:20:34
1439,204,SEARCH,2025-12-14 02:07:59
1439,182,VIEW,2025-12-29 09:54:06
1439,184,VIEW,2026-03-01 14:07:54
1439,184,SEARCH,2026-03-02 13:27:01
1439,201,VIEW,2026-04-06 21:48:08
1439,202,VIEW,2026-04-15 21:56:34
1439,201,VIEW,2026-04-16 14:18:32
1439,211,VIEW,2026-04-27 14:59:16
1439,204,VIEW,2026-05-08 12:57:02
1439,202,VIEW,2026-05-23 12:15:13
1439,200,SEARCH,2026-06-15 15:08:00
1440,208,SEARCH,2024-08-20 01:53:07
1440,205,SEARCH,2024-09-06 18:21:35
1440,207,VIEW,2024-09-16 01:56:43
1440,198,VIEW,2024-09-22 20:46:37
1440,208,VIEW,2024-10-02 08:59:00
1440,205,VIEW,2024-10-15 10:52:21
1440,201,FAVORITE,2024-10-17 23:31:05
1440,208,VIEW,2024-11-08 02:09:09
1440,204,SEARCH,2024-12-18 22:33:30
1440,184,VIEW,2024-12-23 09:42:14
1440,217,VIEW,2025-01-08 20:29:49
1440,204,SEARCH,2025-01-09 12:18:44
1440,207,VIEW,2025-02-14 23:35:22
1440,207,VIEW,2025-02-19 08:27:20
1440,212,ADD_TO_CART,2025-02-22 20:47:20
1440,203,VIEW,2025-02-24 01:05:25
1440,212,VIEW,2025-02-24 19:36:32
1440,206,ADD_TO_CART,2025-03-25 05:20:13
1440,210,VIEW,2025-04-16 16:11:53
1440,208,SHARE,2025-04-26 13:55:34
1440,188,SHARE,2025-05-09 08:50:06
1440,211,FAVORITE,2025-06-08 18:23:07
1440,186,VIEW,2025-06-23 15:02:44
1440,207,VIEW,2025-07-28 08:29:16
1440,216,VIEW,2025-07-28 11:51:11
1440,204,VIEW,2025-07-31 12:22:41
1440,205,FAVORITE,2025-08-27 05:23:03
1440,215,VIEW,2025-08-31 01:08:08
1440,187,VIEW,2025-09-02 19:02:29
1440,196,VIEW,2025-09-02 19:09:32
1440,217,ADD_TO_CART,2025-09-12 00:19:19
1440,202,VIEW,2025-10-03 07:25:44
1440,181,VIEW,2025-10-09 22:53:12
1440,207,ADD_TO_CART,2025-11-07 01:41:09
1440,207,VIEW,2025-11-12 21:18:59
1440,186,VIEW,2025-12-01 00:41:16
1440,186,VIEW,2025-12-05 19:55:15
1440,206,SEARCH,2026-01-10 19:57:22
1440,212,ADD_TO_CART,2026-01-19 09:42:03
1440,208,FAVORITE,2026-01-22 23:01:28
1440,206,ADD_TO_CART,2026-01-25 09:30:43
1440,202,FAVORITE,2026-03-02 22:14:06
1440,216,SEARCH,2026-03-15 11:12:53
1440,207,VIEW,2026-03-24 01:35:40
1440,209,VIEW,2026-04-02 20:59:17
1440,208,VIEW,2026-04-30 22:37:12
1440,207,VIEW,2026-05-11 20:03:16
1440,207,ADD_TO_CART,2026-07-02 14:44:00
1441,184,ADD_TO_CART,2024-05-13 17:24:39
1441,180,SEARCH,2024-05-16 16:39:29
1441,183,VIEW,2024-05-25 06:07:32
1441,212,VIEW,2024-06-08 09:37:23
1441,197,ADD_TO_CART,2024-06-25 04:45:34
1441,184,SEARCH,2024-07-11 19:27:23
1441,179,ADD_TO_CART,2024-07-26 22:24:48
1441,180,VIEW,2024-08-11 14:21:50
1441,214,VIEW,2024-08-15 23:02:07
1441,198,SEARCH,2024-08-30 20:37:53
1441,198,VIEW,2024-09-04 08:39:12
1441,181,VIEW,2024-09-05 00:56:39
1441,180,VIEW,2024-09-11 11:52:50
1441,179,FAVORITE,2024-09-12 09:01:31
1441,215,VIEW,2024-09-14 20:16:52
1441,179,VIEW,2024-09-29 23:22:27
1441,213,VIEW,2024-09-30 08:17:11
1441,188,VIEW,2024-10-01 07:47:56
1441,198,VIEW,2024-10-12 00:43:14
1441,200,VIEW,2024-10-24 13:48:49
1441,213,SEARCH,2024-11-06 03:10:29
1441,202,VIEW,2024-11-07 03:11:55
1441,199,VIEW,2024-11-15 10:12:02
1441,202,VIEW,2024-12-04 13:05:03
1441,209,VIEW,2024-12-09 07:51:06
1441,197,SHARE,2025-01-06 07:30:04
1441,180,ADD_TO_CART,2025-01-11 12:13:13
1441,197,VIEW,2025-02-03 11:14:12
1441,199,VIEW,2025-02-16 15:37:37
1441,199,VIEW,2025-02-16 20:39:03
1441,217,SEARCH,2025-02-21 05:36:33
1441,202,SHARE,2025-02-26 15:13:07
1441,179,SEARCH,2025-03-11 09:39:16
1441,198,ADD_TO_CART,2025-04-05 12:34:40
1441,199,ADD_TO_CART,2025-04-05 16:15:37
1441,209,ADD_TO_CART,2025-04-18 19:36:58
1441,180,SHARE,2025-04-19 10:48:43
1441,198,SEARCH,2025-05-04 06:28:54
1441,197,VIEW,2025-05-08 07:20:57
1441,202,VIEW,2025-05-11 05:50:36
1441,194,ADD_TO_CART,2025-05-17 03:48:20
1441,184,VIEW,2025-05-31 12:10:56
1441,191,VIEW,2025-07-01 05:25:07
1441,183,VIEW,2025-07-04 17:00:44
1441,210,ADD_TO_CART,2025-08-04 23:48:15
1441,197,VIEW,2025-08-08 16:29:01
1441,188,VIEW,2025-08-09 18:54:11
1441,184,ADD_TO_CART,2025-09-16 21:01:34
1441,183,VIEW,2025-09-21 23:44:00
1441,209,VIEW,2025-10-15 08:38:06
1441,209,VIEW,2025-10-24 04:59:01
1441,202,FAVORITE,2025-11-05 15:55:10
1441,199,VIEW,2025-11-10 19:12:35
1441,201,ADD_TO_CART,2025-11-12 17:04:27
1441,197,VIEW,2025-11-14 13:36:47
1441,195,VIEW,2025-11-24 22:47:08
1441,212,SEARCH,2025-12-07 18:35:10
1441,211,VIEW,2025-12-11 23:45:18
1441,203,VIEW,2026-01-29 16:44:31
1441,209,SHARE,2026-02-18 19:24:30
1441,199,VIEW,2026-02-25 12:44:09
1441,188,VIEW,2026-03-14 16:13:28
1441,198,VIEW,2026-04-04 21:44:05
1441,212,FAVORITE,2026-04-11 00:10:05
1441,179,VIEW,2026-04-27 09:05:43
1441,197,SHARE,2026-04-28 17:03:00
1441,194,VIEW,2026-05-14 04:07:15
1441,179,VIEW,2026-05-17 03:51:33
1441,199,ADD_TO_CART,2026-06-03 02:43:22
1441,199,ADD_TO_CART,2026-06-19 21:40:00
1441,203,VIEW,2026-07-20 13:18:36
1441,199,ADD_TO_CART,2026-07-27 12:05:00
1442,199,ADD_TO_CART,2025-08-11 03:04:03
1442,181,VIEW,2025-08-14 23:34:35
1442,190,FAVORITE,2025-09-04 01:06:27
1442,186,FAVORITE,2025-09-10 05:22:48
1442,213,VIEW,2025-09-12 06:49:44
1442,180,SHARE,2025-09-13 17:37:45
1442,190,VIEW,2025-09-29 07:13:27
1442,217,ADD_TO_CART,2025-10-01 09:10:58
1442,181,VIEW,2025-10-21 05:44:59
1442,199,VIEW,2025-10-22 10:11:38
1442,209,SEARCH,2025-10-25 05:13:40
1442,185,SEARCH,2025-10-28 20:22:12
1442,181,VIEW,2025-10-28 21:29:35
1442,181,VIEW,2025-11-01 10:46:03
1442,186,VIEW,2025-11-03 10:49:31
1442,215,VIEW,2025-11-04 03:06:56
1442,191,VIEW,2025-11-04 04:19:47
1442,192,VIEW,2025-11-06 13:37:43
1442,198,VIEW,2025-11-11 16:16:41
1442,201,VIEW,2025-11-20 18:13:24
1442,180,ADD_TO_CART,2025-11-26 18:23:26
1442,179,VIEW,2025-12-02 09:04:14
1442,198,VIEW,2025-12-07 20:01:16
1442,187,SEARCH,2025-12-08 20:54:49
1442,203,VIEW,2025-12-17 15:52:26
1442,210,VIEW,2025-12-20 02:40:59
1442,209,SEARCH,2025-12-21 03:22:23
1442,204,VIEW,2025-12-28 17:41:17
1442,183,VIEW,2025-12-31 08:34:28
1442,211,VIEW,2026-01-13 12:24:25
1442,183,VIEW,2026-01-31 13:43:03
1442,197,SEARCH,2026-02-02 18:13:25
1442,189,ADD_TO_CART,2026-02-11 10:17:36
1442,203,VIEW,2026-02-19 07:10:55
1442,198,SEARCH,2026-03-02 18:45:56
1442,197,VIEW,2026-03-14 23:52:35
1442,181,VIEW,2026-03-29 07:23:30
1442,179,FAVORITE,2026-04-02 23:25:12
1442,213,VIEW,2026-04-14 13:50:19
1442,216,VIEW,2026-04-27 21:32:53
1442,182,VIEW,2026-05-08 15:55:28
1442,186,VIEW,2026-05-14 01:52:41
1442,213,VIEW,2026-05-20 08:57:23
1442,181,VIEW,2026-06-10 19:59:06
1442,208,VIEW,2026-06-18 17:30:00
1443,198,ADD_TO_CART,2025-07-31 00:51:08
1443,182,VIEW,2025-08-02 21:52:41
1443,209,VIEW,2025-08-04 22:39:56
1443,181,VIEW,2025-09-05 23:51:32
1443,198,VIEW,2025-09-12 12:31:44
1443,207,VIEW,2025-09-26 22:35:02
1443,198,SEARCH,2025-10-04 07:03:28
1443,206,ADD_TO_CART,2025-10-08 06:29:03
1443,197,VIEW,2025-10-19 04:20:18
1443,207,VIEW,2025-10-21 02:21:22
1443,181,VIEW,2025-10-26 23:40:40
1443,197,VIEW,2025-10-31 03:34:44
1443,180,SEARCH,2025-11-01 18:50:48
1443,206,VIEW,2025-11-24 06:28:39
1443,180,VIEW,2025-11-25 12:55:38
1443,179,VIEW,2025-12-06 06:13:34
1443,198,VIEW,2025-12-14 17:59:32
1443,181,VIEW,2025-12-15 20:56:40
1443,207,VIEW,2025-12-21 04:53:47
1443,180,VIEW,2025-12-27 01:55:39
1443,207,VIEW,2026-02-04 11:21:13
1443,197,VIEW,2026-02-09 11:24:39
1443,195,VIEW,2026-02-17 08:34:33
1443,217,VIEW,2026-02-20 09:40:04
1443,213,VIEW,2026-02-28 15:04:21
1443,199,VIEW,2026-03-03 03:18:09
1443,184,VIEW,2026-03-13 06:57:12
1443,197,SEARCH,2026-03-15 14:58:56
1443,206,VIEW,2026-03-17 18:49:43
1443,197,VIEW,2026-03-24 03:45:07
1443,180,ADD_TO_CART,2026-04-02 06:50:43
1443,189,VIEW,2026-04-04 15:11:34
1443,197,VIEW,2026-04-16 19:04:46
1443,181,VIEW,2026-04-21 21:32:05
1443,197,VIEW,2026-04-23 09:54:03
1443,198,SEARCH,2026-04-26 10:42:13
1443,185,VIEW,2026-05-02 15:53:11
1443,180,VIEW,2026-06-05 15:26:26
1443,199,VIEW,2026-06-07 16:09:00
1444,191,ADD_TO_CART,2025-11-18 14:07:58
1444,204,VIEW,2025-11-23 00:05:29
1444,196,FAVORITE,2025-11-26 18:02:40
1444,209,SEARCH,2025-12-03 07:32:23
1444,186,SEARCH,2025-12-07 06:08:02
1444,180,VIEW,2025-12-09 15:56:38
1444,184,VIEW,2025-12-12 02:54:51
1444,186,SEARCH,2025-12-15 23:06:10
1444,187,VIEW,2025-12-21 23:53:08
1444,203,VIEW,2026-01-01 15:42:12
1444,192,VIEW,2026-01-02 17:08:11
1444,201,VIEW,2026-01-09 04:08:30
1444,179,VIEW,2026-01-24 03:43:02
1444,184,VIEW,2026-02-04 09:47:36
1444,194,VIEW,2026-02-07 16:43:51
1444,203,VIEW,2026-02-07 21:58:48
1444,188,VIEW,2026-02-14 03:28:13
1444,192,ADD_TO_CART,2026-02-14 10:18:58
1444,208,VIEW,2026-02-16 15:37:19
1444,214,VIEW,2026-02-18 10:22:59
1444,203,SEARCH,2026-02-19 06:48:22
1444,205,VIEW,2026-02-20 14:51:11
1444,188,VIEW,2026-02-21 20:51:17
1444,199,VIEW,2026-02-25 19:13:26
1444,205,VIEW,2026-03-01 03:56:11
1444,209,VIEW,2026-03-04 03:06:09
1444,192,VIEW,2026-03-08 00:59:08
1444,183,VIEW,2026-03-09 06:56:49
1444,198,ADD_TO_CART,2026-03-18 18:56:57
1444,203,VIEW,2026-03-21 07:54:21
1444,188,VIEW,2026-03-23 04:38:18
1444,216,VIEW,2026-03-28 14:08:19
1444,183,SEARCH,2026-04-04 05:26:04
1444,205,VIEW,2026-04-08 17:26:18
1444,192,SEARCH,2026-04-12 06:52:41
1444,211,VIEW,2026-04-16 09:08:33
1444,201,FAVORITE,2026-04-16 21:44:26
1444,212,VIEW,2026-04-29 11:54:55
1444,185,VIEW,2026-05-01 13:25:51
1444,188,VIEW,2026-05-10 08:53:26
1444,203,SHARE,2026-05-15 02:48:41
1444,206,VIEW,2026-05-17 00:20:33
1444,186,VIEW,2026-05-22 04:51:25
1444,188,VIEW,2026-05-28 02:47:48
1444,186,VIEW,2026-05-29 09:19:59
1444,187,FAVORITE,2026-06-04 00:15:01
1444,196,VIEW,2026-06-04 12:17:00
1445,188,ADD_TO_CART,2024-04-22 17:31:03
1445,181,VIEW,2024-05-10 18:14:17
1445,193,VIEW,2024-06-12 23:02:03
1445,200,SEARCH,2024-07-12 01:18:05
1445,183,VIEW,2024-07-26 20:38:53
1445,201,ADD_TO_CART,2024-08-22 14:31:22
1445,187,SEARCH,2024-09-05 21:26:51
1445,187,SEARCH,2024-09-09 07:30:38
1445,188,VIEW,2024-11-04 08:06:42
1445,186,VIEW,2024-11-07 22:17:22
1445,185,VIEW,2024-12-14 06:51:47
1445,205,SEARCH,2025-01-20 06:48:51
1445,183,ADD_TO_CART,2025-01-24 00:34:21
1445,187,VIEW,2025-01-27 19:04:58
1445,185,FAVORITE,2025-02-01 01:53:13
1445,202,SEARCH,2025-02-09 23:56:44
1445,186,ADD_TO_CART,2025-02-12 02:48:38
1445,185,VIEW,2025-02-14 15:35:05
1445,202,VIEW,2025-02-14 20:35:39
1445,187,SEARCH,2025-02-28 05:20:44
1445,202,VIEW,2025-03-02 15:54:57
1445,185,VIEW,2025-03-04 22:59:43
1445,188,VIEW,2025-03-10 22:36:04
1445,214,VIEW,2025-04-01 22:53:08
1445,197,SEARCH,2025-04-02 19:35:13
1445,183,SEARCH,2025-04-06 02:04:16
1445,188,SEARCH,2025-04-14 18:03:38
1445,203,VIEW,2025-04-23 10:28:38
1445,187,VIEW,2025-04-24 19:35:17
1445,210,SEARCH,2025-05-05 22:47:04
1445,199,VIEW,2025-05-13 21:04:27
1445,200,SHARE,2025-05-15 18:28:53
1445,182,VIEW,2025-05-21 09:52:18
1445,184,VIEW,2025-06-26 08:04:12
1445,188,SEARCH,2025-07-09 02:16:41
1445,184,VIEW,2025-07-15 00:23:32
1445,188,SEARCH,2025-07-23 06:39:52
1445,187,SHARE,2025-08-10 09:31:50
1445,203,SEARCH,2025-08-21 09:24:25
1445,201,VIEW,2025-08-21 22:11:11
1445,180,VIEW,2025-08-26 11:57:39
1445,183,VIEW,2025-09-30 05:00:22
1445,187,VIEW,2025-10-01 16:36:20
1445,183,FAVORITE,2025-10-05 13:37:12
1445,183,SEARCH,2025-10-12 21:42:19
1445,203,VIEW,2025-11-25 08:05:50
1445,184,VIEW,2026-01-03 04:33:12
1445,204,ADD_TO_CART,2026-01-14 04:22:57
1445,202,SEARCH,2026-01-19 10:23:28
1445,200,VIEW,2026-01-22 05:00:53
1445,187,VIEW,2026-03-23 08:47:26
1445,204,VIEW,2026-04-02 01:33:33
1445,184,FAVORITE,2026-04-22 14:57:01
1445,207,VIEW,2026-05-05 16:10:00
1446,211,SEARCH,2025-01-31 20:09:40
1446,218,FAVORITE,2025-04-29 00:06:32
1446,213,ADD_TO_CART,2025-05-11 06:53:57
1446,187,VIEW,2025-05-19 20:17:38
1446,209,VIEW,2025-06-26 07:17:48
1446,203,VIEW,2025-07-12 03:50:27
1446,205,ADD_TO_CART,2025-07-17 12:49:18
1446,187,SEARCH,2025-07-19 07:10:07
1446,186,VIEW,2025-07-25 06:43:32
1446,193,VIEW,2025-08-08 17:31:54
1446,186,ADD_TO_CART,2025-09-19 03:25:33
1446,218,VIEW,2025-09-24 08:54:25
1446,186,FAVORITE,2025-10-10 12:38:04
1446,186,VIEW,2025-10-21 10:42:06
1446,218,VIEW,2025-11-04 01:04:22
1446,205,VIEW,2025-11-19 19:41:06
1446,210,VIEW,2025-11-28 16:56:22
1446,187,VIEW,2025-12-06 05:44:05
1446,188,VIEW,2025-12-26 06:07:45
1446,193,SEARCH,2026-01-16 23:24:07
1446,206,SEARCH,2026-01-21 17:52:36
1446,201,VIEW,2026-01-30 18:59:43
1446,218,VIEW,2026-02-12 18:32:22
1446,203,FAVORITE,2026-02-20 05:49:16
1446,190,VIEW,2026-03-12 13:42:28
1446,195,ADD_TO_CART,2026-03-21 14:39:39
1446,205,VIEW,2026-03-22 02:47:39
1446,209,VIEW,2026-03-31 21:54:09
1446,204,VIEW,2026-04-09 18:56:17
1446,205,VIEW,2026-04-12 07:59:39
1446,188,VIEW,2026-04-13 00:37:05
1446,217,SEARCH,2026-04-26 10:24:22
1446,205,FAVORITE,2026-05-02 03:10:54
1446,203,VIEW,2026-05-02 07:52:50
1446,204,ADD_TO_CART,2026-05-29 15:56:27
1446,193,VIEW,2026-05-29 18:48:46
1446,185,VIEW,2026-06-05 13:57:00
1447,209,SEARCH,2025-04-15 15:29:59
1447,210,VIEW,2025-04-21 21:56:52
1447,218,VIEW,2025-04-25 12:32:46
1447,212,VIEW,2025-05-01 12:41:18
1447,210,VIEW,2025-05-19 12:01:25
1447,209,VIEW,2025-05-22 07:40:40
1447,189,SHARE,2025-05-28 05:05:31
1447,209,VIEW,2025-07-06 16:14:43
1447,191,VIEW,2025-07-11 10:49:07
1447,211,SEARCH,2025-07-16 21:13:08
1447,211,VIEW,2025-07-24 02:32:24
1447,182,VIEW,2025-08-03 01:19:14
1447,206,SEARCH,2025-08-11 06:00:49
1447,207,SEARCH,2025-08-25 02:42:39
1447,217,SEARCH,2025-08-29 20:27:50
1447,189,ADD_TO_CART,2025-09-09 11:56:04
1447,218,VIEW,2025-09-13 15:06:59
1447,210,FAVORITE,2025-09-15 09:47:09
1447,209,VIEW,2025-09-23 16:34:01
1447,189,VIEW,2025-10-25 04:34:49
1447,192,VIEW,2025-10-29 12:55:54
1447,192,ADD_TO_CART,2025-11-07 20:30:34
1447,209,VIEW,2025-11-19 04:36:00
1447,192,VIEW,2025-11-24 15:28:38
1447,199,VIEW,2025-12-02 20:51:18
1447,218,FAVORITE,2025-12-02 21:41:44
1447,199,VIEW,2025-12-05 08:55:21
1447,211,VIEW,2025-12-09 17:23:26
1447,192,ADD_TO_CART,2025-12-14 21:13:51
1447,209,VIEW,2025-12-18 17:27:13
1447,205,VIEW,2025-12-23 02:39:02
1447,202,VIEW,2026-01-09 20:58:45
1447,192,VIEW,2026-01-12 16:36:05
1447,207,FAVORITE,2026-02-08 02:13:43
1447,212,VIEW,2026-02-15 21:41:23
1447,190,VIEW,2026-02-16 09:32:23
1447,195,VIEW,2026-02-17 19:04:03
1447,210,VIEW,2026-02-18 16:44:42
1447,211,VIEW,2026-02-27 16:38:00
1447,194,VIEW,2026-03-01 22:31:25
1447,210,VIEW,2026-03-10 04:36:04
1447,191,SEARCH,2026-03-14 19:42:40
1447,209,VIEW,2026-03-30 12:28:44
1447,195,VIEW,2026-04-08 23:16:37
1447,192,VIEW,2026-04-17 23:39:52
1447,211,VIEW,2026-04-24 11:23:11
1447,189,VIEW,2026-04-25 01:39:41
1447,211,FAVORITE,2026-04-28 16:16:05
1447,194,VIEW,2026-05-10 20:59:23
1447,215,SEARCH,2026-05-20 15:19:04
1447,183,VIEW,2026-05-22 19:31:08
1447,181,SEARCH,2026-06-11 16:28:02
1447,190,VIEW,2026-06-12 01:10:07
1447,212,VIEW,2026-06-19 23:27:39
1447,211,VIEW,2026-06-21 17:23:13
1447,213,VIEW,2026-06-24 07:37:25
1447,181,SEARCH,2026-06-27 12:18:22
1447,194,VIEW,2026-07-07 07:50:03
1447,190,VIEW,2026-07-20 17:40:00
1448,199,SEARCH,2025-11-25 10:56:18
1448,207,VIEW,2025-12-02 03:43:23
1448,212,SEARCH,2025-12-04 05:39:09
1448,202,VIEW,2025-12-08 15:53:34
1448,181,SEARCH,2025-12-12 13:16:14
1448,212,SEARCH,2025-12-14 18:58:01
1448,204,VIEW,2025-12-19 23:34:06
1448,186,ADD_TO_CART,2025-12-24 06:33:14
1448,199,VIEW,2025-12-25 13:46:53
1448,179,VIEW,2025-12-26 05:44:21
1448,179,VIEW,2025-12-26 20:07:34
1448,192,VIEW,2025-12-27 17:26:08
1448,183,VIEW,2026-01-09 01:24:45
1448,181,VIEW,2026-01-10 16:57:02
1448,181,VIEW,2026-01-10 19:28:00
1448,188,ADD_TO_CART,2026-01-14 21:59:52
1448,180,SEARCH,2026-01-17 06:16:07
1448,180,VIEW,2026-01-19 11:27:28
1448,218,VIEW,2026-01-19 23:50:00
1448,181,ADD_TO_CART,2026-01-20 04:37:27
1448,179,VIEW,2026-01-23 16:33:24
1448,179,VIEW,2026-01-26 05:45:23
1448,206,VIEW,2026-01-27 08:43:28
1448,198,VIEW,2026-01-27 22:58:06
1448,198,VIEW,2026-01-28 14:38:05
1448,198,VIEW,2026-02-03 04:46:13
1448,197,VIEW,2026-02-04 22:17:19
1448,197,VIEW,2026-02-05 14:47:16
1448,212,ADD_TO_CART,2026-02-07 04:24:17
1448,198,VIEW,2026-02-15 01:17:34
1448,179,VIEW,2026-02-15 21:59:07
1448,207,VIEW,2026-02-17 09:57:48
1448,199,SEARCH,2026-02-25 23:54:16
1448,203,VIEW,2026-03-03 07:15:16
1448,181,VIEW,2026-03-04 23:16:12
1448,199,VIEW,2026-03-07 08:17:36
1448,181,SEARCH,2026-03-09 12:06:26
1448,210,VIEW,2026-03-10 21:51:36
1448,180,SEARCH,2026-03-13 10:12:40
1448,213,VIEW,2026-03-19 21:55:22
1448,207,ADD_TO_CART,2026-03-23 03:03:44
1448,197,VIEW,2026-03-23 06:52:38
1448,208,SHARE,2026-03-29 02:28:19
1448,202,SEARCH,2026-03-29 08:53:38
1448,207,VIEW,2026-03-31 22:46:07
1448,198,VIEW,2026-04-03 07:05:34
1448,199,VIEW,2026-04-03 11:45:13
1448,179,VIEW,2026-04-03 20:49:03
1448,187,VIEW,2026-04-05 08:37:12
1448,203,VIEW,2026-04-05 08:54:39
1448,197,SEARCH,2026-04-07 03:04:36
1448,208,ADD_TO_CART,2026-04-07 11:01:30
1448,181,VIEW,2026-04-09 15:31:00
1448,199,VIEW,2026-04-10 07:16:47
1448,207,VIEW,2026-04-14 05:00:12
1448,180,SEARCH,2026-04-16 19:47:36
1448,184,VIEW,2026-04-18 20:30:49
1448,206,VIEW,2026-04-21 21:03:44
1448,179,VIEW,2026-04-22 08:54:41
1448,217,VIEW,2026-04-22 15:46:35
1448,206,VIEW,2026-05-01 01:10:06
1448,215,VIEW,2026-05-01 07:31:52
1448,181,VIEW,2026-05-01 12:37:37
1448,184,VIEW,2026-05-03 16:41:28
1448,179,SEARCH,2026-05-05 10:38:23
1448,208,VIEW,2026-05-07 16:42:30
1448,197,VIEW,2026-05-15 23:24:06
1448,198,SEARCH,2026-05-17 01:59:09
1448,196,VIEW,2026-05-17 03:51:55
1448,199,VIEW,2026-05-22 20:25:35
1448,181,VIEW,2026-05-23 02:00:37
1448,197,VIEW,2026-05-24 01:50:18
1448,198,VIEW,2026-05-24 22:50:12
1448,197,VIEW,2026-05-25 21:24:40
1448,179,VIEW,2026-05-26 15:33:48
1448,207,VIEW,2026-05-26 23:54:47
1448,179,SEARCH,2026-05-30 05:59:23
1448,180,VIEW,2026-06-01 01:30:54
1448,216,VIEW,2026-06-01 07:30:03
1448,197,VIEW,2026-06-01 13:50:45
1448,209,VIEW,2026-06-03 03:37:41
1448,197,VIEW,2026-06-12 05:40:40
1448,181,VIEW,2026-06-19 03:27:39
1448,181,SEARCH,2026-06-24 15:06:11
1448,197,VIEW,2026-07-02 10:27:00
1449,192,SEARCH,2025-11-03 12:53:36
1449,215,FAVORITE,2025-11-16 22:30:53
1449,188,VIEW,2025-11-18 02:05:03
1449,207,SEARCH,2025-11-25 15:48:14
1449,195,VIEW,2025-11-29 08:50:57
1449,207,VIEW,2025-12-03 13:09:46
1449,183,VIEW,2025-12-03 20:16:44
1449,215,VIEW,2025-12-16 05:44:12
1449,207,SEARCH,2025-12-16 07:51:59
1449,217,VIEW,2025-12-20 20:43:22
1449,196,VIEW,2025-12-23 13:37:15
1449,196,VIEW,2025-12-23 20:57:47
1449,189,VIEW,2025-12-28 10:30:02
1449,192,FAVORITE,2026-01-03 08:47:23
1449,181,VIEW,2026-01-06 15:41:44
1449,196,VIEW,2026-01-07 17:29:37
1449,196,VIEW,2026-01-10 04:58:23
1449,203,VIEW,2026-01-10 11:56:53
1449,208,VIEW,2026-01-12 09:49:17
1449,185,SEARCH,2026-01-15 22:00:13
1449,215,ADD_TO_CART,2026-01-17 06:58:44
1449,210,VIEW,2026-01-22 00:21:27
1449,181,SEARCH,2026-01-22 05:51:45
1449,187,VIEW,2026-01-24 16:10:37
1449,195,VIEW,2026-01-28 22:01:49
1449,215,VIEW,2026-02-03 01:34:22
1449,180,SEARCH,2026-02-14 21:18:53
1449,216,VIEW,2026-02-21 07:23:05
1449,209,VIEW,2026-02-22 08:49:38
1449,215,VIEW,2026-02-23 16:59:22
1449,216,VIEW,2026-03-02 07:28:10
1449,214,VIEW,2026-03-04 15:31:56
1449,208,VIEW,2026-03-09 23:58:23
1449,185,SEARCH,2026-03-19 05:57:12
1449,210,SEARCH,2026-03-19 23:00:58
1449,196,VIEW,2026-03-24 08:40:01
1449,195,VIEW,2026-03-24 09:45:24
1449,214,VIEW,2026-03-31 14:43:41
1449,195,SEARCH,2026-04-04 02:11:08
1449,186,VIEW,2026-04-04 06:07:53
1449,201,VIEW,2026-04-07 17:09:02
1449,195,VIEW,2026-04-10 09:16:48
1449,207,VIEW,2026-04-13 14:40:05
1449,196,SHARE,2026-04-13 21:50:22
1449,216,ADD_TO_CART,2026-04-19 00:58:19
1449,217,VIEW,2026-04-26 07:50:15
1449,208,SEARCH,2026-04-28 00:58:01
1449,213,VIEW,2026-05-05 08:34:20
1449,217,VIEW,2026-05-05 23:12:25
1449,193,VIEW,2026-05-07 20:00:28
1449,216,VIEW,2026-05-21 08:23:07
1449,208,VIEW,2026-05-22 18:20:00
1450,196,SEARCH,2024-10-16 09:36:06
1450,207,ADD_TO_CART,2024-11-07 07:05:40
1450,181,SEARCH,2024-12-22 01:16:38
1450,180,SEARCH,2025-02-04 06:33:58
1450,180,VIEW,2025-04-01 05:53:40
1450,197,SEARCH,2025-07-06 14:00:46
1450,193,ADD_TO_CART,2025-09-10 16:08:31
1450,179,VIEW,2025-12-18 14:11:00
1451,202,VIEW,2024-09-23 00:57:12
1451,214,VIEW,2024-11-26 22:41:41
1451,213,VIEW,2024-12-09 07:17:20
1451,202,VIEW,2024-12-30 03:31:49
1451,201,VIEW,2025-01-17 06:16:37
1451,195,VIEW,2025-02-28 15:05:21
1451,182,FAVORITE,2025-03-31 01:45:49
1451,201,ADD_TO_CART,2025-04-04 14:30:05
1451,201,VIEW,2025-04-10 05:16:33
1451,183,FAVORITE,2025-04-28 12:16:00
1451,181,VIEW,2025-05-03 06:35:15
1451,210,FAVORITE,2025-05-18 19:05:06
1451,200,SEARCH,2025-07-01 08:54:23
1451,189,VIEW,2025-07-11 21:33:49
1451,200,VIEW,2025-07-16 13:15:17
1451,215,SEARCH,2025-07-30 13:29:46
1451,216,VIEW,2025-08-05 08:16:54
1451,183,SHARE,2025-08-16 06:31:06
1451,200,VIEW,2025-09-08 13:32:33
1451,195,VIEW,2025-11-12 21:39:11
1451,193,SEARCH,2025-11-16 04:03:43
1451,196,SEARCH,2025-11-22 07:14:57
1451,200,FAVORITE,2025-11-24 20:40:06
1451,183,VIEW,2025-11-27 19:03:10
1451,183,VIEW,2026-01-07 19:21:42
1451,184,VIEW,2026-01-29 04:38:01
1451,210,VIEW,2026-02-08 02:45:47
1451,202,ADD_TO_CART,2026-02-20 01:36:08
1451,202,ADD_TO_CART,2026-03-08 05:54:06
1451,201,SEARCH,2026-03-15 12:04:30
1451,193,VIEW,2026-05-06 07:31:16
1451,202,VIEW,2026-05-18 12:59:33
1451,196,VIEW,2026-06-09 14:43:13
1451,201,VIEW,2026-06-30 15:20:00
1452,209,VIEW,2024-09-28 10:51:23
1452,193,VIEW,2024-11-01 01:46:29
1452,189,SEARCH,2024-11-09 09:05:33
1452,200,VIEW,2024-12-02 11:46:21
1452,190,VIEW,2024-12-06 02:18:53
1452,181,VIEW,2024-12-07 02:03:48
1452,190,VIEW,2024-12-31 06:04:28
1452,191,VIEW,2025-01-02 19:11:48
1452,191,SEARCH,2025-01-20 14:44:30
1452,209,ADD_TO_CART,2025-01-24 12:51:31
1452,179,SEARCH,2025-02-10 08:58:49
1452,205,VIEW,2025-02-10 12:30:27
1452,198,SHARE,2025-02-13 22:50:43
1452,189,SEARCH,2025-03-01 18:07:08
1452,209,VIEW,2025-03-02 05:46:04
1452,211,SHARE,2025-03-20 05:55:08
1452,209,VIEW,2025-03-28 11:16:19
1452,210,FAVORITE,2025-04-07 10:41:24
1452,191,ADD_TO_CART,2025-04-07 21:54:19
1452,210,VIEW,2025-04-08 03:09:15
1452,199,SEARCH,2025-04-11 07:45:00
1452,190,VIEW,2025-04-18 20:38:21
1452,194,SEARCH,2025-05-12 07:55:19
1452,209,VIEW,2025-05-21 19:19:01
1452,210,VIEW,2025-06-10 14:40:43
1452,209,SEARCH,2025-06-11 11:30:31
1452,183,VIEW,2025-06-11 14:19:44
1452,180,VIEW,2025-06-11 22:47:48
1452,189,VIEW,2025-06-15 05:16:49
1452,209,VIEW,2025-06-23 04:48:59
1452,199,SEARCH,2025-07-08 16:30:05
1452,210,VIEW,2025-07-31 16:54:12
1452,203,VIEW,2025-08-02 21:42:15
1452,190,VIEW,2025-08-03 02:31:47
1452,210,VIEW,2025-08-26 18:53:40
1452,189,VIEW,2025-08-28 11:08:04
1452,193,VIEW,2025-09-06 04:52:36
1452,210,VIEW,2025-09-10 02:04:48
1452,210,VIEW,2025-09-11 14:12:03
1452,209,VIEW,2025-09-18 02:43:04
1452,210,ADD_TO_CART,2025-10-02 16:39:20
1452,180,SEARCH,2025-10-12 08:50:35
1452,189,SEARCH,2025-10-13 19:06:36
1452,210,VIEW,2025-11-04 05:13:01
1452,183,SEARCH,2025-11-07 01:17:47
1452,209,SHARE,2025-11-08 07:37:23
1452,210,VIEW,2025-11-26 10:43:07
1452,204,SEARCH,2025-12-07 04:13:33
1452,188,VIEW,2025-12-14 16:53:40
1452,191,SEARCH,2025-12-19 06:09:37
1452,209,SEARCH,2025-12-21 15:55:06
1452,212,VIEW,2026-01-02 18:45:52
1452,209,VIEW,2026-01-06 16:21:40
1452,210,VIEW,2026-01-11 01:41:00
1452,181,VIEW,2026-01-20 13:07:15
1452,191,VIEW,2026-01-22 12:38:19
1452,189,VIEW,2026-02-09 07:56:48
1452,195,VIEW,2026-02-27 00:37:32
1452,190,VIEW,2026-03-20 08:10:00
1452,189,VIEW,2026-03-21 08:38:17
1452,191,SEARCH,2026-03-22 06:55:57
1452,209,VIEW,2026-03-27 05:01:42
1452,196,VIEW,2026-04-07 07:17:30
1452,203,VIEW,2026-04-14 16:56:10
1452,195,FAVORITE,2026-04-21 11:41:56
1452,191,VIEW,2026-05-04 15:27:44
1452,209,SHARE,2026-05-06 14:50:43
1452,190,SEARCH,2026-05-19 03:46:54
1452,189,VIEW,2026-05-20 13:57:18
1452,209,VIEW,2026-06-05 14:08:37
1452,189,VIEW,2026-06-14 05:13:48
1452,190,VIEW,2026-06-16 05:27:32
1452,217,ADD_TO_CART,2026-07-05 17:37:32
1452,190,VIEW,2026-07-10 12:27:00
1453,193,VIEW,2026-03-20 13:12:23
1453,214,ADD_TO_CART,2026-03-30 17:37:28
1453,193,VIEW,2026-04-02 08:31:32
1453,193,VIEW,2026-04-05 08:28:07
1453,204,VIEW,2026-04-10 14:44:06
1453,213,ADD_TO_CART,2026-04-13 05:48:18
1453,193,SEARCH,2026-04-14 17:36:13
1453,195,ADD_TO_CART,2026-04-16 20:49:15
1453,193,ADD_TO_CART,2026-04-18 19:45:09
1453,203,VIEW,2026-04-19 15:34:17
1453,194,FAVORITE,2026-04-20 16:25:40
1453,213,SEARCH,2026-04-22 02:52:06
1453,203,VIEW,2026-04-26 22:01:43
1453,189,VIEW,2026-04-27 16:50:33
1453,193,VIEW,2026-04-28 07:45:27
1453,194,ADD_TO_CART,2026-04-29 06:50:12
1453,193,ADD_TO_CART,2026-04-30 06:36:17
1453,194,VIEW,2026-05-04 19:30:50
1453,207,VIEW,2026-05-05 21:12:40
1453,194,VIEW,2026-05-08 05:47:40
1453,216,SEARCH,2026-05-09 03:03:02
1453,204,VIEW,2026-05-15 05:07:20
1453,214,VIEW,2026-05-18 01:12:34
1453,193,VIEW,2026-05-18 05:36:07
1453,194,FAVORITE,2026-05-18 15:51:12
1453,209,VIEW,2026-05-19 17:19:17
1453,186,SEARCH,2026-05-19 19:20:32
1453,193,VIEW,2026-05-20 15:13:46
1453,193,FAVORITE,2026-05-21 10:19:36
1453,194,VIEW,2026-05-22 13:44:53
1453,207,VIEW,2026-05-22 19:06:28
1453,197,VIEW,2026-05-22 19:19:46
1453,192,VIEW,2026-05-24 22:01:25
1453,195,VIEW,2026-05-25 14:48:41
1453,214,ADD_TO_CART,2026-05-26 00:14:19
1453,180,VIEW,2026-05-26 18:55:54
1453,188,ADD_TO_CART,2026-05-27 19:24:58
1453,195,VIEW,2026-05-29 11:59:19
1453,215,VIEW,2026-06-01 21:51:22
1453,193,SEARCH,2026-06-02 12:21:04
1453,214,VIEW,2026-06-03 06:57:05
1453,197,VIEW,2026-06-03 11:58:40
1453,194,VIEW,2026-06-05 04:25:35
1453,213,VIEW,2026-06-05 07:03:28
1453,210,SHARE,2026-06-06 08:22:36
1453,216,VIEW,2026-06-06 15:01:17
1453,214,VIEW,2026-06-06 20:36:59
1453,194,VIEW,2026-06-12 00:00:07
1453,205,SEARCH,2026-06-14 16:55:34
1453,209,SEARCH,2026-06-16 18:20:00
1453,201,VIEW,2026-06-17 12:40:30
1453,193,VIEW,2026-06-17 14:45:07
1453,195,VIEW,2026-06-21 08:43:26
1453,215,SEARCH,2026-06-25 04:33:17
1453,189,VIEW,2026-06-27 04:35:56
1453,213,VIEW,2026-06-29 05:14:47
1453,209,SEARCH,2026-07-02 07:56:58
1453,187,FAVORITE,2026-07-04 03:38:03
1453,194,ADD_TO_CART,2026-07-04 05:42:36
1453,186,VIEW,2026-07-04 23:56:56
1453,195,SEARCH,2026-07-07 07:23:47
1453,199,SEARCH,2026-07-09 10:22:12
1453,199,VIEW,2026-07-09 20:09:40
1453,193,SEARCH,2026-07-10 13:45:09
1453,214,VIEW,2026-07-12 23:17:38
1453,193,VIEW,2026-07-17 19:42:01
1453,206,SEARCH,2026-07-17 21:32:17
1453,213,VIEW,2026-07-17 22:05:42
1453,194,VIEW,2026-07-20 11:40:55
1453,193,VIEW,2026-07-24 00:06:31
1453,193,VIEW,2026-07-29 16:43:00
1454,186,SEARCH,2024-12-10 18:52:52
1454,212,VIEW,2024-12-15 13:23:57
1454,209,VIEW,2024-12-29 22:26:27
1454,213,VIEW,2025-01-04 16:58:42
1454,189,SEARCH,2025-01-11 17:26:05
1454,189,SEARCH,2025-03-04 23:18:04
1454,210,VIEW,2025-03-06 19:00:03
1454,218,VIEW,2025-03-25 02:43:50
1454,194,ADD_TO_CART,2025-04-13 12:03:51
1454,216,FAVORITE,2025-05-04 01:20:34
1454,193,SEARCH,2025-05-09 18:27:36
1454,207,ADD_TO_CART,2025-05-27 20:27:46
1454,196,SEARCH,2025-06-23 02:37:47
1454,189,SEARCH,2025-08-13 14:54:21
1454,207,SEARCH,2025-11-18 11:10:00
1455,195,VIEW,2026-01-03 21:57:21
1455,200,VIEW,2026-01-10 07:53:51
1455,203,VIEW,2026-01-12 00:10:50
1455,202,VIEW,2026-01-17 21:21:22
1455,217,VIEW,2026-01-22 08:34:48
1455,209,FAVORITE,2026-01-28 23:02:47
1455,207,VIEW,2026-01-29 02:52:36
1455,217,VIEW,2026-02-02 12:07:18
1455,185,SHARE,2026-02-02 21:49:20
1455,195,SEARCH,2026-02-04 08:17:47
1455,217,VIEW,2026-02-08 13:11:52
1455,216,VIEW,2026-02-08 19:46:40
1455,184,VIEW,2026-02-14 12:18:35
1455,217,VIEW,2026-02-14 13:00:23
1455,196,VIEW,2026-02-17 23:04:10
1455,216,VIEW,2026-02-19 14:37:34
1455,209,ADD_TO_CART,2026-02-20 13:15:20
1455,215,VIEW,2026-02-23 08:50:39
1455,183,VIEW,2026-02-24 14:55:35
1455,187,VIEW,2026-02-25 16:38:09
1455,216,SEARCH,2026-02-26 02:16:22
1455,201,SEARCH,2026-02-26 09:10:36
1455,216,FAVORITE,2026-02-27 11:24:51
1455,216,ADD_TO_CART,2026-03-01 09:43:16
1455,202,VIEW,2026-03-03 02:27:42
1455,191,SEARCH,2026-03-05 01:47:42
1455,184,VIEW,2026-03-05 05:07:04
1455,217,VIEW,2026-03-07 16:04:39
1455,196,VIEW,2026-03-09 00:45:30
1455,199,VIEW,2026-03-10 10:25:21
1455,196,VIEW,2026-03-14 12:01:50
1455,191,VIEW,2026-03-14 16:24:28
1455,183,SEARCH,2026-03-16 22:40:36
1455,189,SHARE,2026-03-19 20:34:42
1455,218,VIEW,2026-03-20 12:17:02
1455,215,VIEW,2026-03-24 10:08:32
1455,215,VIEW,2026-03-25 15:37:16
1455,213,VIEW,2026-03-25 22:50:25
1455,182,SEARCH,2026-03-26 10:39:45
1455,216,VIEW,2026-03-29 12:28:06
1455,201,SEARCH,2026-04-03 23:14:51
1455,217,VIEW,2026-04-05 14:25:51
1455,184,VIEW,2026-04-06 12:24:06
1455,190,SEARCH,2026-04-06 14:50:06
1455,197,VIEW,2026-04-11 10:37:41
1455,216,SHARE,2026-04-17 07:15:03
1455,217,SHARE,2026-04-21 14:58:19
1455,182,SEARCH,2026-04-23 08:50:51
1455,207,SEARCH,2026-04-30 15:12:45
1455,218,VIEW,2026-05-05 13:17:10
1455,217,VIEW,2026-05-06 15:47:38
1455,200,VIEW,2026-05-06 15:58:30
1455,217,SEARCH,2026-05-09 13:11:57
1455,211,VIEW,2026-05-19 09:52:25
1455,196,SEARCH,2026-05-21 15:14:58
1455,196,VIEW,2026-05-27 23:38:03
1455,216,VIEW,2026-05-28 00:54:33
1455,195,SEARCH,2026-05-31 14:07:18
1455,194,VIEW,2026-06-01 20:32:37
1455,189,VIEW,2026-06-03 00:21:10
1455,194,VIEW,2026-06-03 03:13:57
1455,217,VIEW,2026-06-13 22:14:53
1455,183,VIEW,2026-06-15 16:17:00
1456,194,VIEW,2024-12-27 12:16:23
1456,186,VIEW,2024-12-28 08:28:16
1456,215,SEARCH,2024-12-30 19:42:52
1456,187,VIEW,2025-01-02 04:15:35
1456,214,SHARE,2025-01-13 23:22:04
1456,185,VIEW,2025-02-01 16:50:21
1456,208,ADD_TO_CART,2025-02-03 22:15:15
1456,214,VIEW,2025-02-09 00:48:09
1456,193,VIEW,2025-02-10 14:10:12
1456,179,SHARE,2025-02-14 13:12:28
1456,196,VIEW,2025-02-22 14:42:47
1456,203,VIEW,2025-02-24 11:00:44
1456,205,VIEW,2025-03-30 05:40:51
1456,194,VIEW,2025-04-22 23:55:47
1456,213,ADD_TO_CART,2025-05-14 06:35:27
1456,193,VIEW,2025-06-06 16:38:03
1456,194,ADD_TO_CART,2025-06-18 14:16:31
1456,187,FAVORITE,2025-06-20 07:01:40
1456,203,VIEW,2025-06-20 15:41:58
1456,204,VIEW,2025-06-21 17:40:39
1456,181,VIEW,2025-06-29 17:56:17
1456,189,VIEW,2025-07-08 20:34:26
1456,185,VIEW,2025-07-09 01:46:36
1456,187,SEARCH,2025-07-13 01:36:14
1456,199,VIEW,2025-07-18 23:20:25
1456,205,VIEW,2025-07-22 19:26:50
1456,203,VIEW,2025-07-31 02:29:35
1456,195,VIEW,2025-08-11 15:41:36
1456,198,VIEW,2025-08-26 13:46:56
1456,193,SEARCH,2025-08-27 07:21:34
1456,193,SEARCH,2025-08-28 17:56:41
1456,187,VIEW,2025-09-03 03:14:11
1456,208,FAVORITE,2025-09-09 17:39:47
1456,214,VIEW,2025-09-19 15:40:03
1456,193,VIEW,2025-09-21 13:07:56
1456,185,VIEW,2025-09-24 23:29:01
1456,190,VIEW,2025-09-28 21:10:41
1456,194,SHARE,2025-10-04 11:12:27
1456,196,ADD_TO_CART,2025-10-12 05:41:57
1456,187,SEARCH,2025-10-12 12:45:58
1456,193,VIEW,2025-10-18 07:31:07
1456,214,VIEW,2025-11-09 05:24:22
1456,193,SHARE,2025-11-14 23:24:25
1456,188,VIEW,2025-11-20 02:21:57
1456,194,VIEW,2025-12-03 14:30:09
1456,195,VIEW,2025-12-04 13:00:07
1456,185,VIEW,2025-12-06 09:42:08
1456,194,VIEW,2025-12-18 21:39:53
1456,193,VIEW,2025-12-24 13:29:09
1456,203,SEARCH,2026-01-04 19:01:04
1456,204,VIEW,2026-01-21 20:15:56
1456,218,SEARCH,2026-01-25 17:18:41
1456,187,ADD_TO_CART,2026-01-29 02:19:18
1456,202,VIEW,2026-01-30 20:03:17
1456,209,VIEW,2026-02-08 15:26:24
1456,182,VIEW,2026-02-10 14:08:53
1456,182,FAVORITE,2026-02-16 14:35:51
1456,209,VIEW,2026-02-23 23:10:23
1456,198,SEARCH,2026-03-04 06:11:38
1456,210,SEARCH,2026-03-06 09:58:51
1456,194,VIEW,2026-03-10 22:31:20
1456,194,VIEW,2026-03-17 22:37:02
1456,193,VIEW,2026-03-27 10:17:12
1456,188,VIEW,2026-03-30 19:58:41
1456,196,FAVORITE,2026-04-05 02:23:31
1456,180,SEARCH,2026-04-11 13:11:30
1456,181,VIEW,2026-04-18 17:36:33
1456,207,VIEW,2026-04-21 04:39:12
1456,214,VIEW,2026-04-29 07:03:43
1456,205,FAVORITE,2026-05-10 12:43:16
1456,198,SEARCH,2026-05-26 15:32:14
1456,187,VIEW,2026-05-27 19:46:04
1456,193,VIEW,2026-06-10 16:44:35
1456,207,SEARCH,2026-06-19 18:21:56
1456,214,SEARCH,2026-06-22 14:32:00
1457,207,VIEW,2024-08-16 13:54:59
1457,216,VIEW,2024-10-19 23:24:13
1457,201,VIEW,2024-10-30 10:51:04
1457,211,SEARCH,2024-11-02 16:55:49
1457,190,VIEW,2024-11-04 03:55:40
1457,203,VIEW,2024-11-22 09:04:46
1457,196,VIEW,2024-11-22 14:49:26
1457,207,VIEW,2024-11-24 14:57:54
1457,198,VIEW,2024-12-29 22:13:00
1457,217,SHARE,2025-01-02 14:17:25
1457,203,VIEW,2025-01-03 16:40:48
1457,210,VIEW,2025-01-09 20:42:33
1457,181,FAVORITE,2025-01-11 13:12:28
1457,181,VIEW,2025-01-12 16:42:45
1457,211,ADD_TO_CART,2025-01-12 18:41:08
1457,212,VIEW,2025-03-07 04:34:02
1457,191,VIEW,2025-03-16 17:28:59
1457,207,ADD_TO_CART,2025-03-20 10:17:03
1457,182,SEARCH,2025-03-23 01:51:01
1457,202,SEARCH,2025-03-30 11:09:10
1457,183,SEARCH,2025-04-17 16:52:54
1457,194,FAVORITE,2025-04-26 05:19:47
1457,193,ADD_TO_CART,2025-04-30 09:18:30
1457,218,FAVORITE,2025-05-14 16:11:42
1457,208,VIEW,2025-06-02 11:51:49
1457,185,VIEW,2025-06-10 13:22:55
1457,192,VIEW,2025-06-14 06:37:26
1457,187,SEARCH,2025-06-28 23:01:40
1457,192,SHARE,2025-07-06 22:50:07
1457,217,ADD_TO_CART,2025-07-08 09:33:32
1457,180,VIEW,2025-07-29 16:33:21
1457,185,VIEW,2025-08-03 02:32:10
1457,212,VIEW,2025-08-15 01:30:51
1457,218,SHARE,2025-08-17 22:20:18
1457,209,VIEW,2025-08-22 18:54:13
1457,180,VIEW,2025-09-02 20:31:46
1457,200,VIEW,2025-09-23 00:55:28
1457,184,VIEW,2025-09-25 12:59:28
1457,195,VIEW,2025-10-02 19:51:38
1457,218,VIEW,2025-10-13 21:40:30
1457,194,SEARCH,2025-10-20 18:36:55
1457,204,VIEW,2025-10-20 23:46:17
1457,213,VIEW,2025-11-03 00:43:00
1457,180,VIEW,2025-11-13 18:00:19
1457,218,VIEW,2025-12-09 12:26:37
1457,186,VIEW,2026-01-16 02:29:59
1457,186,VIEW,2026-01-22 23:53:45
1457,212,VIEW,2026-01-30 07:16:09
1457,211,VIEW,2026-03-17 16:06:16
1457,179,VIEW,2026-03-19 00:12:42
1457,218,VIEW,2026-03-24 15:46:42
1457,218,VIEW,2026-03-30 04:41:53
1457,218,VIEW,2026-04-24 18:41:41
1457,217,VIEW,2026-04-26 12:01:39
1457,188,VIEW,2026-05-07 11:46:07
1457,218,VIEW,2026-05-14 08:12:55
1457,191,ADD_TO_CART,2026-05-20 11:53:27
1457,207,VIEW,2026-05-26 02:03:41
1457,218,VIEW,2026-06-17 19:37:58
1457,211,VIEW,2026-06-19 21:35:03
1457,195,VIEW,2026-06-26 09:32:59
1457,180,VIEW,2026-07-02 14:45:00
1458,207,VIEW,2024-07-14 19:38:40
1458,180,VIEW,2024-08-26 16:02:34
1458,181,VIEW,2024-09-17 03:26:46
1458,180,ADD_TO_CART,2024-09-24 18:10:46
1458,214,ADD_TO_CART,2024-10-05 20:33:40
1458,207,ADD_TO_CART,2024-11-29 08:15:53
1458,183,VIEW,2024-11-29 21:49:35
1458,199,VIEW,2024-12-04 09:26:43
1458,183,SHARE,2024-12-06 15:14:15
1458,209,SEARCH,2024-12-12 16:06:42
1458,198,FAVORITE,2024-12-13 23:04:49
1458,199,VIEW,2025-01-15 07:18:01
1458,199,VIEW,2025-02-02 11:55:03
1458,208,VIEW,2025-02-02 20:03:44
1458,193,VIEW,2025-02-09 05:08:47
1458,193,FAVORITE,2025-02-09 07:53:19
1458,179,SEARCH,2025-02-27 14:35:25
1458,193,FAVORITE,2025-03-24 04:05:34
1458,181,VIEW,2025-04-18 01:00:28
1458,201,SEARCH,2025-04-25 09:57:33
1458,213,VIEW,2025-04-27 20:27:54
1458,218,VIEW,2025-05-08 04:46:28
1458,212,VIEW,2025-05-14 13:40:35
1458,198,ADD_TO_CART,2025-05-25 14:45:02
1458,198,VIEW,2025-06-03 10:41:23
1458,216,VIEW,2025-07-07 22:03:38
1458,193,VIEW,2025-07-20 00:54:12
1458,198,VIEW,2025-07-26 17:15:57
1458,216,VIEW,2025-08-11 22:23:27
1458,182,VIEW,2025-08-12 02:05:04
1458,180,ADD_TO_CART,2025-09-11 15:54:57
1458,183,VIEW,2025-09-21 12:44:43
1458,193,VIEW,2025-09-30 02:27:10
1458,199,VIEW,2025-10-01 05:52:24
1458,179,VIEW,2025-10-02 18:51:02
1458,197,VIEW,2025-10-27 05:38:44
1458,213,VIEW,2025-11-04 08:25:09
1458,194,VIEW,2025-11-10 03:38:02
1458,216,SEARCH,2025-11-18 04:32:18
1458,188,VIEW,2025-11-18 23:27:33
1458,210,VIEW,2025-12-12 02:40:05
1458,217,VIEW,2025-12-14 00:26:09
1458,197,VIEW,2025-12-15 12:27:22
1458,196,VIEW,2025-12-26 06:11:18
1458,218,VIEW,2025-12-29 01:09:13
1458,187,VIEW,2026-01-17 17:34:57
1458,186,VIEW,2026-03-10 13:19:25
1458,207,SEARCH,2026-04-08 12:55:58
1458,194,ADD_TO_CART,2026-05-15 22:12:07
1458,181,SEARCH,2026-05-17 12:35:54
1458,197,SEARCH,2026-06-04 10:30:08
1458,190,VIEW,2026-06-11 18:35:51
1458,202,VIEW,2026-07-19 10:03:00
1459,212,VIEW,2025-09-08 14:55:28
1459,212,SHARE,2025-10-01 05:32:20
1459,212,VIEW,2025-10-07 14:38:26
1459,184,VIEW,2025-10-15 14:17:21
1459,194,ADD_TO_CART,2025-10-17 02:59:04
1459,202,SEARCH,2025-10-30 02:43:38
1459,211,SEARCH,2025-11-07 05:12:48
1459,203,SEARCH,2025-11-20 04:58:44
1459,187,VIEW,2025-11-25 14:35:43
1459,194,SEARCH,2025-11-29 15:08:04
1459,198,FAVORITE,2025-12-10 07:06:08
1459,212,VIEW,2025-12-19 04:58:48
1459,198,VIEW,2025-12-22 18:46:12
1459,192,SEARCH,2025-12-27 15:34:27
1459,211,VIEW,2025-12-30 02:26:27
1459,188,VIEW,2025-12-31 11:43:47
1459,212,VIEW,2026-01-02 10:50:37
1459,217,VIEW,2026-01-06 03:23:55
1459,211,SEARCH,2026-01-13 07:02:25
1459,195,VIEW,2026-01-15 04:24:51
1459,212,SEARCH,2026-01-15 12:12:21
1459,202,VIEW,2026-01-17 07:00:01
1459,192,VIEW,2026-01-19 01:49:20
1459,210,VIEW,2026-01-25 02:30:50
1459,188,VIEW,2026-02-04 14:57:21
1459,192,VIEW,2026-02-16 01:39:04
1459,192,VIEW,2026-02-21 05:31:04
1459,211,VIEW,2026-02-22 03:24:53
1459,212,VIEW,2026-02-22 03:39:14
1459,211,SEARCH,2026-02-28 03:40:38
1459,192,VIEW,2026-03-04 03:43:22
1459,195,VIEW,2026-03-09 23:09:09
1459,204,VIEW,2026-03-12 05:17:34
1459,184,VIEW,2026-03-12 20:26:17
1459,195,SEARCH,2026-03-15 08:15:00
1459,192,VIEW,2026-03-16 05:20:16
1459,190,VIEW,2026-03-18 20:08:27
1459,211,VIEW,2026-03-19 03:04:17
1459,211,VIEW,2026-04-03 19:38:48
1459,187,SEARCH,2026-04-05 23:15:06
1459,189,VIEW,2026-04-09 18:23:28
1459,207,FAVORITE,2026-04-11 09:18:49
1459,218,VIEW,2026-04-18 06:28:16
1459,212,SEARCH,2026-04-19 17:38:07
1459,204,VIEW,2026-04-20 21:58:39
1459,196,SEARCH,2026-04-21 00:35:43
1459,198,ADD_TO_CART,2026-04-21 02:39:10
1459,205,VIEW,2026-04-23 13:32:08
1459,215,FAVORITE,2026-04-24 04:34:57
1459,212,SEARCH,2026-04-28 01:31:07
1459,196,SEARCH,2026-04-29 17:19:46
1459,203,VIEW,2026-04-30 06:34:46
1459,214,SEARCH,2026-05-08 16:59:53
1459,196,ADD_TO_CART,2026-05-11 14:37:31
1459,204,FAVORITE,2026-05-13 13:16:13
1459,194,VIEW,2026-05-16 02:51:47
1459,211,VIEW,2026-05-20 06:52:25
1459,196,VIEW,2026-05-22 19:07:03
1459,187,SEARCH,2026-06-07 23:51:46
1459,192,VIEW,2026-06-10 21:42:06
1459,185,VIEW,2026-06-18 18:51:06
1459,192,VIEW,2026-06-28 18:39:29
1459,189,VIEW,2026-07-06 03:56:29
1459,186,VIEW,2026-07-06 13:34:00
1460,179,VIEW,2024-03-27 19:53:23
1460,206,VIEW,2024-04-15 02:54:41
1460,207,SEARCH,2024-04-19 15:18:20
1460,217,VIEW,2024-05-11 19:28:54
1460,198,VIEW,2024-06-21 14:27:49
1460,196,VIEW,2024-07-04 09:13:31
1460,215,VIEW,2024-07-06 22:44:21
1460,215,VIEW,2024-07-29 03:47:42
1460,217,VIEW,2024-08-27 00:20:39
1460,182,VIEW,2024-09-04 11:06:58
1460,215,VIEW,2024-09-09 22:33:00
1460,195,SEARCH,2024-11-18 02:51:10
1460,198,VIEW,2024-12-12 06:35:34
1460,195,SEARCH,2025-01-02 18:18:52
1460,217,VIEW,2025-01-13 13:30:27
1460,179,VIEW,2025-02-13 23:04:17
1460,199,FAVORITE,2025-02-15 15:27:26
1460,209,VIEW,2025-02-25 16:08:02
1460,215,VIEW,2025-04-03 05:24:00
1460,188,VIEW,2025-04-04 23:51:51
1460,202,VIEW,2025-05-13 01:41:37
1460,208,FAVORITE,2025-06-14 01:22:26
1460,207,VIEW,2025-06-19 16:47:01
1460,202,VIEW,2025-06-29 02:08:03
1460,209,VIEW,2025-09-10 02:30:59
1460,215,SHARE,2025-09-24 01:15:56
1460,196,SEARCH,2025-10-28 05:39:16
1460,216,SHARE,2025-11-09 09:16:34
1460,207,VIEW,2026-01-15 05:28:14
1460,206,VIEW,2026-02-08 06:41:39
1460,216,SEARCH,2026-02-09 11:26:37
1460,215,ADD_TO_CART,2026-04-03 02:45:11
1460,199,VIEW,2026-04-15 12:14:42
1460,213,VIEW,2026-05-03 08:09:45
1460,204,VIEW,2026-05-17 19:12:29
1460,217,VIEW,2026-06-01 23:44:13
1460,195,VIEW,2026-06-08 11:48:25
1460,217,SEARCH,2026-07-21 10:46:00
1461,208,SEARCH,2025-02-05 19:39:00
1461,189,VIEW,2025-02-06 04:22:05
1461,207,VIEW,2025-02-14 10:21:21
1461,194,SEARCH,2025-03-20 02:16:11
1461,207,VIEW,2025-03-22 19:35:38
1461,206,SEARCH,2025-05-05 17:59:47
1461,207,VIEW,2025-05-19 18:28:36
1461,179,VIEW,2025-05-29 01:57:12
1461,206,FAVORITE,2025-08-15 03:33:23
1461,183,VIEW,2025-08-17 06:11:32
1461,216,VIEW,2025-08-22 13:40:15
1461,213,VIEW,2025-08-30 16:25:00
1462,205,VIEW,2025-10-12 05:48:42
1462,209,VIEW,2025-10-23 02:12:29
1462,184,VIEW,2025-10-27 19:54:31
1462,196,VIEW,2025-10-29 21:42:32
1462,202,ADD_TO_CART,2025-10-30 06:28:27
1462,200,VIEW,2025-11-03 04:32:16
1462,199,VIEW,2025-11-06 03:13:47
1462,200,SHARE,2025-11-16 01:09:13
1462,213,VIEW,2025-12-17 05:09:46
1462,202,SEARCH,2025-12-21 14:13:11
1462,205,SEARCH,2026-01-03 21:24:52
1462,201,ADD_TO_CART,2026-01-08 22:15:40
1462,201,VIEW,2026-01-17 20:19:44
1462,199,VIEW,2026-01-21 01:37:14
1462,181,SEARCH,2026-01-29 14:35:29
1462,200,VIEW,2026-02-03 14:48:01
1462,201,SEARCH,2026-02-09 14:31:38
1462,179,VIEW,2026-02-12 03:47:00
1462,198,SEARCH,2026-02-21 09:47:44
1462,203,ADD_TO_CART,2026-02-23 03:52:57
1462,202,VIEW,2026-02-23 06:16:43
1462,210,VIEW,2026-03-05 07:51:33
1462,184,SEARCH,2026-03-06 10:37:48
1462,199,VIEW,2026-03-14 17:07:08
1462,198,VIEW,2026-03-16 22:54:53
1462,198,SEARCH,2026-03-30 10:16:26
1462,198,ADD_TO_CART,2026-03-31 09:58:58
1462,203,VIEW,2026-04-17 07:41:24
1462,206,SEARCH,2026-04-26 14:07:22
1462,201,SHARE,2026-04-27 16:52:43
1462,201,SEARCH,2026-05-07 04:42:13
1462,202,VIEW,2026-05-07 07:01:06
1462,185,VIEW,2026-05-13 13:45:38
1462,188,VIEW,2026-05-16 23:08:58
1462,199,ADD_TO_CART,2026-05-17 14:27:08
1462,199,VIEW,2026-06-05 15:47:00
1463,206,FAVORITE,2024-06-24 16:39:23
1463,199,VIEW,2024-07-07 02:27:57
1463,179,SEARCH,2024-07-10 16:02:48
1463,218,ADD_TO_CART,2024-08-20 00:22:30
1463,181,VIEW,2024-09-01 03:32:52
1463,208,VIEW,2024-09-07 19:07:46
1463,196,VIEW,2024-10-04 17:07:12
1463,180,VIEW,2024-10-07 07:11:49
1463,180,VIEW,2024-10-19 11:24:59
1463,199,VIEW,2024-10-26 23:31:43
1463,198,VIEW,2024-10-28 03:45:29
1463,182,SEARCH,2024-11-02 06:31:52
1463,209,VIEW,2024-11-07 23:07:15
1463,179,VIEW,2024-11-26 10:39:16
1463,180,SEARCH,2024-12-24 00:22:51
1463,181,VIEW,2024-12-25 10:44:19
1463,194,ADD_TO_CART,2025-01-12 17:00:51
1463,197,VIEW,2025-01-13 00:06:27
1463,211,VIEW,2025-01-13 13:15:38
1463,180,FAVORITE,2025-01-14 08:24:39
1463,199,ADD_TO_CART,2025-01-25 19:00:47
1463,181,VIEW,2025-02-02 21:08:01
1463,181,VIEW,2025-02-05 23:02:09
1463,197,VIEW,2025-02-09 16:52:15
1463,181,SEARCH,2025-02-18 22:41:18
1463,181,VIEW,2025-02-22 21:46:56
1463,181,FAVORITE,2025-03-17 10:22:04
1463,201,ADD_TO_CART,2025-03-17 12:05:21
1463,198,VIEW,2025-04-04 23:47:03
1463,206,VIEW,2025-04-27 10:44:32
1463,199,VIEW,2025-05-03 06:29:03
1463,180,ADD_TO_CART,2025-05-05 18:34:08
1463,198,VIEW,2025-05-18 00:52:23
1463,181,VIEW,2025-05-18 01:46:09
1463,181,VIEW,2025-05-20 15:12:46
1463,198,FAVORITE,2025-05-21 18:52:25
1463,190,ADD_TO_CART,2025-05-23 09:30:09
1463,193,VIEW,2025-05-27 13:28:41
1463,199,SEARCH,2025-06-04 01:25:02
1463,210,ADD_TO_CART,2025-06-13 04:21:21
1463,199,VIEW,2025-06-20 10:19:26
1463,205,VIEW,2025-06-28 20:48:24
1463,207,VIEW,2025-07-01 14:08:35
1463,180,VIEW,2025-07-03 10:57:08
1463,215,VIEW,2025-07-15 12:24:16
1463,197,ADD_TO_CART,2025-07-16 16:05:23
1463,181,SEARCH,2025-07-19 10:45:50
1463,189,SEARCH,2025-07-20 06:57:18
1463,180,VIEW,2025-07-20 20:42:32
1463,196,VIEW,2025-07-26 17:02:56
1463,199,SEARCH,2025-07-30 10:54:59
1463,199,FAVORITE,2025-08-23 18:14:28
1463,181,VIEW,2025-08-24 09:48:47
1463,198,SEARCH,2025-10-13 10:48:29
1463,207,ADD_TO_CART,2025-10-15 20:32:44
1463,206,VIEW,2025-10-19 11:50:10
1463,180,VIEW,2025-10-22 00:45:54
1463,215,VIEW,2025-10-24 03:36:05
1463,211,VIEW,2025-10-27 08:03:04
1463,186,VIEW,2025-10-27 11:32:12
1463,213,VIEW,2025-11-18 10:58:09
1463,208,VIEW,2025-11-23 07:31:27
1463,199,ADD_TO_CART,2025-11-25 11:37:55
1463,215,VIEW,2025-12-06 04:28:13
1463,179,VIEW,2025-12-21 00:12:54
1463,202,VIEW,2025-12-26 21:09:07
1463,180,VIEW,2025-12-28 15:31:02
1463,182,VIEW,2025-12-29 07:43:07
1463,208,SEARCH,2026-01-04 14:56:28
1463,198,VIEW,2026-01-23 07:56:46
1463,180,VIEW,2026-02-25 09:01:39
1463,198,VIEW,2026-03-01 09:25:33
1463,198,VIEW,2026-03-04 06:03:43
1463,180,ADD_TO_CART,2026-03-07 16:42:35
1463,203,VIEW,2026-03-15 03:24:23
1463,207,SEARCH,2026-03-27 17:24:03
1463,181,VIEW,2026-03-30 04:19:13
1463,199,VIEW,2026-04-14 19:18:59
1463,179,ADD_TO_CART,2026-04-15 16:06:22
1463,199,VIEW,2026-05-15 07:02:14
1463,207,VIEW,2026-05-17 03:54:09
1463,179,ADD_TO_CART,2026-05-18 16:56:41
1463,199,VIEW,2026-05-29 23:10:34
1463,207,VIEW,2026-06-05 02:55:51
1463,199,VIEW,2026-06-30 14:25:40
1463,209,SEARCH,2026-07-10 10:01:00
1464,199,SEARCH,2025-01-01 01:20:42
1464,192,VIEW,2025-01-13 02:53:49
1464,198,VIEW,2025-01-28 08:42:44
1464,214,VIEW,2025-01-31 10:40:23
1464,195,SEARCH,2025-02-10 11:08:46
1464,196,SEARCH,2025-02-11 09:23:09
1464,184,VIEW,2025-02-15 13:33:36
1464,211,SEARCH,2025-02-15 23:21:33
1464,192,FAVORITE,2025-02-18 11:53:56
1464,212,VIEW,2025-04-06 13:55:37
1464,211,SHARE,2025-04-29 11:52:12
1464,195,SHARE,2025-05-13 19:25:59
1464,185,VIEW,2025-05-24 14:56:16
1464,179,VIEW,2025-05-25 09:54:16
1464,210,ADD_TO_CART,2025-06-09 11:40:20
1464,194,VIEW,2025-06-17 14:54:57
1464,196,VIEW,2025-07-04 05:06:17
1464,212,SEARCH,2025-07-22 01:31:55
1464,215,ADD_TO_CART,2025-08-23 09:53:39
1464,210,VIEW,2025-08-30 13:07:48
1464,192,SEARCH,2025-09-16 03:21:45
1464,184,VIEW,2025-09-26 05:27:02
1464,211,SHARE,2025-09-27 21:13:43
1464,217,VIEW,2025-09-30 17:35:10
1464,191,FAVORITE,2025-11-04 15:47:45
1464,217,SEARCH,2025-11-07 02:35:47
1464,180,ADD_TO_CART,2025-11-12 10:56:48
1464,212,VIEW,2025-12-04 21:09:42
1464,211,ADD_TO_CART,2025-12-09 18:03:46
1464,215,VIEW,2026-01-03 08:19:56
1464,218,VIEW,2026-01-16 04:42:26
1464,193,ADD_TO_CART,2026-01-17 01:42:16
1464,192,VIEW,2026-01-23 06:05:38
1464,201,SEARCH,2026-01-28 02:39:47
1464,192,FAVORITE,2026-02-05 09:40:03
1464,193,VIEW,2026-02-08 11:38:56
1464,188,VIEW,2026-02-17 03:08:20
1464,207,ADD_TO_CART,2026-02-21 22:35:46
1464,212,VIEW,2026-02-22 05:10:43
1464,189,VIEW,2026-02-27 08:54:37
1464,187,VIEW,2026-03-03 23:42:52
1464,212,SEARCH,2026-03-07 10:44:48
1464,217,SHARE,2026-03-13 21:00:13
1464,212,VIEW,2026-03-20 15:08:21
1464,213,SHARE,2026-04-21 00:19:01
1464,216,ADD_TO_CART,2026-05-02 12:08:05
1464,192,FAVORITE,2026-05-03 12:05:07
1464,212,FAVORITE,2026-05-26 14:58:13
1464,209,VIEW,2026-06-04 17:46:00
1465,179,FAVORITE,2025-01-18 16:34:31
1465,201,VIEW,2025-01-28 11:03:14
1465,216,VIEW,2025-02-14 19:20:15
1465,205,SEARCH,2025-02-22 15:22:09
1465,184,VIEW,2025-03-11 11:19:13
1465,183,SHARE,2025-03-13 15:57:05
1465,182,VIEW,2025-03-14 04:49:54
1465,208,VIEW,2025-04-17 18:30:19
1465,182,VIEW,2025-04-19 00:06:41
1465,193,VIEW,2025-04-21 20:42:00
1465,186,ADD_TO_CART,2025-05-16 06:29:13
1465,197,SEARCH,2025-05-24 16:16:16
1465,192,ADD_TO_CART,2025-05-30 20:51:29
1465,183,VIEW,2025-06-03 04:17:28
1465,188,VIEW,2025-06-12 07:07:17
1465,198,VIEW,2025-06-17 12:46:50
1465,184,VIEW,2025-06-19 22:40:52
1465,202,SEARCH,2025-06-22 11:07:37
1465,207,VIEW,2025-06-30 22:24:56
1465,209,SEARCH,2025-07-01 20:36:19
1465,209,VIEW,2025-07-21 21:45:05
1465,212,VIEW,2025-08-09 23:23:59
1465,218,VIEW,2025-08-18 17:29:33
1465,193,ADD_TO_CART,2025-08-19 19:39:52
1465,190,VIEW,2025-08-26 02:29:48
1465,184,VIEW,2025-08-28 08:53:40
1465,183,VIEW,2025-08-31 18:31:43
1465,189,VIEW,2025-09-30 11:00:25
1465,213,VIEW,2025-10-08 12:58:49
1465,201,VIEW,2025-10-27 12:02:08
1465,182,VIEW,2025-11-19 08:30:03
1465,180,VIEW,2025-11-26 06:03:45
1465,184,ADD_TO_CART,2025-12-06 04:18:42
1465,202,VIEW,2025-12-09 10:21:52
1465,184,FAVORITE,2025-12-12 09:36:33
1465,203,VIEW,2025-12-13 10:58:58
1465,183,VIEW,2025-12-15 14:32:00
1465,217,VIEW,2025-12-16 00:46:14
1465,211,VIEW,2026-01-19 11:09:52
1465,204,VIEW,2026-01-27 04:09:05
1465,201,SEARCH,2026-03-22 08:43:26
1465,217,VIEW,2026-04-01 07:47:25
1465,187,VIEW,2026-04-03 23:02:24
1465,184,SHARE,2026-04-11 07:20:19
1465,201,FAVORITE,2026-04-14 04:06:13
1465,184,VIEW,2026-04-20 08:38:31
1465,194,SEARCH,2026-04-20 21:05:51
1465,184,ADD_TO_CART,2026-04-24 21:17:58
1465,183,VIEW,2026-05-12 10:39:50
1465,192,VIEW,2026-05-18 14:33:47
1465,182,VIEW,2026-06-26 01:06:39
1465,183,VIEW,2026-07-01 09:13:17
1465,202,FAVORITE,2026-07-20 09:38:00
1466,192,VIEW,2024-10-08 07:26:47
1466,205,VIEW,2024-10-16 16:27:47
1466,195,VIEW,2024-11-03 08:50:53
1466,197,VIEW,2024-11-23 11:14:15
1466,187,VIEW,2024-11-29 03:28:39
1466,185,VIEW,2024-12-18 05:22:58
1466,188,SEARCH,2025-01-01 06:23:35
1466,203,SEARCH,2025-01-06 13:08:55
1466,204,SEARCH,2025-01-14 11:23:14
1466,197,SEARCH,2025-01-20 23:53:09
1466,181,VIEW,2025-01-31 18:09:51
1466,188,VIEW,2025-02-03 03:58:31
1466,198,VIEW,2025-02-26 04:43:05
1466,192,VIEW,2025-02-26 11:24:43
1466,209,ADD_TO_CART,2025-03-06 12:36:24
1466,210,SEARCH,2025-03-09 15:04:01
1466,194,SEARCH,2025-03-14 22:18:58
1466,193,SEARCH,2025-03-21 20:49:25
1466,197,VIEW,2025-03-25 20:25:31
1466,210,VIEW,2025-04-03 06:44:18
1466,204,VIEW,2025-04-09 11:49:15
1466,206,ADD_TO_CART,2025-04-26 03:21:52
1466,201,SEARCH,2025-05-05 17:42:37
1466,199,FAVORITE,2025-05-06 03:48:44
1466,180,VIEW,2025-05-18 04:40:01
1466,197,VIEW,2025-05-20 18:00:30
1466,197,VIEW,2025-05-22 12:49:28
1466,197,SEARCH,2025-06-04 06:22:27
1466,181,FAVORITE,2025-06-08 00:21:21
1466,181,VIEW,2025-07-27 08:58:52
1466,213,VIEW,2025-07-29 08:34:25
1466,197,VIEW,2025-08-08 02:54:41
1466,188,ADD_TO_CART,2025-08-23 20:47:03
1466,202,VIEW,2025-08-26 22:23:59
1466,209,VIEW,2025-09-05 19:11:25
1466,180,VIEW,2025-09-20 12:57:15
1466,216,VIEW,2025-09-27 14:56:44
1466,209,SEARCH,2025-10-06 13:26:48
1466,181,VIEW,2025-10-07 02:11:58
1466,187,SEARCH,2025-10-11 04:11:56
1466,197,VIEW,2025-11-02 08:50:02
1466,197,SEARCH,2025-11-07 20:57:59
1466,216,SEARCH,2025-11-09 17:24:44
1466,181,VIEW,2025-11-25 05:53:26
1466,197,VIEW,2025-11-26 01:03:24
1466,199,VIEW,2025-12-01 10:40:31
1466,204,ADD_TO_CART,2025-12-03 07:22:45
1466,198,VIEW,2025-12-28 08:15:59
1466,203,FAVORITE,2026-01-08 03:01:06
1466,181,FAVORITE,2026-01-09 11:43:14
1466,197,VIEW,2026-01-16 09:03:34
1466,204,SEARCH,2026-01-26 08:24:35
1466,182,ADD_TO_CART,2026-01-29 11:30:39
1466,180,VIEW,2026-01-30 20:55:43
1466,199,VIEW,2026-02-08 16:18:48
1466,180,VIEW,2026-02-10 17:01:21
1466,180,VIEW,2026-02-15 02:16:55
1466,199,SEARCH,2026-03-06 10:59:32
1466,198,FAVORITE,2026-03-07 19:01:47
1466,187,VIEW,2026-03-11 06:26:55
1466,181,VIEW,2026-03-24 05:40:20
1466,192,SEARCH,2026-03-28 17:42:55
1466,199,SEARCH,2026-04-04 04:42:15
1466,201,VIEW,2026-04-23 17:35:09
1466,185,VIEW,2026-04-25 07:20:31
1466,197,ADD_TO_CART,2026-04-25 13:04:59
1466,188,VIEW,2026-04-26 00:08:37
1466,210,SEARCH,2026-04-26 11:44:05
1466,191,VIEW,2026-06-10 14:13:00
1467,179,VIEW,2025-12-16 15:10:06
1467,197,SEARCH,2025-12-22 20:46:47
1467,212,VIEW,2025-12-23 17:55:45
1467,200,SEARCH,2025-12-24 01:51:16
1467,209,VIEW,2025-12-28 21:50:11
1467,192,VIEW,2026-01-03 00:13:01
1467,209,SEARCH,2026-01-04 03:39:41
1467,210,VIEW,2026-01-05 10:19:04
1467,210,SEARCH,2026-01-16 09:59:36
1467,210,VIEW,2026-01-28 07:02:35
1467,189,SEARCH,2026-02-09 17:39:18
1467,210,SEARCH,2026-02-14 01:49:19
1467,197,VIEW,2026-02-20 03:06:35
1467,186,VIEW,2026-02-22 20:17:18
1467,191,VIEW,2026-03-12 14:11:04
1467,191,VIEW,2026-03-20 06:44:32
1467,191,SEARCH,2026-03-20 11:17:09
1467,189,VIEW,2026-03-20 12:41:08
1467,217,SEARCH,2026-03-30 06:56:56
1467,190,VIEW,2026-03-31 14:12:15
1467,180,VIEW,2026-04-01 09:33:24
1467,189,VIEW,2026-04-03 03:04:20
1467,189,VIEW,2026-04-08 02:02:26
1467,189,VIEW,2026-04-13 01:12:32
1467,210,VIEW,2026-04-15 09:18:13
1467,189,SEARCH,2026-04-20 11:23:50
1467,210,VIEW,2026-04-21 23:32:28
1467,192,VIEW,2026-05-05 01:17:13
1467,207,VIEW,2026-05-15 19:23:45
1467,185,ADD_TO_CART,2026-05-18 01:09:07
1467,209,FAVORITE,2026-05-22 19:07:23
1467,188,SEARCH,2026-05-24 03:16:05
1467,194,VIEW,2026-05-26 04:08:54
1467,210,VIEW,2026-05-26 06:29:28
1467,211,VIEW,2026-06-12 11:50:09
1467,209,VIEW,2026-06-18 13:11:39
1467,217,VIEW,2026-06-26 06:34:37
1467,211,VIEW,2026-07-01 11:15:28
1467,189,VIEW,2026-07-05 16:23:00
1468,195,VIEW,2024-04-12 23:34:36
1468,217,ADD_TO_CART,2024-05-06 15:30:43
1468,198,VIEW,2024-05-15 01:47:37
1468,196,SEARCH,2024-06-27 02:08:56
1468,207,VIEW,2024-07-07 17:38:38
1468,215,SEARCH,2024-08-04 22:07:55
1468,186,SEARCH,2024-09-04 20:12:39
1468,180,SEARCH,2024-09-13 21:55:33
1468,195,VIEW,2024-09-30 16:12:34
1468,205,VIEW,2024-10-19 15:13:05
1468,193,VIEW,2024-10-24 11:55:23
1468,196,VIEW,2024-11-05 17:13:57
1468,215,FAVORITE,2024-11-18 00:46:23
1468,182,ADD_TO_CART,2024-12-25 05:23:20
1468,197,VIEW,2025-01-25 20:55:17
1468,196,VIEW,2025-02-04 07:20:41
1468,195,ADD_TO_CART,2025-03-29 15:24:05
1468,190,ADD_TO_CART,2025-03-30 22:44:34
1468,217,VIEW,2025-04-25 05:56:28
1468,210,FAVORITE,2025-04-27 16:42:43
1468,196,VIEW,2025-09-04 00:40:42
1468,217,VIEW,2025-09-29 20:13:46
1468,187,VIEW,2025-11-08 07:12:58
1468,217,FAVORITE,2026-01-02 23:06:41
1468,195,VIEW,2026-01-15 08:09:38
1468,195,ADD_TO_CART,2026-01-24 16:26:26
1468,217,VIEW,2026-03-11 22:05:21
1468,217,SEARCH,2026-03-21 15:26:36
1468,217,VIEW,2026-04-03 03:08:54
1468,218,SEARCH,2026-06-14 18:03:43
1468,187,ADD_TO_CART,2026-06-17 15:13:00
1469,214,VIEW,2025-04-25 04:25:34
1469,200,VIEW,2025-10-29 19:03:51
1469,182,VIEW,2025-12-21 16:16:00
1470,202,SEARCH,2025-01-30 02:36:55
1470,198,VIEW,2025-02-05 17:48:49
1470,193,VIEW,2025-02-24 12:47:39
1470,182,SEARCH,2025-03-07 03:59:06
1470,198,SEARCH,2025-03-10 12:17:00
1470,216,ADD_TO_CART,2025-03-22 12:39:00
1470,202,FAVORITE,2025-03-22 17:18:39
1470,182,SEARCH,2025-03-23 05:12:29
1470,191,VIEW,2025-03-28 09:01:42
1470,201,VIEW,2025-03-31 05:37:56
1470,201,VIEW,2025-04-04 09:08:43
1470,179,VIEW,2025-04-20 09:11:49
1470,199,VIEW,2025-04-24 09:47:02
1470,200,VIEW,2025-05-08 08:43:18
1470,202,VIEW,2025-05-12 05:27:40
1470,208,VIEW,2025-05-24 12:22:26
1470,189,VIEW,2025-05-26 06:39:16
1470,196,SEARCH,2025-05-28 11:22:42
1470,201,FAVORITE,2025-06-01 08:32:59
1470,187,VIEW,2025-07-01 23:17:43
1470,197,VIEW,2025-07-05 08:14:22
1470,183,VIEW,2025-07-29 14:23:57
1470,197,VIEW,2025-08-02 13:36:59
1470,189,ADD_TO_CART,2025-08-05 23:54:46
1470,197,ADD_TO_CART,2025-08-14 13:57:20
1470,190,SEARCH,2025-08-16 01:00:00
1470,184,SEARCH,2025-08-16 14:25:08
1470,179,ADD_TO_CART,2025-08-16 16:04:06
1470,201,VIEW,2025-08-23 13:48:42
1470,199,VIEW,2025-09-05 17:00:36
1470,202,VIEW,2025-09-10 21:46:21
1470,217,VIEW,2025-09-19 17:21:31
1470,202,VIEW,2025-10-03 11:24:10
1470,210,VIEW,2025-10-07 09:49:10
1470,184,SEARCH,2025-11-03 21:49:00
1470,202,FAVORITE,2025-11-04 00:48:13
1470,190,SEARCH,2025-11-06 21:22:49
1470,208,VIEW,2025-11-11 03:39:12
1470,182,VIEW,2025-11-12 23:06:27
1470,198,SEARCH,2025-11-16 02:22:32
1470,202,VIEW,2025-11-25 22:07:08
1470,193,VIEW,2025-12-06 18:23:18
1470,201,SEARCH,2025-12-08 21:36:00
1470,190,VIEW,2025-12-10 04:18:34
1470,191,SEARCH,2025-12-27 01:08:28
1470,214,ADD_TO_CART,2026-01-01 08:49:23
1470,183,VIEW,2026-01-06 10:58:54
1470,183,VIEW,2026-01-14 09:53:32
1470,193,VIEW,2026-01-29 18:55:26
1470,208,SHARE,2026-02-03 01:24:43
1470,217,VIEW,2026-02-07 10:54:47
1470,183,VIEW,2026-02-12 11:55:44
1470,183,SEARCH,2026-02-14 13:00:49
1470,200,VIEW,2026-02-27 05:25:03
1470,202,SHARE,2026-03-14 04:06:27
1470,202,VIEW,2026-03-22 12:16:42
1470,183,VIEW,2026-03-24 15:24:47
1470,201,VIEW,2026-03-26 06:26:01
1470,201,VIEW,2026-04-03 10:58:08
1470,184,VIEW,2026-04-08 20:11:59
1470,184,VIEW,2026-04-15 21:01:17
1470,198,VIEW,2026-04-18 23:32:53
1470,210,VIEW,2026-05-01 11:05:40
1470,200,FAVORITE,2026-05-09 00:43:11
1470,200,VIEW,2026-05-11 16:05:56
1470,183,VIEW,2026-06-03 00:32:34
1470,199,VIEW,2026-06-20 22:39:09
1470,184,SHARE,2026-06-28 01:31:56
1470,200,ADD_TO_CART,2026-06-30 09:36:57
1470,198,FAVORITE,2026-07-11 07:17:35
1470,184,VIEW,2026-07-11 21:29:31
1470,202,SHARE,2026-07-12 19:30:22
1470,202,SEARCH,2026-07-26 04:15:43
1470,201,SEARCH,2026-07-28 12:27:00
1471,212,VIEW,2025-08-30 13:25:56
1471,208,SEARCH,2025-09-01 08:01:09
1471,183,VIEW,2025-09-05 21:47:28
1471,192,VIEW,2025-09-17 01:23:10
1471,206,ADD_TO_CART,2025-09-18 06:03:11
1471,199,VIEW,2025-09-18 08:11:15
1471,206,ADD_TO_CART,2025-10-01 06:49:17
1471,209,VIEW,2025-10-23 12:06:55
1471,190,VIEW,2025-10-25 04:59:47
1471,207,VIEW,2025-10-27 11:00:33
1471,199,VIEW,2025-11-01 15:24:47
1471,207,ADD_TO_CART,2025-11-08 15:26:00
1471,187,SEARCH,2025-11-09 20:28:04
1471,194,VIEW,2025-11-10 13:43:34
1471,210,VIEW,2025-11-19 08:15:08
1471,208,VIEW,2025-11-20 01:44:07
1471,207,SEARCH,2025-12-01 13:04:56
1471,180,ADD_TO_CART,2025-12-01 18:49:30
1471,208,VIEW,2025-12-03 15:47:29
1471,206,FAVORITE,2025-12-11 08:15:25
1471,207,VIEW,2025-12-17 03:58:25
1471,207,ADD_TO_CART,2025-12-21 14:54:01
1471,186,VIEW,2025-12-29 00:47:31
1471,207,SEARCH,2026-01-01 14:18:44
1471,199,VIEW,2026-01-04 19:37:13
1471,187,VIEW,2026-01-13 15:52:04
1471,197,VIEW,2026-01-17 18:27:35
1471,188,VIEW,2026-01-25 18:23:53
1471,206,VIEW,2026-02-03 11:45:57
1471,212,SEARCH,2026-02-07 07:49:24
1471,207,VIEW,2026-02-12 03:20:28
1471,214,SEARCH,2026-02-13 10:25:05
1471,210,VIEW,2026-02-15 12:45:53
1471,210,FAVORITE,2026-03-02 05:45:12
1471,199,VIEW,2026-03-17 06:46:15
1471,194,VIEW,2026-03-24 18:15:26
1471,194,VIEW,2026-03-25 16:47:18
1471,195,VIEW,2026-03-27 14:48:28
1471,207,VIEW,2026-04-01 08:55:27
1471,201,VIEW,2026-04-07 05:40:44
1471,207,VIEW,2026-04-11 20:35:01
1471,208,SEARCH,2026-04-15 17:51:45
1471,200,VIEW,2026-04-15 22:59:06
1471,218,ADD_TO_CART,2026-04-20 20:16:18
1471,190,VIEW,2026-04-22 06:40:37
1471,206,VIEW,2026-05-01 19:32:19
1471,198,VIEW,2026-05-03 11:07:15
1471,213,VIEW,2026-05-07 11:35:58
1471,185,SEARCH,2026-05-09 09:06:49
1471,207,VIEW,2026-05-17 01:34:14
1471,181,ADD_TO_CART,2026-05-28 06:32:05
1471,211,SEARCH,2026-05-29 00:17:43
1471,182,SEARCH,2026-06-01 09:54:48
1471,207,FAVORITE,2026-06-06 19:01:38
1471,208,SEARCH,2026-06-08 00:26:58
1471,199,VIEW,2026-06-09 07:16:59
1471,205,VIEW,2026-06-12 04:34:17
1471,210,SEARCH,2026-06-16 06:59:06
1471,208,SEARCH,2026-06-23 23:59:35
1471,208,VIEW,2026-06-30 22:35:00
1471,202,SEARCH,2026-07-02 03:27:28
1471,197,VIEW,2026-07-03 09:47:00
1472,217,VIEW,2026-01-24 19:07:19
1472,207,SEARCH,2026-01-25 11:18:17
1472,201,VIEW,2026-01-27 20:39:29
1472,187,VIEW,2026-02-02 02:21:14
1472,196,SEARCH,2026-02-03 06:46:34
1472,217,ADD_TO_CART,2026-02-09 09:23:41
1472,179,ADD_TO_CART,2026-02-09 23:08:32
1472,217,VIEW,2026-02-15 09:27:46
1472,195,VIEW,2026-02-18 11:56:37
1472,181,FAVORITE,2026-02-19 16:51:42
1472,187,VIEW,2026-02-21 11:49:25
1472,217,VIEW,2026-02-23 04:32:25
1472,217,VIEW,2026-02-23 13:39:23
1472,197,VIEW,2026-02-25 03:03:46
1472,180,VIEW,2026-03-12 03:20:16
1472,196,SHARE,2026-03-12 20:24:07
1472,195,VIEW,2026-03-14 01:02:35
1472,217,VIEW,2026-03-25 03:51:13
1472,195,VIEW,2026-03-27 04:10:27
1472,194,VIEW,2026-03-28 21:08:45
1472,197,VIEW,2026-03-30 12:29:41
1472,196,SEARCH,2026-03-30 18:44:24
1472,217,VIEW,2026-04-15 08:25:45
1472,211,SEARCH,2026-04-16 10:13:21
1472,217,ADD_TO_CART,2026-04-25 03:40:59
1472,195,ADD_TO_CART,2026-04-25 16:40:38
1472,217,SEARCH,2026-04-27 13:04:13
1472,189,VIEW,2026-04-30 12:05:26
1472,194,SEARCH,2026-04-30 19:11:55
1472,198,VIEW,2026-05-03 20:37:27
1472,185,VIEW,2026-05-09 07:03:16
1472,216,VIEW,2026-05-09 23:42:14
1472,207,VIEW,2026-05-10 02:31:36
1472,206,VIEW,2026-05-11 20:06:03
1472,195,SEARCH,2026-05-11 20:11:20
1472,180,SEARCH,2026-05-14 11:41:01
1472,217,VIEW,2026-05-19 03:14:15
1472,207,VIEW,2026-05-20 21:38:20
1472,217,VIEW,2026-05-21 19:45:57
1472,180,SEARCH,2026-05-24 20:09:07
1472,217,VIEW,2026-05-27 19:14:09
1472,180,VIEW,2026-06-02 22:34:46
1472,196,SEARCH,2026-06-04 07:37:25
1472,199,VIEW,2026-06-08 16:48:10
1472,195,VIEW,2026-06-10 13:17:41
1472,180,VIEW,2026-06-12 08:31:46
1472,188,VIEW,2026-06-13 16:52:17
1472,198,SEARCH,2026-06-15 00:43:33
1472,217,SEARCH,2026-06-17 14:33:31
1472,190,SEARCH,2026-06-20 21:02:13
1472,195,VIEW,2026-06-25 11:54:44
1472,202,VIEW,2026-06-25 20:33:39
1472,217,VIEW,2026-06-29 07:03:02
1472,193,VIEW,2026-07-11 13:55:30
1472,214,VIEW,2026-07-12 13:02:00
1473,208,VIEW,2025-07-12 04:28:57
1473,207,ADD_TO_CART,2025-07-18 07:09:42
1473,182,VIEW,2025-07-18 13:46:56
1473,181,VIEW,2025-07-19 15:18:36
1473,208,VIEW,2025-07-30 10:04:35
1473,201,VIEW,2025-08-14 12:11:22
1473,218,ADD_TO_CART,2025-08-20 21:56:53
1473,210,SHARE,2025-09-17 16:46:28
1473,197,VIEW,2025-09-23 03:40:20
1473,199,VIEW,2025-09-24 19:00:29
1473,209,VIEW,2025-10-13 21:06:19
1473,190,ADD_TO_CART,2025-10-18 11:17:04
1473,208,VIEW,2025-11-10 12:10:39
1473,207,VIEW,2025-11-17 21:07:24
1473,193,ADD_TO_CART,2025-11-20 19:13:44
1473,208,VIEW,2025-11-21 23:17:49
1473,210,VIEW,2025-12-19 22:32:29
1473,206,ADD_TO_CART,2026-01-29 16:31:12
1473,210,VIEW,2026-01-29 23:44:20
1473,190,VIEW,2026-02-06 06:44:00
1473,206,SEARCH,2026-02-08 16:36:11
1473,207,VIEW,2026-02-12 07:17:14
1473,208,VIEW,2026-02-19 00:05:04
1473,181,ADD_TO_CART,2026-03-01 05:01:57
1473,206,VIEW,2026-03-09 05:54:34
1473,194,SEARCH,2026-03-11 18:55:39
1473,194,VIEW,2026-03-25 00:46:07
1473,210,VIEW,2026-04-09 03:20:46
1473,180,VIEW,2026-04-09 08:41:36
1473,217,VIEW,2026-04-14 19:56:39
1473,197,VIEW,2026-04-29 00:13:14
1473,208,VIEW,2026-05-27 22:28:27
1473,208,VIEW,2026-06-10 11:01:55
1473,210,VIEW,2026-06-30 09:07:00
1474,184,VIEW,2025-05-09 17:11:59
1474,202,VIEW,2025-06-06 15:24:44
1474,195,VIEW,2025-06-07 15:26:19
1474,181,ADD_TO_CART,2025-06-16 06:22:33
1474,200,VIEW,2025-06-26 15:44:49
1474,190,VIEW,2025-06-28 06:40:41
1474,210,FAVORITE,2025-06-30 01:57:35
1474,183,VIEW,2025-07-14 00:07:21
1474,187,VIEW,2025-07-18 17:00:58
1474,202,VIEW,2025-08-01 07:12:26
1474,182,VIEW,2025-08-21 02:09:04
1474,183,SEARCH,2025-09-03 07:09:19
1474,201,SEARCH,2025-10-05 23:19:10
1474,188,ADD_TO_CART,2025-10-08 11:32:50
1474,181,VIEW,2025-10-11 09:48:00
1474,181,VIEW,2025-10-25 23:20:22
1474,201,SEARCH,2025-10-30 13:57:11
1474,179,VIEW,2025-11-13 01:56:45
1474,184,ADD_TO_CART,2025-12-08 15:43:33
1474,185,SEARCH,2025-12-30 16:02:25
1474,182,VIEW,2026-01-12 05:39:00
1474,181,FAVORITE,2026-01-16 05:23:06
1474,209,VIEW,2026-01-16 21:38:15
1474,192,VIEW,2026-01-24 08:30:52
1474,183,VIEW,2026-02-07 18:08:40
1474,207,VIEW,2026-02-14 05:50:39
1474,184,VIEW,2026-02-28 08:22:03
1474,201,FAVORITE,2026-03-24 05:04:08
1474,184,VIEW,2026-04-19 07:26:43
1474,194,VIEW,2026-04-24 04:40:05
1474,193,VIEW,2026-04-24 13:27:07
1474,183,VIEW,2026-04-26 17:57:24
1474,184,VIEW,2026-04-27 08:15:23
1474,202,VIEW,2026-04-29 20:36:02
1474,202,VIEW,2026-05-03 05:37:02
1474,200,FAVORITE,2026-05-09 15:18:25
1474,183,SEARCH,2026-05-17 23:52:02
1474,183,VIEW,2026-06-08 14:35:01
1474,183,VIEW,2026-06-11 14:19:00
1475,189,SHARE,2025-02-19 07:59:01
1475,206,SEARCH,2025-04-11 04:40:36
1475,210,SHARE,2025-04-12 11:04:20
1475,190,SHARE,2025-04-22 19:45:33
1475,180,VIEW,2025-05-02 23:21:58
1475,191,VIEW,2025-05-05 17:06:06
1475,183,VIEW,2025-08-03 06:01:52
1475,199,SEARCH,2025-08-13 01:55:39
1475,209,ADD_TO_CART,2025-10-05 10:38:55
1475,210,VIEW,2026-02-07 10:07:15
1475,190,VIEW,2026-03-23 07:02:04
1475,193,VIEW,2026-03-28 14:43:00
1476,185,VIEW,2025-04-15 04:36:11
1476,196,SEARCH,2025-04-24 09:57:51
1476,207,SEARCH,2025-04-26 05:38:34
1476,197,FAVORITE,2025-05-10 19:07:31
1476,191,VIEW,2025-05-11 00:06:31
1476,188,VIEW,2025-05-18 23:00:19
1476,188,SEARCH,2025-05-18 23:59:28
1476,207,ADD_TO_CART,2025-05-25 00:17:17
1476,207,VIEW,2025-05-27 19:43:57
1476,207,ADD_TO_CART,2025-05-29 04:50:58
1476,215,SEARCH,2025-06-05 08:24:56
1476,203,VIEW,2025-06-11 00:04:20
1476,186,SEARCH,2025-06-27 00:03:20
1476,189,ADD_TO_CART,2025-06-27 03:44:44
1476,207,VIEW,2025-07-04 06:59:51
1476,187,VIEW,2025-07-04 22:09:08
1476,207,ADD_TO_CART,2025-07-25 10:40:41
1476,206,SEARCH,2025-09-01 08:24:09
1476,187,VIEW,2025-09-01 12:55:07
1476,213,SEARCH,2025-09-09 12:07:00
1476,207,VIEW,2025-10-08 18:12:16
1476,206,VIEW,2025-10-14 00:42:20
1476,207,SHARE,2025-10-17 15:34:03
1476,202,VIEW,2025-11-18 05:48:38
1476,187,ADD_TO_CART,2025-11-25 11:55:48
1476,205,VIEW,2025-11-29 08:26:07
1476,186,VIEW,2025-12-07 11:13:36
1476,186,VIEW,2025-12-08 08:57:23
1476,207,VIEW,2025-12-10 07:16:56
1476,187,SEARCH,2025-12-18 03:09:04
1476,217,VIEW,2025-12-28 06:39:36
1476,186,SEARCH,2026-01-08 09:04:20
1476,208,SEARCH,2026-01-08 09:33:44
1476,197,ADD_TO_CART,2026-01-14 07:07:06
1476,214,VIEW,2026-01-19 07:07:10
1476,210,VIEW,2026-02-08 15:50:15
1476,208,VIEW,2026-02-19 10:10:49
1476,198,SHARE,2026-02-24 16:42:16
1476,192,VIEW,2026-03-17 15:28:44
1476,208,VIEW,2026-03-26 06:46:04
1476,205,VIEW,2026-03-30 05:04:25
1476,208,FAVORITE,2026-04-15 19:13:09
1476,185,FAVORITE,2026-05-06 08:38:48
1476,207,VIEW,2026-05-25 04:49:17
1476,203,VIEW,2026-07-07 10:16:00
1477,198,VIEW,2026-01-02 06:04:16
1477,205,VIEW,2026-01-06 09:58:05
1477,198,ADD_TO_CART,2026-01-07 19:48:26
1477,197,VIEW,2026-01-10 07:37:39
1477,180,ADD_TO_CART,2026-01-13 08:08:52
1477,186,VIEW,2026-01-23 17:27:19
1477,194,VIEW,2026-01-26 02:04:40
1477,198,VIEW,2026-02-01 00:50:01
1477,210,VIEW,2026-02-01 08:56:48
1477,209,VIEW,2026-02-02 18:31:59
1477,198,VIEW,2026-02-06 00:00:55
1477,218,VIEW,2026-02-20 12:31:56
1477,199,VIEW,2026-02-28 09:46:07
1477,192,SEARCH,2026-03-01 13:18:21
1477,180,VIEW,2026-03-06 19:39:24
1477,180,VIEW,2026-03-08 04:25:00
1477,198,SEARCH,2026-03-17 07:30:49
1477,212,VIEW,2026-03-18 08:52:44
1477,217,SEARCH,2026-03-19 16:40:26
1477,179,VIEW,2026-03-21 13:27:59
1477,215,VIEW,2026-03-24 01:32:37
1477,204,VIEW,2026-04-04 09:12:25
1477,180,VIEW,2026-04-06 05:56:19
1477,215,FAVORITE,2026-04-06 17:47:02
1477,184,VIEW,2026-04-07 19:06:06
1477,183,VIEW,2026-04-08 12:50:18
1477,197,VIEW,2026-04-09 08:21:09
1477,184,FAVORITE,2026-04-11 07:12:50
1477,197,VIEW,2026-04-14 21:59:27
1477,185,VIEW,2026-04-20 10:54:37
1477,180,VIEW,2026-04-29 06:51:50
1477,180,VIEW,2026-04-30 10:43:37
1477,181,VIEW,2026-05-03 20:51:34
1477,187,FAVORITE,2026-05-14 19:22:21
1477,209,VIEW,2026-05-18 03:32:54
1477,181,VIEW,2026-05-19 05:51:38
1477,180,VIEW,2026-05-21 00:58:52
1477,180,VIEW,2026-05-21 20:53:23
1477,188,VIEW,2026-05-30 23:15:24
1477,180,FAVORITE,2026-05-31 01:17:58
1477,196,VIEW,2026-05-31 17:25:35
1477,194,VIEW,2026-06-07 23:43:50
1477,181,VIEW,2026-06-11 12:29:34
1477,195,VIEW,2026-06-14 21:29:34
1477,214,VIEW,2026-06-16 09:13:41
1477,179,VIEW,2026-06-21 00:06:16
1477,181,VIEW,2026-06-27 16:13:00
1478,181,VIEW,2026-01-04 18:01:55
1478,199,SEARCH,2026-01-05 12:51:40
1478,180,VIEW,2026-01-08 09:25:45
1478,194,ADD_TO_CART,2026-01-09 21:59:40
1478,184,VIEW,2026-01-14 11:48:55
1478,182,VIEW,2026-01-19 18:52:11
1478,179,VIEW,2026-01-21 01:44:15
1478,197,FAVORITE,2026-01-22 18:27:31
1478,181,ADD_TO_CART,2026-01-23 21:09:28
1478,198,VIEW,2026-01-25 01:16:34
1478,186,VIEW,2026-01-31 03:22:03
1478,197,SEARCH,2026-01-31 14:02:00
1478,199,SEARCH,2026-02-03 08:17:43
1478,183,SEARCH,2026-02-11 17:49:15
1478,197,VIEW,2026-02-13 14:38:37
1478,179,SEARCH,2026-02-20 08:59:44
1478,179,VIEW,2026-02-25 04:18:14
1478,217,VIEW,2026-02-26 15:45:18
1478,197,SEARCH,2026-03-01 16:02:13
1478,179,VIEW,2026-03-02 05:53:27
1478,192,SEARCH,2026-03-03 18:36:26
1478,207,SHARE,2026-03-05 04:52:03
1478,181,VIEW,2026-03-05 09:23:19
1478,189,ADD_TO_CART,2026-03-06 08:11:33
1478,184,SHARE,2026-03-07 22:43:02
1478,182,SEARCH,2026-03-11 08:48:11
1478,199,ADD_TO_CART,2026-03-15 00:44:02
1478,199,VIEW,2026-03-15 00:57:52
1478,179,SEARCH,2026-03-15 07:30:10
1478,183,SEARCH,2026-03-15 23:11:14
1478,179,ADD_TO_CART,2026-03-20 14:02:23
1478,202,ADD_TO_CART,2026-03-28 21:16:32
1478,202,VIEW,2026-03-29 04:22:08
1478,204,ADD_TO_CART,2026-03-30 03:34:57
1478,197,ADD_TO_CART,2026-03-30 13:29:18
1478,181,SEARCH,2026-04-04 19:02:54
1478,197,VIEW,2026-04-05 11:23:01
1478,189,SEARCH,2026-04-10 12:29:10
1478,182,VIEW,2026-04-12 19:32:48
1478,181,VIEW,2026-04-13 22:41:15
1478,194,FAVORITE,2026-04-18 11:23:53
1478,181,VIEW,2026-04-20 12:30:58
1478,199,SHARE,2026-04-21 04:42:40
1478,180,VIEW,2026-04-21 19:16:49
1478,180,SHARE,2026-04-21 20:40:10
1478,210,SEARCH,2026-04-23 05:00:53
1478,181,VIEW,2026-04-23 09:39:26
1478,192,SEARCH,2026-04-25 00:51:24
1478,182,VIEW,2026-04-26 13:32:14
1478,181,ADD_TO_CART,2026-04-28 08:19:18
1478,181,SHARE,2026-04-29 06:49:40
1478,192,SEARCH,2026-05-10 21:39:38
1478,202,VIEW,2026-05-11 02:00:38
1478,201,VIEW,2026-05-13 01:19:27
1478,198,VIEW,2026-05-14 22:52:06
1478,198,VIEW,2026-05-21 17:11:50
1478,197,VIEW,2026-05-22 16:59:36
1478,199,VIEW,2026-05-26 13:51:49
1478,191,VIEW,2026-05-27 10:15:44
1478,187,ADD_TO_CART,2026-05-30 05:40:40
1478,217,SHARE,2026-05-30 12:10:13
1478,182,SEARCH,2026-06-03 05:34:15
1478,197,SEARCH,2026-06-14 20:45:43
1478,197,ADD_TO_CART,2026-06-19 12:59:00
1479,196,SEARCH,2024-09-22 18:08:08
1479,212,FAVORITE,2024-10-13 01:59:53
1479,192,VIEW,2024-10-16 07:47:08
1479,212,SHARE,2024-10-16 12:38:19
1479,214,FAVORITE,2024-10-25 10:06:26
1479,201,ADD_TO_CART,2025-01-23 23:36:43
1479,212,ADD_TO_CART,2025-02-25 17:32:00
1479,203,SEARCH,2025-03-03 01:13:10
1479,212,ADD_TO_CART,2025-03-11 16:50:33
1479,192,VIEW,2025-03-27 20:48:13
1479,211,ADD_TO_CART,2025-04-18 04:21:59
1479,203,VIEW,2025-05-20 00:21:07
1479,191,SEARCH,2025-06-01 16:00:40
1479,185,ADD_TO_CART,2025-06-04 11:24:46
1479,211,SEARCH,2025-06-10 14:58:22
1479,194,VIEW,2025-06-11 19:37:01
1479,184,VIEW,2025-08-01 04:02:57
1479,190,VIEW,2025-08-04 18:32:44
1479,209,VIEW,2025-08-10 15:03:32
1479,183,VIEW,2025-08-30 00:23:30
1479,180,FAVORITE,2025-09-29 10:38:19
1479,184,VIEW,2025-10-11 23:04:16
1479,212,VIEW,2025-10-22 02:29:48
1479,187,SEARCH,2025-11-21 06:55:31
1479,212,VIEW,2026-01-25 18:51:51
1479,192,VIEW,2026-01-27 20:40:57
1479,187,VIEW,2026-02-06 11:47:56
1479,211,FAVORITE,2026-03-12 09:31:56
1479,212,FAVORITE,2026-03-15 17:03:13
1479,204,VIEW,2026-04-01 14:42:57
1479,203,SEARCH,2026-05-03 13:48:00
1480,196,SEARCH,2025-07-13 05:51:26
1480,185,VIEW,2025-07-14 07:00:58
1480,186,VIEW,2025-07-15 14:28:35
1480,203,VIEW,2025-07-20 12:59:43
1480,213,ADD_TO_CART,2025-07-24 17:06:26
1480,181,ADD_TO_CART,2025-08-07 23:14:58
1480,187,FAVORITE,2025-08-23 18:23:07
1480,185,VIEW,2025-08-24 02:16:15
1480,188,VIEW,2025-08-25 21:56:56
1480,187,FAVORITE,2025-09-17 06:35:01
1480,215,SEARCH,2025-09-26 14:05:29
1480,205,ADD_TO_CART,2025-10-24 20:21:29
1480,188,FAVORITE,2025-10-26 16:10:21
1480,205,SEARCH,2025-10-30 15:01:03
1480,216,SEARCH,2025-11-09 23:08:27
1480,215,VIEW,2025-11-22 00:31:02
1480,203,ADD_TO_CART,2025-11-27 00:05:29
1480,192,SEARCH,2025-12-04 02:35:41
1480,187,SEARCH,2025-12-04 05:51:33
1480,204,ADD_TO_CART,2025-12-15 10:52:29
1480,200,VIEW,2025-12-15 17:20:10
1480,185,FAVORITE,2025-12-16 13:04:08
1480,203,VIEW,2026-01-01 00:04:36
1480,188,SHARE,2026-01-04 21:34:09
1480,216,SHARE,2026-01-14 15:06:05
1480,210,VIEW,2026-01-23 15:19:35
1480,196,SEARCH,2026-01-27 18:26:13
1480,185,SEARCH,2026-01-29 10:47:14
1480,195,SEARCH,2026-02-04 13:59:44
1480,188,SEARCH,2026-02-06 11:48:55
1480,188,VIEW,2026-02-07 15:33:33
1480,203,VIEW,2026-02-12 12:31:58
1480,203,VIEW,2026-02-13 02:02:07
1480,203,VIEW,2026-02-18 04:06:11
1480,187,FAVORITE,2026-02-24 03:32:12
1480,186,VIEW,2026-03-04 19:56:01
1480,205,SEARCH,2026-03-07 16:03:20
1480,186,VIEW,2026-03-12 06:46:53
1480,203,VIEW,2026-03-19 18:27:04
1480,186,VIEW,2026-03-24 00:56:36
1480,195,SEARCH,2026-04-02 17:06:27
1480,193,VIEW,2026-04-03 18:19:40
1480,182,VIEW,2026-04-06 17:40:24
1480,208,VIEW,2026-04-14 06:26:31
1480,203,VIEW,2026-05-03 16:11:31
1480,198,SEARCH,2026-05-12 22:08:24
1480,203,VIEW,2026-05-17 15:16:31
1480,185,VIEW,2026-06-01 10:45:35
1480,215,VIEW,2026-06-01 16:29:43
1480,203,ADD_TO_CART,2026-06-02 04:41:21
1480,194,ADD_TO_CART,2026-06-09 00:40:54
1480,187,SEARCH,2026-06-19 03:45:48
1480,217,SEARCH,2026-07-01 22:20:18
1480,205,VIEW,2026-07-06 15:52:03
1480,203,VIEW,2026-07-15 11:10:00
1481,194,SHARE,2025-03-25 15:08:33
1481,211,ADD_TO_CART,2025-04-06 11:23:06
1481,213,VIEW,2025-04-13 22:44:30
1481,179,ADD_TO_CART,2025-05-22 17:51:26
1481,181,VIEW,2025-05-29 10:06:45
1481,209,VIEW,2025-06-06 12:46:41
1481,212,VIEW,2025-10-06 02:16:42
1481,194,SEARCH,2026-02-14 09:44:00
1482,199,VIEW,2025-12-01 07:46:04
1482,181,VIEW,2025-12-07 09:09:05
1482,213,VIEW,2025-12-07 21:13:14
1482,193,VIEW,2025-12-08 14:49:13
1482,185,VIEW,2025-12-19 05:36:55
1482,217,VIEW,2026-01-06 00:07:16
1482,203,ADD_TO_CART,2026-01-08 10:03:00
1483,213,SEARCH,2025-08-08 16:51:33
1483,208,FAVORITE,2025-08-10 23:19:22
1483,205,VIEW,2025-08-29 17:56:34
1483,206,FAVORITE,2025-09-14 13:46:39
1483,187,VIEW,2025-09-18 17:09:14
1483,208,SEARCH,2025-11-10 15:09:07
1483,187,VIEW,2025-11-12 12:35:16
1483,195,VIEW,2025-11-14 18:24:21
1483,200,VIEW,2026-01-06 18:49:25
1483,193,VIEW,2026-01-20 16:57:28
1483,208,VIEW,2026-01-20 20:27:39
1483,185,VIEW,2026-01-22 10:27:54
1483,202,SEARCH,2026-02-01 23:58:14
1483,203,VIEW,2026-02-10 05:13:48
1483,203,VIEW,2026-03-22 08:06:47
1483,205,ADD_TO_CART,2026-03-23 15:04:02
1483,204,SEARCH,2026-03-30 19:03:07
1483,185,VIEW,2026-04-03 06:13:19
1483,190,SEARCH,2026-04-09 16:07:42
1483,188,VIEW,2026-04-15 00:15:04
1483,214,VIEW,2026-04-18 18:44:05
1483,186,VIEW,2026-05-15 18:50:00
1484,181,ADD_TO_CART,2025-01-05 22:50:34
1484,184,SEARCH,2025-01-23 12:30:33
1484,198,VIEW,2025-03-29 23:46:01
1484,208,VIEW,2025-04-13 19:08:43
1484,180,VIEW,2025-05-01 23:06:42
1484,180,VIEW,2025-05-05 18:54:43
1484,180,SEARCH,2025-05-13 20:02:57
1484,198,VIEW,2025-05-18 02:11:04
1484,199,VIEW,2025-05-18 16:45:32
1484,181,VIEW,2025-06-13 18:38:46
1484,217,VIEW,2025-06-16 01:42:18
1484,195,VIEW,2025-07-08 23:34:42
1484,210,VIEW,2025-07-18 09:01:56
1484,203,VIEW,2025-08-01 05:29:42
1484,180,FAVORITE,2025-08-08 23:55:45
1484,180,VIEW,2025-09-27 23:04:58
1484,199,SEARCH,2025-10-06 10:12:51
1484,181,VIEW,2025-10-15 16:53:41
1484,195,SEARCH,2025-10-16 20:55:33
1484,181,SHARE,2025-10-23 15:41:36
1484,199,VIEW,2025-10-25 00:27:57
1484,199,ADD_TO_CART,2025-10-29 05:31:23
1484,181,VIEW,2025-10-29 13:05:48
1484,180,VIEW,2025-11-04 12:05:58
1484,187,ADD_TO_CART,2025-11-09 04:22:58
1484,199,SEARCH,2025-11-14 11:08:26
1484,196,ADD_TO_CART,2025-11-15 20:26:01
1484,184,VIEW,2025-11-22 09:05:04
1484,205,ADD_TO_CART,2025-11-25 08:57:43
1484,196,SEARCH,2025-11-28 11:28:30
1484,191,VIEW,2025-12-09 16:25:43
1484,188,VIEW,2025-12-13 01:59:55
1484,179,SEARCH,2025-12-15 14:57:47
1484,204,SEARCH,2026-01-02 12:03:21
1484,179,ADD_TO_CART,2026-01-07 06:52:36
1484,189,VIEW,2026-01-24 13:09:14
1484,217,VIEW,2026-02-06 18:22:25
1484,199,VIEW,2026-02-23 05:52:21
1484,197,ADD_TO_CART,2026-03-18 16:06:21
1484,217,SEARCH,2026-05-01 06:23:19
1484,180,VIEW,2026-05-26 13:10:44
1484,199,VIEW,2026-06-16 22:33:18
1484,196,VIEW,2026-06-30 08:55:18
1484,180,SHARE,2026-07-09 15:00:59
1484,180,VIEW,2026-07-16 10:50:00
1485,205,VIEW,2024-12-06 18:41:43
1485,200,SEARCH,2025-01-19 07:45:59
1485,182,SEARCH,2025-02-13 14:52:15
1485,186,VIEW,2025-02-13 22:04:56
1485,190,SHARE,2025-02-23 11:30:11
1485,193,VIEW,2025-03-08 19:38:40
1485,205,VIEW,2025-04-18 03:39:19
1485,182,VIEW,2025-04-28 14:04:44
1485,203,FAVORITE,2025-05-30 11:07:40
1485,203,FAVORITE,2025-06-10 03:48:58
1485,202,VIEW,2025-07-11 03:38:57
1485,205,VIEW,2025-07-23 13:01:21
1485,185,ADD_TO_CART,2025-08-21 14:29:25
1485,213,VIEW,2025-11-06 14:29:45
1485,211,SEARCH,2025-11-23 05:04:41
1485,188,VIEW,2026-01-28 08:13:13
1485,215,VIEW,2026-05-02 00:35:17
1485,184,ADD_TO_CART,2026-05-17 06:54:56
1485,203,VIEW,2026-06-22 11:15:00
1486,209,FAVORITE,2025-12-01 02:43:14
1486,217,VIEW,2025-12-07 08:25:01
1486,209,SEARCH,2025-12-09 17:18:02
1486,184,VIEW,2025-12-19 00:37:18
1486,209,SEARCH,2025-12-26 13:02:37
1486,194,VIEW,2025-12-30 01:09:26
1486,205,VIEW,2026-01-05 02:28:54
1486,203,VIEW,2026-01-06 23:27:11
1486,209,ADD_TO_CART,2026-01-08 03:15:09
1486,196,SEARCH,2026-01-20 00:53:41
1486,190,ADD_TO_CART,2026-01-22 07:09:59
1486,209,VIEW,2026-01-24 06:17:38
1486,205,VIEW,2026-01-26 06:13:12
1486,216,VIEW,2026-01-26 23:45:37
1486,209,SEARCH,2026-01-29 10:01:25
1486,202,VIEW,2026-02-01 02:11:31
1486,180,FAVORITE,2026-02-02 22:13:05
1486,210,VIEW,2026-02-07 04:50:25
1486,210,VIEW,2026-02-07 20:42:35
1486,189,VIEW,2026-02-13 02:05:42
1486,190,VIEW,2026-02-14 09:15:46
1486,215,VIEW,2026-02-14 20:49:35
1486,192,SEARCH,2026-02-17 19:03:13
1486,184,SEARCH,2026-02-19 06:45:41
1486,201,VIEW,2026-02-20 05:36:01
1486,210,VIEW,2026-02-21 22:57:27
1486,209,FAVORITE,2026-02-24 18:54:39
1486,209,FAVORITE,2026-02-25 10:09:17
1486,196,ADD_TO_CART,2026-02-25 11:05:25
1486,189,VIEW,2026-02-26 10:15:51
1486,210,SEARCH,2026-02-28 22:12:45
1486,181,VIEW,2026-03-01 04:20:55
1486,204,SEARCH,2026-03-03 15:39:47
1486,210,VIEW,2026-03-04 21:08:39
1486,191,VIEW,2026-03-10 14:58:04
1486,196,VIEW,2026-03-17 18:12:28
1486,190,VIEW,2026-03-20 22:43:44
1486,217,VIEW,2026-03-24 13:48:28
1486,209,VIEW,2026-03-29 03:53:47
1486,194,VIEW,2026-03-30 06:35:20
1486,217,SEARCH,2026-03-31 00:44:39
1486,210,VIEW,2026-04-01 11:49:43
1486,189,SEARCH,2026-04-01 13:56:58
1486,215,VIEW,2026-04-01 23:58:14
1486,185,VIEW,2026-04-04 12:38:12
1486,210,FAVORITE,2026-04-05 03:04:48
1486,208,SEARCH,2026-04-06 21:57:12
1486,213,SEARCH,2026-04-10 00:45:56
1486,212,VIEW,2026-04-22 08:17:57
1486,208,SEARCH,2026-04-22 21:51:06
1486,197,SEARCH,2026-04-29 20:46:59
1486,207,VIEW,2026-05-04 00:03:51
1486,195,ADD_TO_CART,2026-05-04 23:03:47
1486,189,VIEW,2026-05-05 18:09:30
1486,210,ADD_TO_CART,2026-05-10 06:48:29
1486,209,SEARCH,2026-05-10 15:20:36
1486,209,VIEW,2026-05-16 08:14:43
1486,184,VIEW,2026-05-18 08:07:45
1486,210,SEARCH,2026-05-20 05:52:44
1486,203,SHARE,2026-05-20 14:51:29
1486,192,VIEW,2026-05-22 08:23:15
1486,218,FAVORITE,2026-05-22 16:36:01
1486,195,SEARCH,2026-05-23 05:47:01
1486,188,VIEW,2026-05-26 08:40:47
1486,188,VIEW,2026-05-27 10:42:34
1486,190,SEARCH,2026-05-30 21:06:47
1486,197,ADD_TO_CART,2026-06-01 15:13:20
1486,193,SEARCH,2026-06-02 14:13:51
1486,189,SEARCH,2026-06-04 13:29:21
1486,191,ADD_TO_CART,2026-06-04 21:23:06
1486,210,VIEW,2026-06-07 04:28:37
1486,217,VIEW,2026-06-07 11:53:48
1486,210,VIEW,2026-06-10 07:29:30
1486,189,VIEW,2026-06-13 17:22:00
1487,186,VIEW,2025-04-30 15:27:28
1487,190,SEARCH,2025-05-11 10:00:31
1487,190,SEARCH,2025-05-16 01:04:02
1487,210,VIEW,2025-06-05 21:25:09
1487,205,SEARCH,2025-06-17 03:13:29
1487,204,VIEW,2025-07-11 03:37:24
1487,191,VIEW,2025-07-18 09:46:31
1487,210,VIEW,2025-07-21 22:21:10
1487,213,SEARCH,2025-07-26 05:46:15
1487,209,VIEW,2025-08-10 12:19:03
1487,205,VIEW,2025-08-10 18:01:31
1487,218,VIEW,2025-08-20 14:43:52
1487,210,VIEW,2025-08-27 15:35:42
1487,186,SEARCH,2025-09-05 03:13:07
1487,186,VIEW,2025-09-13 12:12:08
1487,185,SEARCH,2025-09-13 14:27:40
1487,184,VIEW,2025-10-02 09:43:48
1487,188,VIEW,2025-10-12 06:57:05
1487,217,FAVORITE,2025-10-28 17:31:49
1487,202,VIEW,2025-11-01 00:05:42
1487,182,VIEW,2025-11-05 05:18:28
1487,203,VIEW,2025-11-10 13:31:40
1487,203,VIEW,2025-11-16 09:53:12
1487,210,VIEW,2025-11-17 05:26:07
1487,185,SEARCH,2025-11-24 04:59:41
1487,204,ADD_TO_CART,2025-12-10 08:51:26
1487,205,VIEW,2025-12-17 21:00:19
1487,210,ADD_TO_CART,2026-01-28 12:00:36
1487,197,VIEW,2026-02-08 12:27:06
1487,188,VIEW,2026-02-15 16:44:16
1487,205,VIEW,2026-02-17 03:36:03
1487,214,VIEW,2026-03-07 13:14:55
1487,186,VIEW,2026-03-15 20:02:04
1487,198,VIEW,2026-03-25 17:46:12
1487,204,SEARCH,2026-03-28 03:30:52
1487,209,VIEW,2026-04-16 15:53:08
1487,210,VIEW,2026-05-20 20:10:14
1487,205,SEARCH,2026-05-28 16:28:37
1487,187,VIEW,2026-06-09 02:16:19
1487,211,VIEW,2026-07-02 10:31:00
1488,199,VIEW,2026-04-30 21:38:54
1488,199,VIEW,2026-05-01 15:32:26
1488,182,SEARCH,2026-05-01 20:13:02
1488,190,ADD_TO_CART,2026-05-03 04:01:44
1488,210,VIEW,2026-05-03 23:31:57
1488,183,VIEW,2026-05-04 02:09:45
1488,209,SHARE,2026-05-05 07:04:17
1488,209,FAVORITE,2026-05-05 08:28:55
1488,214,VIEW,2026-05-07 14:39:43
1488,209,VIEW,2026-05-10 19:36:54
1488,183,VIEW,2026-05-11 04:30:46
1488,213,VIEW,2026-05-11 13:59:41
1488,209,SEARCH,2026-05-12 02:35:26
1488,201,SEARCH,2026-05-12 14:24:12
1488,209,VIEW,2026-05-13 08:28:08
1488,203,ADD_TO_CART,2026-05-14 06:26:41
1488,179,VIEW,2026-05-15 01:25:43
1488,191,VIEW,2026-05-15 02:39:22
1488,209,FAVORITE,2026-05-15 03:28:53
1488,189,SHARE,2026-05-15 10:00:00
1488,189,ADD_TO_CART,2026-05-15 10:17:35
1488,203,SEARCH,2026-05-15 19:49:29
1488,187,VIEW,2026-05-15 21:42:15
1488,181,VIEW,2026-05-16 10:08:43
1488,186,VIEW,2026-05-16 13:49:03
1488,181,VIEW,2026-05-17 04:26:08
1488,200,SEARCH,2026-05-17 12:40:40
1488,181,VIEW,2026-05-17 13:19:38
1488,193,ADD_TO_CART,2026-05-19 21:15:43
1488,201,VIEW,2026-05-20 07:46:55
1488,210,SEARCH,2026-05-21 15:06:33
1488,209,SEARCH,2026-05-22 04:39:09
1488,208,VIEW,2026-05-22 07:20:48
1488,212,SEARCH,2026-05-22 13:07:00
1488,185,VIEW,2026-05-24 06:01:07
1488,208,SEARCH,2026-05-24 10:08:46
1488,197,ADD_TO_CART,2026-05-25 06:10:56
1488,218,VIEW,2026-05-25 21:51:57
1488,207,VIEW,2026-05-27 23:06:31
1488,198,VIEW,2026-05-28 00:57:59
1488,180,SEARCH,2026-05-30 14:35:00
1489,186,VIEW,2025-01-26 05:48:37
1489,199,ADD_TO_CART,2025-02-14 07:10:31
1489,197,VIEW,2025-02-20 15:07:55
1489,184,VIEW,2025-03-23 21:32:14
1489,218,VIEW,2025-04-14 04:08:08
1489,197,VIEW,2025-04-26 04:32:46
1489,197,SEARCH,2025-05-13 20:38:10
1489,186,VIEW,2025-05-25 05:42:21
1489,184,VIEW,2025-06-17 03:53:16
1489,187,VIEW,2025-07-26 07:13:09
1489,195,SEARCH,2025-09-07 15:14:53
1489,180,SEARCH,2025-09-11 01:09:25
1489,179,SHARE,2025-11-08 09:56:52
1489,197,VIEW,2025-11-22 12:18:00
1490,198,VIEW,2024-11-08 17:26:34
1490,210,SEARCH,2024-11-28 13:06:07
1490,207,SHARE,2025-01-08 04:31:36
1490,209,VIEW,2025-01-13 20:25:41
1490,192,VIEW,2025-01-24 11:45:58
1490,210,SEARCH,2025-01-28 18:24:54
1490,180,SEARCH,2025-01-31 06:19:55
1490,201,VIEW,2025-02-16 02:29:16
1490,207,SEARCH,2025-03-10 00:01:02
1490,191,VIEW,2025-04-20 14:14:24
1490,187,VIEW,2025-05-18 02:55:49
1490,211,VIEW,2025-05-25 07:31:20
1490,209,SEARCH,2025-06-04 14:32:59
1490,210,VIEW,2025-07-17 15:53:00
1490,191,FAVORITE,2025-07-20 15:12:03
1490,199,ADD_TO_CART,2025-07-27 02:58:31
1490,205,ADD_TO_CART,2025-08-02 16:19:29
1490,199,VIEW,2025-09-14 17:10:06
1490,186,SEARCH,2025-09-20 05:47:16
1490,209,SEARCH,2025-10-05 12:50:22
1490,210,VIEW,2025-11-01 14:58:50
1490,197,VIEW,2025-11-09 15:38:21
1490,209,ADD_TO_CART,2025-11-17 20:43:40
1490,189,SEARCH,2025-12-01 01:33:13
1490,189,VIEW,2025-12-07 16:16:25
1490,197,FAVORITE,2026-01-22 17:26:20
1490,197,SEARCH,2026-01-23 21:22:10
1490,194,VIEW,2026-03-04 14:44:12
1490,217,VIEW,2026-03-08 16:53:28
1490,191,SEARCH,2026-03-11 13:43:28
1490,191,VIEW,2026-06-13 09:37:00
1491,213,VIEW,2024-08-04 16:25:51
1491,210,FAVORITE,2024-09-04 01:03:40
1491,217,VIEW,2024-09-10 04:18:35
1491,213,VIEW,2024-10-15 22:42:55
1491,193,VIEW,2024-12-04 15:58:59
1491,187,ADD_TO_CART,2024-12-24 18:36:03
1491,195,VIEW,2025-01-03 08:48:39
1491,201,VIEW,2025-01-07 01:49:43
1491,197,VIEW,2025-01-15 07:11:44
1491,195,SEARCH,2025-01-17 16:53:07
1491,216,SEARCH,2025-01-20 22:05:06
1491,180,FAVORITE,2025-01-21 20:03:09
1491,189,SEARCH,2025-04-02 16:42:26
1491,195,VIEW,2025-04-04 06:11:21
1491,202,SEARCH,2025-04-04 13:40:21
1491,190,SEARCH,2025-04-17 23:29:34
1491,216,VIEW,2025-04-19 08:12:17
1491,195,VIEW,2025-05-23 06:50:43
1491,215,VIEW,2025-07-05 05:15:52
1491,212,SEARCH,2025-07-06 21:30:42
1491,204,VIEW,2025-07-14 07:28:02
1491,217,SHARE,2025-07-21 23:37:31
1491,183,VIEW,2025-08-07 23:27:32
1491,197,SEARCH,2025-08-08 07:16:00
1491,217,ADD_TO_CART,2025-08-24 06:00:45
1491,194,VIEW,2025-09-11 02:55:26
1491,215,VIEW,2025-09-22 00:22:12
1491,189,VIEW,2025-09-24 04:41:58
1491,196,VIEW,2025-09-28 21:29:05
1491,217,FAVORITE,2025-10-12 17:21:26
1491,188,VIEW,2025-10-12 18:15:19
1491,217,VIEW,2025-10-18 23:39:30
1491,216,SEARCH,2025-10-22 08:22:41
1491,214,VIEW,2025-10-26 08:06:25
1491,216,VIEW,2025-11-01 06:21:31
1491,185,VIEW,2025-11-26 16:00:54
1491,185,VIEW,2025-12-21 14:55:37
1491,217,VIEW,2026-01-09 14:38:42
1491,190,VIEW,2026-01-25 16:42:49
1491,208,SEARCH,2026-01-31 12:25:59
1491,195,VIEW,2026-02-04 08:18:39
1491,196,VIEW,2026-03-01 22:34:22
1491,215,VIEW,2026-03-13 10:26:37
1491,195,VIEW,2026-03-14 01:03:06
1491,213,VIEW,2026-03-19 01:44:57
1491,203,SEARCH,2026-04-10 12:59:00
1491,185,SEARCH,2026-04-18 08:47:28
1491,203,VIEW,2026-04-24 20:19:53
1491,217,VIEW,2026-05-15 07:43:05
1491,217,SHARE,2026-05-17 04:08:59
1491,217,ADD_TO_CART,2026-05-24 18:23:22
1491,196,SEARCH,2026-06-04 05:54:35
1491,215,ADD_TO_CART,2026-06-13 10:04:00
1492,180,VIEW,2024-06-21 22:08:10
1492,207,VIEW,2024-07-10 12:06:00
1492,179,VIEW,2024-08-01 12:17:57
1492,209,FAVORITE,2024-08-17 16:47:53
1492,206,SEARCH,2024-09-14 01:29:27
1492,188,VIEW,2024-09-23 11:21:56
1492,207,SEARCH,2024-09-25 23:47:06
1492,182,FAVORITE,2024-10-02 06:18:13
1492,195,VIEW,2024-10-21 09:17:46
1492,180,ADD_TO_CART,2024-11-30 02:55:18
1492,184,ADD_TO_CART,2024-12-18 07:30:42
1492,179,SEARCH,2024-12-20 03:57:38
1492,197,SEARCH,2025-01-09 02:54:47
1492,206,VIEW,2025-02-05 12:33:17
1492,179,SHARE,2025-03-11 06:10:52
1492,217,VIEW,2025-04-10 22:15:55
1492,209,VIEW,2025-05-10 00:40:39
1492,197,SEARCH,2025-05-16 21:57:15
1492,199,VIEW,2025-05-21 01:18:49
1492,218,SEARCH,2025-05-22 06:22:28
1492,199,VIEW,2025-06-03 15:01:13
1492,179,SHARE,2025-06-09 02:11:26
1492,198,SHARE,2025-06-28 21:46:03
1492,210,VIEW,2025-07-02 02:09:18
1492,194,SEARCH,2025-07-08 16:03:33
1492,199,ADD_TO_CART,2025-07-10 17:00:39
1492,218,VIEW,2025-07-19 15:41:45
1492,199,ADD_TO_CART,2025-08-23 06:47:58
1492,190,VIEW,2025-08-25 03:17:15
1492,204,ADD_TO_CART,2025-08-26 13:30:04
1492,190,SEARCH,2025-08-27 19:30:07
1492,181,VIEW,2025-09-20 08:19:20
1492,208,FAVORITE,2025-10-06 12:31:15
1492,204,SEARCH,2025-11-04 23:51:05
1492,199,VIEW,2025-12-18 05:14:32
1492,218,ADD_TO_CART,2025-12-23 09:17:22
1492,180,VIEW,2025-12-25 03:18:46
1492,204,SEARCH,2026-02-03 10:52:53
1492,216,SEARCH,2026-02-04 17:50:17
1492,213,SEARCH,2026-02-20 19:20:45
1492,191,VIEW,2026-02-22 02:26:09
1492,218,SEARCH,2026-03-24 05:36:04
1492,179,VIEW,2026-03-26 22:43:25
1492,214,VIEW,2026-04-15 00:26:28
1492,218,VIEW,2026-04-27 02:41:15
1492,199,VIEW,2026-05-21 04:29:50
1492,179,VIEW,2026-06-11 10:05:00
1493,213,VIEW,2025-07-21 12:36:33
1493,218,VIEW,2026-01-24 15:59:23
1493,185,VIEW,2026-03-22 06:37:41
1493,217,VIEW,2026-04-08 12:23:08
1493,204,SEARCH,2026-04-29 15:05:00
1494,208,VIEW,2025-01-30 10:44:45
1494,204,ADD_TO_CART,2025-02-12 07:08:46
1494,213,VIEW,2025-03-26 02:31:28
1494,211,SEARCH,2025-04-19 11:08:17
1494,183,VIEW,2025-04-22 19:07:17
1494,202,SEARCH,2025-05-14 05:05:50
1494,207,SHARE,2025-05-19 15:15:54
1494,201,ADD_TO_CART,2025-05-19 21:22:28
1494,202,VIEW,2025-05-24 01:14:44
1494,202,ADD_TO_CART,2025-07-12 09:48:13
1494,201,VIEW,2025-07-21 17:19:29
1494,216,VIEW,2025-08-01 22:50:44
1494,202,VIEW,2025-08-10 13:06:08
1494,208,VIEW,2025-08-21 05:49:43
1494,198,VIEW,2025-08-31 11:09:13
1494,193,VIEW,2025-09-06 21:07:40
1494,202,ADD_TO_CART,2025-09-29 07:14:19
1494,186,VIEW,2025-10-03 03:15:12
1494,180,SEARCH,2025-10-08 21:38:23
1494,209,VIEW,2025-10-11 22:54:02
1494,189,VIEW,2025-10-18 04:51:01
1494,201,VIEW,2025-11-03 18:21:24
1494,202,SEARCH,2025-11-11 15:43:56
1494,183,SHARE,2025-11-12 08:48:04
1494,202,ADD_TO_CART,2025-11-13 14:43:29
1494,201,VIEW,2025-12-14 06:15:02
1494,183,VIEW,2025-12-14 13:32:14
1494,189,VIEW,2025-12-22 20:37:30
1494,215,VIEW,2025-12-25 03:16:32
1494,202,VIEW,2026-01-02 20:07:15
1494,183,VIEW,2026-01-03 20:15:28
1494,195,VIEW,2026-01-18 17:00:28
1494,190,VIEW,2026-03-18 09:00:17
1494,187,VIEW,2026-04-30 00:15:56
1494,195,VIEW,2026-05-09 22:23:16
1494,182,VIEW,2026-06-17 14:03:00
1495,202,VIEW,2025-03-25 04:09:02
1495,202,VIEW,2025-05-04 12:22:02
1495,203,VIEW,2025-05-12 03:25:43
1495,202,VIEW,2025-06-18 18:15:35
1495,189,SEARCH,2025-06-29 14:03:39
1495,194,VIEW,2025-07-19 22:02:27
1495,201,VIEW,2025-08-03 13:35:01
1495,183,FAVORITE,2025-08-18 05:05:30
1495,217,VIEW,2025-08-27 21:04:51
1495,200,VIEW,2025-09-03 11:42:34
1495,211,SEARCH,2025-09-04 16:01:45
1495,200,VIEW,2025-09-14 17:03:04
1495,184,VIEW,2025-09-23 17:50:53
1495,201,VIEW,2025-09-28 10:51:05
1495,202,VIEW,2025-10-09 19:35:05
1495,200,SHARE,2025-10-16 01:19:28
1495,184,VIEW,2025-10-27 16:12:53
1495,201,VIEW,2025-10-29 21:57:52
1495,184,VIEW,2025-11-05 20:39:21
1495,202,VIEW,2025-11-19 00:46:40
1495,193,ADD_TO_CART,2025-12-04 17:17:52
1495,196,VIEW,2025-12-12 09:47:35
1495,207,VIEW,2025-12-24 02:53:24
1495,183,VIEW,2025-12-29 22:18:16
1495,193,VIEW,2026-01-13 15:59:52
1495,194,VIEW,2026-01-23 15:05:25
1495,201,ADD_TO_CART,2026-01-27 15:47:11
1495,202,VIEW,2026-02-05 22:28:37
1495,183,VIEW,2026-02-06 09:38:09
1495,203,FAVORITE,2026-03-01 06:56:04
1495,191,SHARE,2026-03-09 23:43:47
1495,213,SEARCH,2026-03-15 23:46:06
1495,200,VIEW,2026-03-17 07:47:34
1495,206,VIEW,2026-03-19 07:51:11
1495,194,SEARCH,2026-04-07 20:12:29
1495,189,SEARCH,2026-04-26 19:21:04
1495,202,VIEW,2026-05-20 11:12:22
1495,213,FAVORITE,2026-05-20 16:37:39
1495,201,VIEW,2026-06-07 06:47:54
1495,184,ADD_TO_CART,2026-07-05 15:59:23
1495,202,VIEW,2026-07-05 16:37:49
1495,208,VIEW,2026-07-10 21:17:56
1495,209,ADD_TO_CART,2026-07-14 10:48:06
1495,201,ADD_TO_CART,2026-07-24 11:42:36
1495,193,VIEW,2026-07-27 18:33:00
1496,188,SEARCH,2025-06-20 22:17:28
1496,192,VIEW,2025-10-10 22:11:41
1496,203,VIEW,2026-01-01 13:50:03
1496,217,VIEW,2026-03-03 16:34:00
1497,181,VIEW,2024-07-17 01:25:01
1497,212,VIEW,2024-07-22 17:24:28
1497,195,SHARE,2024-08-23 13:43:05
1497,208,ADD_TO_CART,2024-09-22 21:39:58
1497,210,VIEW,2024-10-10 23:46:55
1497,205,VIEW,2024-10-12 12:35:54
1497,199,SEARCH,2024-11-02 22:43:43
1497,202,VIEW,2025-01-01 23:21:41
1497,186,VIEW,2025-01-18 10:20:23
1497,186,VIEW,2025-02-13 05:22:32
1497,193,VIEW,2025-03-18 23:50:08
1497,184,VIEW,2025-04-12 14:05:08
1497,217,VIEW,2025-05-29 12:12:21
1497,187,VIEW,2025-06-10 03:03:32
1497,203,VIEW,2025-06-13 08:08:41
1497,197,VIEW,2025-06-26 03:25:30
1497,211,VIEW,2025-07-25 13:46:27
1497,195,VIEW,2025-10-10 23:44:09
1497,213,VIEW,2025-11-05 17:06:52
1497,187,ADD_TO_CART,2026-01-22 06:18:41
1497,218,VIEW,2026-02-22 05:01:09
1497,180,ADD_TO_CART,2026-03-18 12:46:01
1497,205,VIEW,2026-05-05 17:23:00
1498,179,SEARCH,2024-07-26 01:18:41
1498,181,SEARCH,2024-07-31 23:20:34
1498,213,VIEW,2024-09-01 07:07:05
1498,197,VIEW,2024-10-07 19:52:42
1498,190,VIEW,2024-10-08 13:07:06
1498,214,SEARCH,2024-10-15 20:42:24
1498,194,SEARCH,2024-10-18 22:43:43
1498,190,VIEW,2024-11-01 14:59:02
1498,181,SEARCH,2024-11-03 02:31:17
1498,199,VIEW,2024-12-02 22:24:06
1498,213,VIEW,2024-12-07 01:23:15
1498,202,SHARE,2024-12-08 20:32:24
1498,183,VIEW,2024-12-11 10:41:45
1498,218,VIEW,2025-01-05 12:22:52
1498,200,SEARCH,2025-01-13 00:16:32
1498,193,ADD_TO_CART,2025-01-24 17:44:09
1498,213,VIEW,2025-02-05 11:10:52
1498,194,ADD_TO_CART,2025-02-28 08:24:54
1498,212,FAVORITE,2025-03-06 10:19:21
1498,181,ADD_TO_CART,2025-03-06 10:26:45
1498,194,VIEW,2025-03-08 06:21:23
1498,213,VIEW,2025-03-14 23:33:16
1498,195,SEARCH,2025-03-15 09:51:35
1498,194,VIEW,2025-03-25 20:46:40
1498,197,VIEW,2025-03-28 07:00:24
1498,193,VIEW,2025-04-07 02:58:58
1498,195,SEARCH,2025-04-08 03:51:38
1498,198,ADD_TO_CART,2025-04-12 20:28:02
1498,213,VIEW,2025-04-26 12:46:21
1498,188,VIEW,2025-05-19 04:47:58
1498,180,VIEW,2025-05-24 02:18:15
1498,193,VIEW,2025-05-25 15:52:34
1498,213,VIEW,2025-06-11 10:04:47
1498,213,VIEW,2025-06-14 11:10:12
1498,205,FAVORITE,2025-06-30 02:35:58
1498,214,VIEW,2025-07-01 05:48:49
1498,194,VIEW,2025-07-11 23:00:14
1498,196,VIEW,2025-07-19 15:45:05
1498,194,VIEW,2025-07-25 06:41:24
1498,193,VIEW,2025-08-08 14:44:30
1498,213,VIEW,2025-09-01 00:07:25
1498,179,VIEW,2025-09-01 08:46:19
1498,217,VIEW,2025-09-05 03:49:06
1498,213,SEARCH,2025-09-10 16:39:52
1498,215,ADD_TO_CART,2025-09-19 11:22:20
1498,194,VIEW,2025-09-20 05:38:50
1498,194,VIEW,2025-09-22 08:00:52
1498,182,VIEW,2025-10-23 15:58:02
1498,180,FAVORITE,2025-11-09 11:19:50
1498,193,VIEW,2025-11-12 07:40:08
1498,183,ADD_TO_CART,2025-11-29 22:11:51
1498,198,VIEW,2026-01-04 10:18:07
1498,197,ADD_TO_CART,2026-01-11 05:47:24
1498,213,SEARCH,2026-01-25 04:57:38
1498,210,VIEW,2026-02-06 20:46:54
1498,189,VIEW,2026-02-07 04:21:41
1498,210,VIEW,2026-02-09 15:51:28
1498,194,VIEW,2026-02-09 23:23:29
1498,218,FAVORITE,2026-02-26 16:05:48
1498,179,VIEW,2026-03-02 07:09:40
1498,198,VIEW,2026-03-15 09:56:45
1498,200,FAVORITE,2026-03-21 23:02:35
1498,200,ADD_TO_CART,2026-05-07 04:40:20
1498,198,SEARCH,2026-05-16 01:13:00
1498,196,VIEW,2026-05-19 14:06:28
1498,214,VIEW,2026-05-23 13:33:00
1499,207,SEARCH,2024-12-18 12:51:45
1499,181,VIEW,2025-01-05 20:33:33
1499,207,SEARCH,2025-01-26 04:59:27
1499,203,VIEW,2025-02-11 03:00:45
1499,206,FAVORITE,2025-02-28 23:22:42
1499,207,VIEW,2025-03-04 06:11:28
1499,198,VIEW,2025-03-04 08:31:05
1499,188,ADD_TO_CART,2025-03-04 11:20:03
1499,207,VIEW,2025-03-18 10:22:43
1499,206,VIEW,2025-04-04 01:50:06
1499,212,VIEW,2025-04-05 07:44:05
1499,205,VIEW,2025-04-13 11:31:47
1499,202,SEARCH,2025-04-17 11:54:25
1499,207,VIEW,2025-05-04 21:01:23
1499,194,VIEW,2025-05-21 20:24:51
1499,208,VIEW,2025-05-25 21:54:47
1499,185,ADD_TO_CART,2025-06-15 10:23:29
1499,207,VIEW,2025-06-19 14:11:32
1499,207,SEARCH,2025-07-15 22:38:20
1499,192,VIEW,2025-07-21 14:48:16
1499,189,VIEW,2025-07-30 09:37:12
1499,207,SEARCH,2025-07-31 12:09:32
1499,199,VIEW,2025-08-11 17:08:32
1499,183,VIEW,2025-08-19 23:07:24
1499,209,VIEW,2025-08-28 18:24:56
1499,207,VIEW,2025-09-09 18:47:59
1499,185,SEARCH,2025-09-11 22:05:20
1499,208,VIEW,2025-09-14 11:26:26
1499,184,ADD_TO_CART,2025-09-21 13:48:40
1499,208,VIEW,2025-10-09 05:39:04
1499,196,VIEW,2025-10-15 13:05:12
1499,208,VIEW,2025-10-22 09:02:05
1499,184,SEARCH,2025-10-22 23:15:27
1499,207,VIEW,2025-10-23 04:45:21
1499,183,VIEW,2025-10-30 08:37:32
1499,202,ADD_TO_CART,2025-11-14 01:58:14
1499,206,VIEW,2025-12-28 23:10:43
1499,182,VIEW,2025-12-30 06:57:42
1499,200,ADD_TO_CART,2026-01-12 06:25:25
1499,197,SHARE,2026-01-17 06:33:53
1499,197,VIEW,2026-01-22 20:24:31
1499,207,VIEW,2026-02-16 06:02:24
1499,180,VIEW,2026-04-02 22:12:17
1499,218,VIEW,2026-05-06 16:19:00
1500,194,VIEW,2024-10-13 15:55:05
1500,213,VIEW,2024-10-15 11:10:50
1500,203,SEARCH,2024-10-19 13:05:28
1500,187,VIEW,2024-10-26 15:24:55
1500,188,VIEW,2024-10-30 14:56:28
1500,201,VIEW,2024-11-10 02:08:11
1500,180,SEARCH,2024-11-27 01:03:36
1500,187,ADD_TO_CART,2024-12-26 04:48:08
1500,203,VIEW,2025-01-12 08:37:04
1500,187,VIEW,2025-01-15 04:48:38
1500,187,VIEW,2025-01-19 00:04:33
1500,207,FAVORITE,2025-01-25 18:57:03
1500,203,VIEW,2025-02-05 13:28:12
1500,185,VIEW,2025-02-13 21:09:59
1500,204,VIEW,2025-02-16 14:58:53
1500,187,VIEW,2025-02-27 22:37:09
1500,204,VIEW,2025-03-14 09:05:34
1500,187,ADD_TO_CART,2025-03-31 05:57:46
1500,186,SEARCH,2025-04-03 02:52:24
1500,195,VIEW,2025-04-29 23:42:59
1500,194,VIEW,2025-05-02 18:00:28
1500,185,VIEW,2025-05-12 02:16:29
1500,217,ADD_TO_CART,2025-05-18 14:05:32
1500,218,VIEW,2025-06-04 04:10:24
1500,188,VIEW,2025-06-08 16:47:41
1500,212,VIEW,2025-06-16 22:44:59
1500,184,ADD_TO_CART,2025-06-20 16:53:31
1500,209,ADD_TO_CART,2025-06-29 11:02:16
1500,205,VIEW,2025-07-01 16:18:35
1500,188,SEARCH,2025-07-09 05:47:44
1500,193,VIEW,2025-07-12 04:18:40
1500,187,ADD_TO_CART,2025-07-20 20:35:02
1500,197,VIEW,2025-07-26 00:54:17
1500,207,VIEW,2025-08-02 21:13:40
1500,203,VIEW,2025-08-13 17:43:50
1500,192,SEARCH,2025-08-16 07:12:05
1500,203,SEARCH,2025-08-21 03:55:19
1500,204,ADD_TO_CART,2025-08-28 14:46:11
1500,202,SEARCH,2025-09-04 11:52:11
1500,185,VIEW,2025-09-08 22:19:21
1500,187,VIEW,2025-09-24 23:45:09
1500,186,ADD_TO_CART,2025-09-27 22:03:45
1500,216,VIEW,2025-10-01 08:09:00
1500,206,SEARCH,2025-10-08 22:40:55
1500,208,VIEW,2025-10-21 18:21:49
1500,207,SEARCH,2025-10-26 00:21:54
1500,189,VIEW,2025-10-29 17:04:45
1500,217,VIEW,2025-11-04 22:28:48
1500,208,SEARCH,2025-11-28 16:16:41
1500,209,FAVORITE,2025-12-10 22:48:21
1500,187,SEARCH,2025-12-27 19:31:42
1500,205,SEARCH,2026-01-14 12:33:48
1500,188,VIEW,2026-02-08 10:25:02
1500,186,VIEW,2026-02-14 06:49:25
1500,196,SEARCH,2026-02-22 19:07:45
1500,185,FAVORITE,2026-02-23 12:18:26
1500,186,VIEW,2026-03-04 08:27:07
1500,185,VIEW,2026-03-19 00:47:15
1500,207,VIEW,2026-03-28 03:40:02
1500,208,VIEW,2026-03-31 13:21:50
1500,216,ADD_TO_CART,2026-04-19 23:50:58
1500,203,SHARE,2026-04-23 20:52:20
1500,200,VIEW,2026-04-27 04:06:40
1500,203,VIEW,2026-04-27 05:11:35
1500,208,VIEW,2026-05-02 04:19:56
1500,202,VIEW,2026-05-11 18:20:45
1500,187,VIEW,2026-05-26 19:08:10
1500,187,VIEW,2026-06-01 07:26:10
1500,212,VIEW,2026-06-10 14:54:00
1501,196,FAVORITE,2025-02-20 20:52:28
1501,201,VIEW,2025-03-05 15:47:07
1501,190,VIEW,2025-03-10 01:52:35
1501,193,FAVORITE,2025-03-11 19:22:58
1501,207,SEARCH,2025-03-28 16:26:15
1501,218,VIEW,2025-04-15 18:01:29
1501,187,VIEW,2025-04-17 17:28:13
1501,207,VIEW,2025-04-18 17:53:32
1501,207,ADD_TO_CART,2025-05-01 21:14:34
1501,213,FAVORITE,2025-05-04 04:31:22
1501,197,ADD_TO_CART,2025-05-26 11:54:07
1501,208,ADD_TO_CART,2025-05-30 15:07:23
1501,207,VIEW,2025-06-13 19:17:43
1501,208,SEARCH,2025-06-19 07:55:15
1501,208,SEARCH,2025-07-23 12:33:36
1501,186,ADD_TO_CART,2025-08-02 19:39:40
1501,180,VIEW,2025-09-02 16:08:54
1501,208,VIEW,2025-09-13 06:58:56
1501,207,VIEW,2025-10-01 04:07:00
1501,181,VIEW,2025-10-02 23:29:12
1501,212,VIEW,2025-10-03 12:43:31
1501,197,SEARCH,2025-10-03 13:43:05
1501,207,VIEW,2025-10-12 02:28:25
1501,203,FAVORITE,2025-10-16 11:03:24
1501,217,VIEW,2025-10-22 00:27:04
1501,200,ADD_TO_CART,2025-11-01 16:26:53
1501,208,VIEW,2025-11-04 19:13:37
1501,189,ADD_TO_CART,2025-11-24 09:22:38
1501,194,ADD_TO_CART,2025-11-30 20:58:36
1501,195,ADD_TO_CART,2025-12-03 20:43:56
1501,207,FAVORITE,2025-12-06 23:40:52
1501,207,FAVORITE,2025-12-08 02:14:03
1501,193,VIEW,2025-12-09 23:33:47
1501,195,VIEW,2025-12-22 12:58:41
1501,184,VIEW,2025-12-28 15:57:10
1501,194,VIEW,2026-01-03 04:11:05
1501,194,VIEW,2026-01-08 06:03:30
1501,182,VIEW,2026-01-17 23:30:59
1501,204,VIEW,2026-02-02 09:34:43
1501,182,VIEW,2026-02-11 05:40:24
1501,200,VIEW,2026-02-26 03:33:58
1501,207,ADD_TO_CART,2026-03-08 06:25:54
1501,193,VIEW,2026-03-11 03:10:24
1501,179,SEARCH,2026-03-12 07:34:33
1501,193,SHARE,2026-03-13 00:47:55
1501,210,VIEW,2026-03-17 15:36:12
1501,186,ADD_TO_CART,2026-03-23 00:03:23
1501,208,SEARCH,2026-04-01 12:37:31
1501,193,SEARCH,2026-05-10 11:52:00
1502,197,VIEW,2024-08-15 05:16:02
1502,183,VIEW,2024-08-27 21:44:51
1502,196,VIEW,2024-09-16 00:35:30
1502,191,ADD_TO_CART,2024-10-03 12:40:11
1502,179,VIEW,2024-10-16 13:52:00
1502,181,VIEW,2024-11-29 13:52:56
1502,217,SEARCH,2024-12-08 02:41:40
1502,179,VIEW,2024-12-23 13:19:49
1502,204,SEARCH,2025-01-07 01:01:09
1502,184,VIEW,2025-01-14 19:26:05
1502,215,FAVORITE,2025-02-08 19:54:20
1502,191,VIEW,2025-02-10 07:48:51
1502,198,SHARE,2025-02-14 19:09:50
1502,180,VIEW,2025-02-14 19:47:27
1502,217,SEARCH,2025-02-18 04:21:38
1502,194,FAVORITE,2025-03-06 02:22:35
1502,199,ADD_TO_CART,2025-03-26 08:31:05
1502,208,VIEW,2025-03-30 06:13:19
1502,180,ADD_TO_CART,2025-04-03 20:59:07
1502,197,VIEW,2025-04-10 00:38:07
1502,197,VIEW,2025-04-25 04:26:40
1502,189,VIEW,2025-06-01 13:12:41
1502,202,FAVORITE,2025-06-06 16:49:34
1502,189,SEARCH,2025-06-24 04:32:33
1502,184,VIEW,2025-08-07 15:04:51
1502,195,VIEW,2025-08-07 20:39:26
1502,199,VIEW,2025-09-08 19:23:24
1502,210,SEARCH,2025-09-12 08:47:52
1502,207,ADD_TO_CART,2025-09-23 23:22:46
1502,180,VIEW,2025-09-29 05:05:20
1502,180,VIEW,2025-10-18 07:58:41
1502,180,VIEW,2025-10-23 07:53:58
1502,198,SHARE,2025-10-26 09:21:55
1502,210,SEARCH,2025-11-17 13:32:04
1502,189,VIEW,2025-11-18 09:49:59
1502,199,VIEW,2025-12-11 09:10:49
1502,193,VIEW,2025-12-13 09:51:28
1502,208,VIEW,2026-01-14 10:52:18
1502,181,VIEW,2026-01-25 16:43:07
1502,179,ADD_TO_CART,2026-01-27 19:31:17
1502,201,VIEW,2026-03-31 07:10:14
1502,216,VIEW,2026-04-08 16:45:16
1502,196,VIEW,2026-04-10 21:09:06
1502,180,VIEW,2026-04-11 19:35:42
1502,198,VIEW,2026-04-19 16:08:36
1502,212,SEARCH,2026-05-07 19:56:34
1502,186,SEARCH,2026-05-24 02:47:55
1502,215,VIEW,2026-06-07 05:18:47
1502,179,VIEW,2026-06-08 17:07:00
1503,198,VIEW,2025-05-15 05:26:51
1503,180,ADD_TO_CART,2025-06-17 16:10:31
1503,215,VIEW,2025-07-13 05:47:07
1503,206,VIEW,2025-07-25 08:18:42
1503,185,VIEW,2025-08-06 19:17:09
1503,212,VIEW,2025-08-18 05:32:07
1503,179,ADD_TO_CART,2025-08-30 20:05:30
1503,197,VIEW,2025-08-31 09:53:49
1503,186,VIEW,2025-09-01 01:41:40
1503,211,VIEW,2025-10-12 17:31:55
1503,182,ADD_TO_CART,2025-10-30 15:37:51
1503,211,SEARCH,2025-10-31 21:48:11
1503,211,FAVORITE,2025-11-15 03:04:40
1503,185,VIEW,2025-12-16 08:47:53
1503,218,VIEW,2025-12-29 22:01:42
1503,192,SEARCH,2026-02-13 23:33:22
1503,196,SEARCH,2026-02-23 05:19:49
1503,218,VIEW,2026-02-28 21:54:50
1503,189,VIEW,2026-03-12 10:15:30
1503,188,VIEW,2026-03-16 17:20:35
1503,212,VIEW,2026-03-21 17:59:46
1503,211,ADD_TO_CART,2026-03-23 05:47:14
1503,180,FAVORITE,2026-03-24 06:11:59
1503,192,VIEW,2026-03-24 19:10:35
1503,193,SHARE,2026-04-04 03:44:40
1503,188,VIEW,2026-04-09 23:56:54
1503,205,VIEW,2026-04-29 06:53:04
1503,218,SEARCH,2026-05-18 02:21:30
1503,200,SEARCH,2026-05-29 06:17:30
1503,211,SEARCH,2026-06-01 13:12:00
1504,193,VIEW,2024-06-02 01:50:55
1504,194,VIEW,2024-06-09 09:30:51
1504,207,SEARCH,2024-08-25 05:36:21
1504,193,SEARCH,2024-10-20 05:49:53
1504,192,SEARCH,2025-01-08 09:42:33
1504,194,VIEW,2025-01-17 16:56:48
1504,214,VIEW,2025-01-18 16:59:40
1504,211,VIEW,2025-02-06 14:16:29
1504,195,VIEW,2025-02-12 10:34:47
1504,218,SEARCH,2025-02-13 03:00:40
1504,181,VIEW,2025-04-04 14:20:52
1504,218,SEARCH,2025-07-26 18:21:09
1504,217,VIEW,2025-10-22 23:44:24
1504,193,SEARCH,2025-11-10 17:23:24
1504,193,VIEW,2025-11-12 20:13:52
1504,213,SEARCH,2025-11-17 03:36:20
1504,213,FAVORITE,2026-01-28 13:15:00
1505,214,VIEW,2024-07-23 08:02:27
1505,213,ADD_TO_CART,2024-07-26 21:45:05
1505,187,VIEW,2024-07-27 08:24:57
1505,193,VIEW,2024-08-04 14:02:41
1505,194,ADD_TO_CART,2024-10-05 13:44:35
1505,198,SEARCH,2024-10-17 21:11:02
1505,213,VIEW,2024-10-28 07:49:36
1505,197,VIEW,2024-10-30 14:15:45
1505,213,ADD_TO_CART,2024-12-05 20:30:43
1505,193,SEARCH,2024-12-12 06:13:59
1505,193,SHARE,2024-12-20 16:47:18
1505,201,VIEW,2025-01-15 13:54:14
1505,193,VIEW,2025-02-02 16:41:55
1505,208,ADD_TO_CART,2025-02-02 19:46:18
1505,198,VIEW,2025-02-10 04:27:42
1505,193,VIEW,2025-05-02 00:14:47
1505,213,SEARCH,2025-05-06 10:05:11
1505,187,SEARCH,2025-05-12 15:14:24
1505,194,SEARCH,2025-05-20 17:14:31
1505,194,VIEW,2025-05-22 14:50:49
1505,183,VIEW,2025-05-28 06:50:58
1505,209,SEARCH,2025-06-06 08:26:43
1505,185,VIEW,2025-06-06 08:59:21
1505,199,VIEW,2025-06-11 07:05:50
1505,194,VIEW,2025-06-17 22:40:26
1505,192,VIEW,2025-07-06 16:35:21
1505,193,VIEW,2025-07-09 07:25:09
1505,213,VIEW,2025-08-20 10:38:19
1505,213,VIEW,2025-09-03 16:19:09
1505,193,SEARCH,2025-09-24 17:37:19
1505,213,VIEW,2025-09-25 13:24:26
1505,180,VIEW,2025-09-30 07:13:20
1505,194,VIEW,2025-10-05 03:10:47
1505,194,VIEW,2025-10-26 09:12:46
1505,194,SEARCH,2025-11-01 04:47:45
1505,179,VIEW,2025-11-01 23:13:27
1505,198,SEARCH,2025-11-08 12:40:22
1505,188,FAVORITE,2026-01-19 19:32:16
1505,194,VIEW,2026-02-16 10:51:10
1505,197,VIEW,2026-02-27 22:45:23
1505,211,VIEW,2026-03-06 20:47:15
1505,194,SEARCH,2026-03-09 15:28:25
1505,193,VIEW,2026-03-12 07:32:54
1505,184,VIEW,2026-03-20 07:00:45
1505,193,SHARE,2026-04-13 17:06:23
1505,185,SEARCH,2026-05-02 04:16:21
1505,213,SHARE,2026-05-24 09:56:38
1505,183,VIEW,2026-05-27 21:00:38
1505,180,VIEW,2026-06-12 16:25:00
1506,197,VIEW,2025-04-15 11:08:36
1506,197,VIEW,2025-04-23 11:40:46
1506,199,VIEW,2025-05-20 16:53:58
1506,185,VIEW,2025-06-07 03:18:02
1506,198,VIEW,2025-06-09 04:34:08
1506,180,FAVORITE,2025-06-09 06:54:42
1506,198,VIEW,2025-06-10 04:46:34
1506,179,VIEW,2025-06-18 21:47:05
1506,181,VIEW,2025-06-24 14:59:40
1506,199,VIEW,2025-07-20 03:27:30
1506,186,VIEW,2025-07-26 17:02:11
1506,198,VIEW,2025-08-08 04:01:14
1506,199,ADD_TO_CART,2025-08-08 04:13:27
1506,192,VIEW,2025-08-10 00:15:54
1506,198,VIEW,2025-08-21 18:10:33
1506,181,VIEW,2025-08-30 09:44:46
1506,180,SEARCH,2025-09-09 11:07:12
1506,193,SEARCH,2025-09-18 02:23:10
1506,198,VIEW,2025-09-26 04:35:06
1506,198,ADD_TO_CART,2025-11-11 16:28:33
1506,180,VIEW,2025-11-21 12:44:23
1506,193,ADD_TO_CART,2025-11-30 06:59:21
1506,199,FAVORITE,2025-11-30 18:29:59
1506,203,VIEW,2025-12-14 09:05:23
1506,179,VIEW,2025-12-15 08:04:29
1506,198,VIEW,2026-01-08 22:43:47
1506,187,FAVORITE,2026-01-09 08:38:34
1506,180,VIEW,2026-01-09 22:47:52
1506,207,FAVORITE,2026-01-23 02:10:18
1506,199,VIEW,2026-01-23 09:18:36
1506,204,VIEW,2026-02-12 14:51:51
1506,180,VIEW,2026-02-16 10:25:23
1506,199,VIEW,2026-02-25 22:47:26
1506,211,SEARCH,2026-02-28 07:40:19
1506,190,SEARCH,2026-03-11 21:47:56
1506,199,VIEW,2026-03-13 04:07:13
1506,205,FAVORITE,2026-03-14 02:43:51
1506,181,VIEW,2026-03-15 10:35:24
1506,179,VIEW,2026-03-31 08:24:46
1506,181,VIEW,2026-04-02 19:43:30
1506,180,ADD_TO_CART,2026-04-10 18:02:26
1506,213,VIEW,2026-04-25 01:10:44
1506,198,SEARCH,2026-05-20 02:47:13
1506,198,VIEW,2026-06-01 21:46:04
1506,184,SHARE,2026-06-07 01:00:05
1506,196,SEARCH,2026-06-07 11:59:31
1506,208,SEARCH,2026-06-22 16:04:00
1507,206,VIEW,2025-10-23 05:39:29
1507,218,SEARCH,2025-11-12 14:19:52
1507,213,FAVORITE,2025-11-27 18:54:45
1507,181,ADD_TO_CART,2025-12-08 15:30:20
1507,195,VIEW,2025-12-17 04:45:10
1507,205,SEARCH,2025-12-19 08:11:21
1507,188,ADD_TO_CART,2025-12-25 00:42:53
1507,207,ADD_TO_CART,2025-12-31 19:23:52
1507,181,SHARE,2026-01-04 11:04:51
1507,198,VIEW,2026-01-08 05:28:47
1507,190,VIEW,2026-01-08 20:26:34
1507,197,VIEW,2026-01-09 23:55:33
1507,180,VIEW,2026-01-14 14:10:37
1507,180,VIEW,2026-01-21 11:03:41
1507,195,VIEW,2026-01-26 01:26:14
1507,180,ADD_TO_CART,2026-02-04 08:58:44
1507,179,VIEW,2026-02-06 03:04:40
1507,181,SEARCH,2026-02-13 20:14:15
1507,198,SEARCH,2026-02-14 14:49:00
1507,198,SEARCH,2026-03-04 19:17:15
1507,204,ADD_TO_CART,2026-03-06 01:35:56
1507,215,ADD_TO_CART,2026-03-13 07:00:02
1507,179,SEARCH,2026-03-13 07:25:27
1507,187,SEARCH,2026-03-25 01:11:52
1507,180,FAVORITE,2026-04-01 07:06:51
1507,180,VIEW,2026-04-02 08:28:39
1507,191,VIEW,2026-04-17 13:01:39
1507,181,SEARCH,2026-05-06 18:34:19
1507,199,VIEW,2026-05-14 08:10:38
1507,199,VIEW,2026-06-09 10:35:54
1507,215,VIEW,2026-06-12 20:00:40
1507,197,SEARCH,2026-06-28 12:29:00
1508,198,VIEW,2025-10-29 20:48:09
1508,207,SHARE,2025-11-03 05:21:36
1508,185,VIEW,2025-11-21 07:38:32
1508,181,VIEW,2025-11-22 10:12:30
1508,203,VIEW,2025-11-25 14:49:51
1508,180,SEARCH,2025-11-27 07:28:11
1508,198,VIEW,2025-12-12 06:02:24
1508,198,SEARCH,2025-12-12 13:22:06
1508,184,SEARCH,2025-12-13 08:27:32
1508,204,VIEW,2025-12-14 14:24:27
1508,198,VIEW,2025-12-17 02:01:03
1508,199,VIEW,2025-12-18 13:31:22
1508,197,SEARCH,2025-12-20 18:39:27
1508,204,VIEW,2025-12-21 09:50:05
1508,205,VIEW,2025-12-22 02:55:53
1508,201,SEARCH,2025-12-26 17:59:07
1508,186,VIEW,2025-12-26 20:41:54
1508,197,VIEW,2026-01-09 22:43:11
1508,188,FAVORITE,2026-01-13 08:15:11
1508,199,VIEW,2026-01-13 16:38:26
1508,204,VIEW,2026-01-25 06:14:24
1508,216,VIEW,2026-01-25 16:59:24
1508,209,ADD_TO_CART,2026-01-27 11:58:50
1508,186,VIEW,2026-01-28 14:47:48
1508,180,VIEW,2026-02-09 18:56:41
1508,197,VIEW,2026-02-10 13:29:27
1508,179,ADD_TO_CART,2026-02-12 01:33:46
1508,197,VIEW,2026-02-16 19:59:00
1508,180,ADD_TO_CART,2026-03-01 19:49:38
1508,187,SEARCH,2026-03-07 14:31:26
1508,181,SEARCH,2026-03-15 21:30:40
1508,180,VIEW,2026-03-18 00:52:50
1508,181,VIEW,2026-03-26 21:32:07
1508,197,VIEW,2026-04-11 06:25:35
1508,189,VIEW,2026-04-15 04:13:05
1508,209,SEARCH,2026-04-20 13:07:40
1508,198,SEARCH,2026-04-22 16:54:41
1508,199,VIEW,2026-04-30 01:24:36
1508,217,VIEW,2026-05-13 22:22:12
1508,197,VIEW,2026-05-16 21:05:12
1508,180,VIEW,2026-05-17 17:03:26
1508,181,VIEW,2026-05-19 06:39:21
1508,180,SEARCH,2026-05-21 10:27:18
1508,198,SEARCH,2026-05-21 16:16:00
1509,198,SEARCH,2024-07-24 13:23:32
1509,201,ADD_TO_CART,2024-08-06 15:55:12
1509,210,ADD_TO_CART,2024-11-01 09:10:57
1509,181,VIEW,2024-11-01 22:51:51
1509,210,SEARCH,2024-11-13 07:23:09
1509,189,VIEW,2024-12-11 01:37:51
1509,191,VIEW,2024-12-16 15:58:58
1509,200,VIEW,2025-01-08 23:07:44
1509,197,ADD_TO_CART,2025-01-29 07:52:15
1509,197,SEARCH,2025-02-07 06:28:59
1509,179,VIEW,2025-02-10 23:18:15
1509,197,SEARCH,2025-02-13 21:59:06
1509,184,VIEW,2025-03-06 13:05:27
1509,197,VIEW,2025-03-23 10:50:49
1509,181,VIEW,2025-03-25 14:20:55
1509,197,SHARE,2025-03-29 19:44:45
1509,212,SEARCH,2025-04-03 01:30:01
1509,197,SEARCH,2025-04-04 18:44:43
1509,207,VIEW,2025-04-26 23:31:24
1509,199,SEARCH,2025-05-12 07:57:06
1509,183,VIEW,2025-05-12 15:29:55
1509,197,VIEW,2025-05-27 01:46:09
1509,184,SHARE,2025-05-29 03:16:17
1509,179,SEARCH,2025-07-27 21:03:16
1509,184,VIEW,2025-09-02 12:25:54
1509,201,SEARCH,2025-09-10 17:03:08
1509,210,SEARCH,2025-09-10 23:47:27
1509,199,VIEW,2025-09-18 08:20:22
1509,212,VIEW,2025-10-09 07:32:28
1509,190,VIEW,2025-10-19 20:47:54
1509,181,SEARCH,2025-11-01 00:18:17
1509,197,VIEW,2025-11-05 20:29:53
1509,181,SEARCH,2025-12-02 03:01:13
1509,187,SEARCH,2025-12-02 20:04:22
1509,210,VIEW,2025-12-07 02:40:43
1509,197,VIEW,2025-12-15 12:25:27
1509,180,VIEW,2025-12-22 10:43:16
1509,198,VIEW,2025-12-26 16:25:48
1509,181,ADD_TO_CART,2025-12-30 10:24:13
1509,210,VIEW,2025-12-30 19:48:11
1509,186,ADD_TO_CART,2026-01-01 16:32:17
1509,197,VIEW,2026-01-24 09:08:01
1509,179,SEARCH,2026-03-22 07:24:45
1509,189,VIEW,2026-03-23 10:37:32
1509,189,VIEW,2026-04-21 10:02:58
1509,187,SEARCH,2026-04-28 04:27:59
1509,210,SEARCH,2026-05-01 02:01:20
1509,205,SEARCH,2026-06-08 00:30:16
1509,199,VIEW,2026-06-15 10:38:00
1510,191,VIEW,2025-04-29 05:14:52
1510,198,VIEW,2025-05-03 08:28:36
1510,188,VIEW,2025-05-05 08:01:25
1510,190,VIEW,2025-05-15 19:16:49
1510,180,VIEW,2025-06-01 02:31:33
1510,211,SEARCH,2025-06-03 19:13:47
1510,185,VIEW,2025-06-06 11:36:56
1510,184,VIEW,2025-06-08 03:05:58
1510,217,VIEW,2025-06-29 08:55:34
1510,218,SEARCH,2025-07-13 17:21:07
1510,210,SEARCH,2025-07-17 18:57:31
1510,181,VIEW,2025-07-18 10:28:22
1510,209,VIEW,2025-07-29 18:37:50
1510,190,VIEW,2025-08-01 16:05:34
1510,209,ADD_TO_CART,2025-08-02 14:14:25
1510,209,SEARCH,2025-08-18 04:44:53
1510,193,VIEW,2025-08-18 09:11:36
1510,190,VIEW,2025-08-29 00:47:11
1510,189,VIEW,2025-09-04 17:43:30
1510,218,SHARE,2025-09-09 15:16:31
1510,209,VIEW,2025-09-17 06:56:50
1510,203,VIEW,2025-09-20 20:29:33
1510,189,VIEW,2025-09-23 12:49:04
1510,189,SEARCH,2025-10-05 18:52:29
1510,217,VIEW,2025-10-06 09:11:43
1510,189,VIEW,2025-10-12 22:48:52
1510,183,VIEW,2025-10-15 08:01:13
1510,191,ADD_TO_CART,2025-10-18 15:16:33
1510,189,SEARCH,2025-10-24 08:52:00
1510,189,VIEW,2025-10-26 18:55:52
1510,204,VIEW,2025-11-07 10:26:21
1510,191,VIEW,2025-11-16 12:05:36
1510,209,VIEW,2025-11-17 10:25:31
1510,188,VIEW,2025-11-18 09:38:57
1510,210,ADD_TO_CART,2025-11-21 21:47:28
1510,218,VIEW,2025-11-27 17:30:31
1510,215,VIEW,2025-12-02 12:57:47
1510,189,VIEW,2025-12-04 17:19:55
1510,205,VIEW,2025-12-16 23:12:26
1510,215,ADD_TO_CART,2025-12-23 05:06:09
1510,198,SEARCH,2025-12-24 09:58:36
1510,210,VIEW,2025-12-24 15:14:45
1510,210,VIEW,2025-12-30 14:34:58
1510,213,VIEW,2026-01-02 05:39:58
1510,190,SEARCH,2026-01-11 02:48:02
1510,209,VIEW,2026-01-14 08:08:03
1510,189,VIEW,2026-01-14 17:38:27
1510,209,VIEW,2026-01-18 13:02:39
1510,185,VIEW,2026-01-24 15:04:46
1510,209,VIEW,2026-02-05 05:48:45
1510,191,VIEW,2026-02-08 23:38:35
1510,198,VIEW,2026-02-09 05:54:35
1510,210,VIEW,2026-02-12 08:58:07
1510,189,VIEW,2026-02-14 10:48:24
1510,210,SEARCH,2026-02-17 02:19:20
1510,188,VIEW,2026-02-22 15:09:30
1510,190,FAVORITE,2026-02-25 21:08:13
1510,198,VIEW,2026-02-25 21:47:12
1510,190,VIEW,2026-03-04 15:11:39
1510,193,ADD_TO_CART,2026-03-10 02:23:20
1510,209,VIEW,2026-03-10 02:41:17
1510,207,FAVORITE,2026-03-11 08:23:18
1510,209,VIEW,2026-03-11 18:32:54
1510,189,ADD_TO_CART,2026-03-22 11:15:39
1510,218,VIEW,2026-03-28 12:37:52
1510,210,VIEW,2026-04-11 07:29:11
1510,208,FAVORITE,2026-04-14 14:19:14
1510,210,VIEW,2026-04-30 07:29:01
1510,186,VIEW,2026-05-27 22:13:31
1510,218,VIEW,2026-06-12 14:46:02
1510,190,VIEW,2026-06-12 22:26:25
1510,210,SEARCH,2026-06-17 09:16:00
1511,193,VIEW,2025-10-28 00:55:04
1511,192,SEARCH,2025-10-28 07:52:34
1511,211,VIEW,2025-11-07 10:35:34
1511,216,VIEW,2025-11-08 09:24:31
1511,202,VIEW,2025-11-10 00:06:08
1511,198,SEARCH,2025-11-17 17:42:13
1511,212,FAVORITE,2025-11-17 22:30:42
1511,212,VIEW,2025-11-19 00:58:09
1511,215,VIEW,2025-12-01 22:36:56
1511,192,VIEW,2025-12-02 15:31:00
1512,193,VIEW,2024-10-01 14:33:49
1512,201,VIEW,2024-12-06 05:51:34
1512,194,VIEW,2024-12-10 04:10:08
1512,210,VIEW,2024-12-22 06:34:56
1512,214,ADD_TO_CART,2024-12-31 01:02:20
1512,188,VIEW,2025-01-04 11:06:54
1512,213,VIEW,2025-01-06 20:00:54
1512,217,VIEW,2025-02-23 01:53:36
1512,194,VIEW,2025-03-13 09:27:47
1512,214,VIEW,2025-03-17 15:29:38
1512,194,SEARCH,2025-03-23 00:56:49
1512,213,SEARCH,2025-04-30 12:58:03
1512,201,VIEW,2025-05-25 19:47:19
1512,216,SEARCH,2025-06-12 21:58:09
1512,214,SEARCH,2025-06-13 08:52:34
1512,213,VIEW,2025-06-23 18:02:44
1512,213,VIEW,2025-07-03 08:09:26
1512,192,SEARCH,2025-08-18 13:48:01
1512,193,VIEW,2025-08-23 18:43:46
1512,201,VIEW,2025-11-01 11:16:56
1512,201,VIEW,2025-11-06 10:14:17
1512,194,VIEW,2025-11-09 01:08:15
1512,217,VIEW,2025-11-10 01:10:10
1512,199,VIEW,2025-12-01 02:08:43
1512,214,VIEW,2025-12-06 23:00:04
1512,194,VIEW,2026-01-08 04:38:13
1512,208,VIEW,2026-01-20 23:01:16
1512,194,VIEW,2026-02-06 04:58:25
1512,214,VIEW,2026-02-08 22:52:58
1512,186,VIEW,2026-03-03 14:03:12
1512,193,VIEW,2026-05-05 01:28:14
1512,213,VIEW,2026-06-06 21:28:32
1512,193,VIEW,2026-07-04 12:52:00
1513,204,SEARCH,2025-02-16 04:07:12
1513,187,VIEW,2025-02-28 13:03:37
1513,217,ADD_TO_CART,2025-03-06 22:18:41
1513,199,SHARE,2025-03-07 12:41:29
1513,181,SEARCH,2025-03-07 17:24:21
1513,179,ADD_TO_CART,2025-03-08 06:31:57
1513,202,SHARE,2025-03-15 05:30:16
1513,189,FAVORITE,2025-04-09 02:31:57
1513,191,VIEW,2025-04-30 06:45:14
1513,188,FAVORITE,2025-05-01 03:51:15
1513,182,VIEW,2025-05-14 17:42:21
1513,196,VIEW,2025-06-02 01:05:45
1513,199,VIEW,2025-06-06 03:41:58
1513,180,ADD_TO_CART,2025-06-16 19:03:40
1513,198,VIEW,2025-06-16 22:37:35
1513,210,VIEW,2025-06-27 21:28:10
1513,190,VIEW,2025-07-01 10:42:59
1513,218,VIEW,2025-08-01 11:18:50
1513,201,VIEW,2025-08-31 22:05:01
1513,184,VIEW,2025-09-13 16:31:59
1513,180,SEARCH,2025-09-25 09:36:08
1513,186,FAVORITE,2025-09-29 02:56:50
1513,199,VIEW,2025-09-29 09:02:03
1513,180,SEARCH,2025-09-29 09:38:15
1513,202,VIEW,2025-10-10 20:14:20
1513,190,ADD_TO_CART,2025-10-14 17:43:52
1513,197,VIEW,2025-10-15 13:45:04
1513,218,VIEW,2025-10-16 11:09:59
1513,184,VIEW,2025-10-27 05:54:58
1513,180,VIEW,2025-11-06 10:57:14
1513,179,ADD_TO_CART,2025-11-06 23:11:15
1513,195,VIEW,2025-11-10 15:15:28
1513,194,VIEW,2025-11-23 09:17:01
1513,179,VIEW,2025-12-05 15:37:07
1513,198,SEARCH,2025-12-10 16:28:28
1513,189,SEARCH,2025-12-20 16:20:12
1513,201,VIEW,2025-12-27 03:39:38
1513,201,FAVORITE,2025-12-29 18:04:32
1513,200,VIEW,2025-12-30 00:19:24
1513,209,SEARCH,2026-01-06 09:53:50
1513,199,FAVORITE,2026-01-09 05:31:05
1513,207,VIEW,2026-01-13 19:55:50
1513,212,VIEW,2026-01-14 06:17:30
1513,218,VIEW,2026-01-22 20:46:22
1513,212,VIEW,2026-01-25 18:14:07
1513,209,SEARCH,2026-01-29 03:06:41
1513,179,FAVORITE,2026-02-01 22:45:54
1513,199,SEARCH,2026-02-18 04:06:21
1513,206,VIEW,2026-02-28 00:14:50
1513,184,VIEW,2026-05-10 11:59:18
1513,217,VIEW,2026-05-11 02:20:34
1513,184,VIEW,2026-05-23 01:45:10
1513,180,VIEW,2026-05-27 15:21:38
1513,201,ADD_TO_CART,2026-06-07 10:17:00
1514,183,VIEW,2026-01-19 05:08:55
1514,205,VIEW,2026-01-21 02:14:04
1514,189,FAVORITE,2026-01-21 08:29:11
1514,180,VIEW,2026-01-28 10:28:59
1514,199,VIEW,2026-02-06 14:15:37
1514,197,VIEW,2026-02-07 19:39:57
1514,179,VIEW,2026-02-08 02:56:52
1514,186,VIEW,2026-02-11 18:47:30
1514,181,SHARE,2026-02-13 22:45:37
1514,180,VIEW,2026-02-16 23:39:20
1514,199,SEARCH,2026-02-17 22:50:36
1514,182,VIEW,2026-02-21 11:20:14
1514,203,VIEW,2026-02-21 22:12:01
1514,180,SEARCH,2026-02-22 02:59:53
1514,199,VIEW,2026-02-25 20:49:02
1514,207,SHARE,2026-03-02 01:26:06
1514,217,VIEW,2026-03-06 13:26:10
1514,204,SEARCH,2026-03-07 00:07:09
1514,182,FAVORITE,2026-03-09 06:02:02
1514,180,VIEW,2026-03-11 11:17:16
1514,204,VIEW,2026-03-15 03:51:02
1514,203,VIEW,2026-03-15 06:07:52
1514,198,VIEW,2026-03-15 11:03:54
1514,180,VIEW,2026-03-16 12:03:00
1514,199,VIEW,2026-03-23 10:27:16
1514,198,VIEW,2026-03-25 03:03:49
1514,187,VIEW,2026-03-29 07:15:51
1514,199,VIEW,2026-03-30 20:37:23
1514,181,VIEW,2026-04-09 16:31:20
1514,201,VIEW,2026-04-12 15:37:06
1514,199,SEARCH,2026-04-13 11:11:10
1514,181,VIEW,2026-04-24 18:17:00
1515,217,SEARCH,2025-12-31 12:06:18
1515,199,VIEW,2026-01-01 10:17:17
1515,195,VIEW,2026-01-01 15:15:28
1515,212,SHARE,2026-01-02 02:28:39
1515,217,VIEW,2026-01-03 12:13:27
1515,191,VIEW,2026-01-03 14:02:00
1515,207,SHARE,2026-01-09 15:46:12
1515,217,VIEW,2026-01-11 04:05:16
1515,195,ADD_TO_CART,2026-01-15 00:17:33
1515,187,VIEW,2026-01-15 10:34:28
1515,215,VIEW,2026-01-16 14:13:18
1515,204,VIEW,2026-01-18 16:55:07
1515,217,VIEW,2026-01-20 05:09:22
1515,216,ADD_TO_CART,2026-01-20 16:20:33
1515,195,SEARCH,2026-01-21 01:02:04
1515,188,VIEW,2026-01-24 23:29:56
1515,195,VIEW,2026-01-25 05:43:59
1515,188,SEARCH,2026-01-25 09:04:40
1515,185,VIEW,2026-01-27 11:20:05
1515,203,VIEW,2026-01-28 07:08:18
1515,217,FAVORITE,2026-01-31 15:09:34
1515,210,FAVORITE,2026-02-03 11:30:24
1515,195,SHARE,2026-02-04 18:16:27
1515,196,VIEW,2026-02-05 10:46:58
1515,215,SEARCH,2026-02-05 12:34:38
1515,217,VIEW,2026-02-08 15:18:02
1515,216,VIEW,2026-02-09 18:45:04
1515,213,VIEW,2026-02-10 14:00:35
1515,195,VIEW,2026-02-12 03:15:04
1515,216,VIEW,2026-02-14 04:46:41
1515,206,VIEW,2026-02-15 15:54:58
1515,217,VIEW,2026-02-15 17:28:17
1515,213,SEARCH,2026-02-17 09:01:33
1515,193,ADD_TO_CART,2026-02-19 13:46:54
1515,199,VIEW,2026-02-20 01:18:32
1515,217,VIEW,2026-02-21 03:45:42
1515,216,VIEW,2026-02-26 16:28:01
1515,204,VIEW,2026-02-28 02:37:44
1515,208,VIEW,2026-03-08 23:48:13
1515,216,VIEW,2026-03-09 10:35:31
1515,185,VIEW,2026-03-10 08:43:01
1515,197,VIEW,2026-03-11 02:39:08
1515,195,VIEW,2026-03-17 00:31:52
1515,195,VIEW,2026-03-19 04:36:50
1515,217,VIEW,2026-03-20 13:22:56
1515,217,VIEW,2026-03-22 10:51:39
1515,189,VIEW,2026-03-24 01:07:09
1515,217,VIEW,2026-03-24 05:27:51
1515,215,FAVORITE,2026-03-24 09:23:30
1515,207,VIEW,2026-03-25 11:44:52
1515,188,VIEW,2026-03-27 05:36:47
1515,217,ADD_TO_CART,2026-03-28 20:25:45
1515,196,VIEW,2026-03-29 15:08:21
1515,184,SEARCH,2026-03-30 01:48:47
1515,185,ADD_TO_CART,2026-03-30 19:18:33
1515,217,VIEW,2026-04-06 20:10:25
1515,217,VIEW,2026-04-09 21:50:40
1515,217,VIEW,2026-04-11 10:48:15
1515,215,VIEW,2026-04-13 03:20:36
1515,196,VIEW,2026-04-13 08:01:19
1515,205,ADD_TO_CART,2026-04-14 01:07:22
1515,217,VIEW,2026-04-14 18:10:29
1515,217,ADD_TO_CART,2026-04-14 19:21:48
1515,190,VIEW,2026-04-17 00:13:48
1515,201,VIEW,2026-04-17 14:30:27
1515,217,VIEW,2026-04-17 23:11:39
1515,217,SHARE,2026-04-18 12:53:38
1515,193,VIEW,2026-04-18 20:41:13
1515,205,VIEW,2026-04-20 21:28:48
1515,196,VIEW,2026-04-26 14:59:49
1515,215,VIEW,2026-04-27 13:06:46
1515,195,VIEW,2026-05-01 08:33:18
1515,216,VIEW,2026-05-02 00:19:09
1515,217,VIEW,2026-05-04 04:07:26
1515,194,VIEW,2026-05-04 04:40:31
1515,184,VIEW,2026-05-05 02:36:24
1515,215,SEARCH,2026-05-06 22:05:48
1515,199,SEARCH,2026-05-09 21:03:36
1515,188,ADD_TO_CART,2026-05-11 18:38:44
1515,202,ADD_TO_CART,2026-05-11 22:40:28
1515,216,VIEW,2026-05-12 17:04:27
1515,216,VIEW,2026-05-14 14:44:15
1515,196,VIEW,2026-05-16 16:42:43
1515,205,VIEW,2026-05-20 16:35:38
1515,187,ADD_TO_CART,2026-05-23 17:00:00
1516,179,FAVORITE,2024-09-01 21:19:29
1516,216,SEARCH,2024-10-04 17:59:24
1516,183,SEARCH,2024-10-30 04:38:09
1516,196,ADD_TO_CART,2024-11-12 15:22:05
1516,205,VIEW,2024-11-16 14:06:52
1516,194,VIEW,2024-11-18 07:33:09
1516,195,VIEW,2024-11-27 16:27:17
1516,213,VIEW,2024-12-12 09:45:14
1516,216,VIEW,2024-12-29 13:58:58
1516,181,VIEW,2024-12-31 22:51:14
1516,190,VIEW,2025-01-18 02:41:57
1516,213,VIEW,2025-02-06 14:43:43
1516,217,SEARCH,2025-02-18 17:35:57
1516,202,VIEW,2025-02-19 16:22:22
1516,196,VIEW,2025-03-09 08:23:10
1516,195,SHARE,2025-04-09 21:32:58
1516,209,VIEW,2025-05-14 04:58:11
1516,217,VIEW,2025-05-19 08:21:00
1516,195,SHARE,2025-06-09 02:33:14
1516,216,ADD_TO_CART,2025-06-11 12:35:54
1516,189,VIEW,2025-07-01 00:45:14
1516,184,SEARCH,2025-07-20 18:45:08
1516,180,VIEW,2025-07-25 23:33:05
1516,217,VIEW,2025-08-04 03:07:22
1516,190,SEARCH,2025-08-20 01:17:49
1516,210,SEARCH,2025-08-30 19:33:11
1516,206,SEARCH,2025-09-05 05:25:33
1516,187,VIEW,2025-09-28 08:12:18
1516,191,VIEW,2025-11-14 04:22:12
1516,183,SEARCH,2025-11-14 10:13:03
1516,203,VIEW,2025-11-24 18:34:51
1516,196,FAVORITE,2026-01-17 11:00:31
1516,214,VIEW,2026-02-03 04:23:27
1516,215,VIEW,2026-03-06 00:56:16
1516,208,VIEW,2026-03-10 09:38:32
1516,217,VIEW,2026-04-18 10:05:27
1516,210,FAVORITE,2026-05-17 16:11:00
1517,196,SEARCH,2025-02-12 11:26:23
1517,217,VIEW,2025-03-22 16:44:52
1517,210,VIEW,2025-04-08 06:58:18
1517,218,VIEW,2025-04-24 00:08:59
1517,210,ADD_TO_CART,2025-05-15 11:20:18
1517,200,VIEW,2025-05-31 15:01:12
1517,212,VIEW,2025-06-08 11:54:22
1517,218,ADD_TO_CART,2025-06-21 08:20:06
1517,185,VIEW,2025-06-21 18:05:40
1517,205,VIEW,2025-06-26 19:41:42
1517,215,VIEW,2025-06-27 03:30:37
1517,218,VIEW,2025-08-02 11:34:58
1517,211,VIEW,2025-08-08 00:36:31
1517,202,VIEW,2025-08-14 21:55:32
1517,209,VIEW,2025-08-15 08:48:31
1517,218,FAVORITE,2025-08-19 04:03:08
1517,210,SEARCH,2025-09-05 04:17:52
1517,206,ADD_TO_CART,2025-09-20 20:07:37
1517,202,VIEW,2025-09-24 22:16:04
1517,218,VIEW,2025-10-13 22:02:29
1517,217,SEARCH,2025-10-14 01:29:00
1517,192,VIEW,2025-10-18 13:21:00
1517,205,SEARCH,2025-10-25 03:21:45
1517,199,VIEW,2025-11-10 13:39:05
1517,217,VIEW,2025-11-15 23:05:13
1517,183,SEARCH,2025-11-21 07:25:30
1517,216,VIEW,2025-11-23 19:01:37
1517,189,FAVORITE,2025-12-04 04:17:21
1517,209,SEARCH,2025-12-11 13:04:58
1517,192,ADD_TO_CART,2025-12-21 07:08:40
1517,190,FAVORITE,2025-12-22 15:38:25
1517,186,VIEW,2025-12-26 13:46:37
1517,183,ADD_TO_CART,2026-01-01 06:32:23
1517,213,VIEW,2026-01-05 04:02:48
1517,218,VIEW,2026-01-10 15:14:29
1517,182,SEARCH,2026-01-20 17:21:56
1517,209,VIEW,2026-01-26 16:14:29
1517,218,VIEW,2026-01-28 04:47:12
1517,218,VIEW,2026-02-17 16:53:43
1517,218,SHARE,2026-02-24 11:51:29
1517,192,VIEW,2026-03-12 01:30:30
1517,208,VIEW,2026-03-19 13:47:19
1517,196,VIEW,2026-03-22 07:06:08
1517,192,VIEW,2026-04-03 17:10:39
1517,183,SEARCH,2026-04-11 23:35:19
1517,217,VIEW,2026-04-22 23:43:54
1517,195,VIEW,2026-04-27 03:10:02
1517,187,VIEW,2026-05-20 10:07:49
1517,210,VIEW,2026-05-23 09:24:22
1517,180,SHARE,2026-06-01 20:15:38
1517,192,VIEW,2026-06-15 15:20:00
1518,199,VIEW,2024-12-23 07:37:22
1518,180,SEARCH,2025-01-11 11:43:06
1518,183,VIEW,2025-01-22 20:06:01
1518,207,ADD_TO_CART,2025-02-11 16:48:45
1518,198,VIEW,2025-03-08 13:41:30
1518,207,VIEW,2025-03-18 13:40:55
1518,186,VIEW,2025-03-20 17:36:00
1518,182,VIEW,2025-03-24 10:01:58
1518,197,VIEW,2025-03-31 05:06:48
1518,180,SEARCH,2025-04-15 00:01:00
1518,191,VIEW,2025-04-21 04:43:00
1518,198,ADD_TO_CART,2025-05-22 02:17:55
1518,190,VIEW,2025-06-02 14:11:27
1518,179,SHARE,2025-06-14 04:39:40
1518,184,VIEW,2025-06-16 08:14:27
1518,181,VIEW,2025-06-18 15:41:27
1518,205,VIEW,2025-07-13 14:50:41
1518,217,VIEW,2025-07-24 20:03:33
1518,209,VIEW,2025-07-29 16:17:58
1518,181,SEARCH,2025-08-08 03:51:11
1518,198,FAVORITE,2025-08-20 02:59:34
1518,181,SEARCH,2025-09-30 00:24:11
1518,187,VIEW,2025-10-03 10:10:13
1518,198,VIEW,2025-10-19 00:53:55
1518,199,VIEW,2025-11-12 21:26:31
1518,195,VIEW,2025-11-26 06:29:43
1518,189,VIEW,2025-12-13 00:46:02
1518,181,ADD_TO_CART,2025-12-23 23:56:33
1518,180,SEARCH,2025-12-31 16:37:50
1518,197,VIEW,2026-01-14 06:27:59
1518,198,ADD_TO_CART,2026-02-06 05:42:36
1518,181,VIEW,2026-02-13 20:25:29
1518,190,VIEW,2026-02-16 17:11:23
1518,192,VIEW,2026-02-26 14:00:45
1518,211,SEARCH,2026-03-10 22:10:31
1518,202,SEARCH,2026-03-13 21:57:55
1518,189,FAVORITE,2026-03-20 04:22:32
1518,180,SEARCH,2026-03-27 23:08:22
1518,191,VIEW,2026-03-28 11:30:55
1518,181,SEARCH,2026-04-01 01:53:19
1518,180,VIEW,2026-04-10 13:30:41
1518,206,VIEW,2026-04-23 17:20:00
1519,202,SEARCH,2024-12-31 17:18:09
1519,212,SHARE,2025-01-07 10:54:22
1519,210,SEARCH,2025-02-28 00:30:54
1519,203,SEARCH,2025-03-29 03:27:07
1519,211,VIEW,2025-05-19 14:13:37
1519,204,VIEW,2025-05-21 05:27:27
1519,211,VIEW,2025-06-02 02:16:19
1519,215,VIEW,2025-06-05 18:12:32
1519,210,VIEW,2025-06-21 06:06:35
1519,212,VIEW,2025-06-26 02:37:35
1519,215,FAVORITE,2025-06-27 17:45:55
1519,181,SEARCH,2025-07-01 19:25:59
1519,211,VIEW,2025-07-04 17:59:41
1519,205,VIEW,2025-07-20 03:18:03
1519,187,SEARCH,2025-08-09 15:04:45
1519,212,VIEW,2025-09-07 06:57:27
1519,194,VIEW,2025-09-17 01:52:37
1519,181,VIEW,2025-09-30 05:35:51
1519,202,VIEW,2025-10-16 01:35:22
1519,211,ADD_TO_CART,2025-12-07 08:08:42
1519,190,ADD_TO_CART,2025-12-23 01:00:08
1519,209,FAVORITE,2026-01-08 12:41:31
1519,206,VIEW,2026-02-03 05:38:14
1519,212,VIEW,2026-02-07 16:35:28
1519,203,FAVORITE,2026-02-23 11:40:19
1519,210,VIEW,2026-03-07 19:36:43
1519,212,SHARE,2026-05-08 00:00:36
1519,196,VIEW,2026-05-11 21:46:11
1519,215,ADD_TO_CART,2026-05-30 20:55:49
1519,192,VIEW,2026-06-27 17:59:00
1520,187,VIEW,2025-07-13 13:40:00
1520,209,FAVORITE,2025-08-08 14:41:01
1520,203,VIEW,2025-08-12 11:54:53
1520,196,VIEW,2025-08-26 12:07:09
1520,218,VIEW,2025-08-29 16:19:06
1520,186,ADD_TO_CART,2025-08-31 07:24:49
1520,186,VIEW,2025-09-15 17:05:15
1520,203,VIEW,2025-09-20 03:22:20
1520,187,VIEW,2025-09-21 03:09:24
1520,187,VIEW,2025-09-21 15:50:32
1520,185,VIEW,2025-09-22 13:57:39
1520,204,VIEW,2025-09-25 21:41:34
1520,186,SEARCH,2025-09-26 19:48:48
1520,205,SEARCH,2025-09-26 21:48:23
1520,215,SEARCH,2025-09-30 15:30:50
1520,195,FAVORITE,2025-10-01 17:59:41
1520,185,VIEW,2025-10-03 23:42:54
1520,217,SHARE,2025-10-04 14:00:37
1520,183,VIEW,2025-10-04 15:48:32
1520,188,VIEW,2025-10-11 00:56:05
1520,203,VIEW,2025-10-15 17:09:24
1520,181,VIEW,2025-10-16 18:39:38
1520,209,SEARCH,2025-10-20 01:25:17
1520,213,VIEW,2025-10-25 23:18:32
1520,217,SHARE,2025-10-29 10:18:58
1520,185,VIEW,2025-10-31 20:16:02
1520,202,SEARCH,2025-11-17 12:43:08
1520,216,ADD_TO_CART,2025-11-18 10:30:56
1520,205,VIEW,2025-11-19 03:09:44
1520,181,VIEW,2025-11-25 00:23:40
1520,215,SHARE,2025-11-27 23:55:37
1520,208,SEARCH,2025-12-03 08:44:01
1520,187,SEARCH,2025-12-03 14:07:37
1520,205,VIEW,2025-12-04 09:29:30
1520,195,SEARCH,2025-12-16 10:26:21
1520,187,VIEW,2025-12-17 07:36:18
1520,187,VIEW,2025-12-19 18:34:23
1520,186,SHARE,2025-12-19 20:50:40
1520,187,SHARE,2025-12-20 19:14:19
1520,203,VIEW,2025-12-22 21:29:28
1520,217,SEARCH,2026-01-03 21:02:51
1520,195,FAVORITE,2026-01-06 01:54:41
1520,210,ADD_TO_CART,2026-01-06 22:49:41
1520,186,SEARCH,2026-01-13 14:24:20
1520,210,VIEW,2026-01-17 03:47:39
1520,186,ADD_TO_CART,2026-01-19 14:43:40
1520,216,VIEW,2026-01-25 14:45:35
1520,217,SEARCH,2026-02-05 06:31:48
1520,217,ADD_TO_CART,2026-02-06 12:56:30
1520,215,SEARCH,2026-02-08 06:59:59
1520,187,VIEW,2026-02-12 17:27:19
1520,209,VIEW,2026-02-13 03:09:29
1520,187,SEARCH,2026-02-16 00:46:54
1520,207,VIEW,2026-02-16 03:34:07
1520,215,FAVORITE,2026-02-19 00:46:21
1520,203,VIEW,2026-02-23 00:53:46
1520,195,VIEW,2026-02-24 23:59:27
1520,196,VIEW,2026-02-27 16:27:30
1520,186,ADD_TO_CART,2026-03-01 15:43:46
1520,187,VIEW,2026-03-09 13:02:55
1520,184,SEARCH,2026-03-13 20:50:26
1520,204,ADD_TO_CART,2026-03-15 00:07:52
1520,200,VIEW,2026-03-20 15:57:06
1520,209,FAVORITE,2026-03-23 10:08:36
1520,203,SEARCH,2026-03-24 01:33:07
1520,196,VIEW,2026-03-25 02:37:23
1520,216,SEARCH,2026-03-28 08:29:22
1520,183,VIEW,2026-04-06 02:04:34
1520,187,VIEW,2026-04-21 17:46:21
1520,203,SEARCH,2026-04-23 08:12:07
1520,217,VIEW,2026-04-23 20:06:20
1520,217,SEARCH,2026-05-07 20:29:04
1520,210,VIEW,2026-05-14 07:18:00
1520,185,VIEW,2026-05-20 02:35:59
1520,185,VIEW,2026-05-21 13:47:33
1520,182,VIEW,2026-05-26 09:20:23
1520,187,VIEW,2026-05-29 09:18:28
1520,188,VIEW,2026-05-29 17:18:55
1520,210,SEARCH,2026-05-30 11:33:28
1520,185,VIEW,2026-06-01 21:18:55
1520,186,SEARCH,2026-06-02 01:38:38
1520,203,SHARE,2026-06-04 20:05:06
1520,185,SEARCH,2026-06-05 06:44:13
1520,213,VIEW,2026-06-05 13:54:01
1520,189,VIEW,2026-06-15 18:51:06
1520,211,VIEW,2026-06-18 11:00:26
1520,186,VIEW,2026-06-18 14:55:00
1521,184,SEARCH,2026-04-23 17:17:56
1521,197,ADD_TO_CART,2026-04-24 14:48:14
1521,201,VIEW,2026-04-25 17:50:13
1521,183,FAVORITE,2026-04-28 16:32:40
1521,202,ADD_TO_CART,2026-04-28 23:48:00
1521,210,SHARE,2026-04-29 09:26:39
1521,184,ADD_TO_CART,2026-05-01 14:20:14
1521,202,VIEW,2026-05-01 15:42:35
1521,211,VIEW,2026-05-02 19:10:52
1521,184,VIEW,2026-05-03 16:11:01
1521,184,SEARCH,2026-05-04 22:15:17
1521,184,VIEW,2026-05-05 14:28:02
1521,202,VIEW,2026-05-05 23:29:38
1521,206,ADD_TO_CART,2026-05-06 14:28:01
1521,217,SEARCH,2026-05-07 06:10:44
1521,201,VIEW,2026-05-07 12:54:38
1521,202,VIEW,2026-05-07 14:55:40
1521,193,VIEW,2026-05-09 01:59:26
1521,209,VIEW,2026-05-10 00:09:59
1521,196,ADD_TO_CART,2026-05-11 20:13:37
1521,184,VIEW,2026-05-12 10:50:06
1521,183,VIEW,2026-05-12 20:01:34
1521,183,VIEW,2026-05-13 12:37:45
1521,201,VIEW,2026-05-14 04:19:54
1521,184,VIEW,2026-05-16 22:26:53
1521,184,VIEW,2026-05-17 02:23:37
1521,218,VIEW,2026-05-18 06:01:37
1521,217,SEARCH,2026-05-18 07:00:44
1521,201,VIEW,2026-05-22 18:00:01
1521,201,ADD_TO_CART,2026-05-23 07:32:23
1521,216,VIEW,2026-05-23 10:25:17
1521,184,VIEW,2026-05-23 12:33:54
1521,182,VIEW,2026-05-24 08:34:52
1521,213,VIEW,2026-05-25 15:38:32
1521,209,VIEW,2026-05-26 08:17:35
1521,183,SEARCH,2026-05-26 09:17:16
1521,182,FAVORITE,2026-05-28 11:40:16
1521,205,FAVORITE,2026-05-29 05:26:04
1521,186,VIEW,2026-05-29 07:11:02
1521,201,VIEW,2026-06-01 18:20:07
1521,183,SHARE,2026-06-02 05:57:15
1521,184,VIEW,2026-06-03 17:50:46
1521,200,VIEW,2026-06-03 23:24:14
1521,212,SEARCH,2026-06-04 03:31:46
1521,183,ADD_TO_CART,2026-06-05 04:04:52
1521,201,VIEW,2026-06-05 12:47:50
1521,209,VIEW,2026-06-05 13:37:17
1521,202,ADD_TO_CART,2026-06-06 09:43:50
1521,217,VIEW,2026-06-06 23:26:57
1521,179,VIEW,2026-06-07 08:01:04
1521,182,VIEW,2026-06-07 18:11:34
1521,183,SEARCH,2026-06-10 02:13:41
1521,217,VIEW,2026-06-11 01:57:00
1521,195,VIEW,2026-06-11 12:18:49
1521,201,VIEW,2026-06-11 16:31:45
1521,211,ADD_TO_CART,2026-06-12 06:46:17
1521,195,VIEW,2026-06-13 22:03:28
1521,183,VIEW,2026-06-14 13:56:53
1521,193,VIEW,2026-06-15 18:40:27
1521,217,VIEW,2026-06-15 23:31:01
1521,217,ADD_TO_CART,2026-06-16 00:57:08
1521,200,ADD_TO_CART,2026-06-16 02:39:11
1521,183,ADD_TO_CART,2026-06-16 04:12:34
1521,215,VIEW,2026-06-16 23:30:09
1521,196,VIEW,2026-06-20 11:20:47
1521,202,SEARCH,2026-06-21 02:49:13
1521,195,VIEW,2026-06-21 06:42:55
1521,201,VIEW,2026-06-21 10:41:29
1521,207,VIEW,2026-06-24 03:33:42
1521,201,VIEW,2026-06-26 02:10:36
1521,185,VIEW,2026-06-26 10:02:00
1522,206,VIEW,2026-03-13 04:22:57
1522,203,SEARCH,2026-03-15 00:08:15
1522,198,SEARCH,2026-03-15 09:32:19
1522,194,VIEW,2026-03-19 08:30:12
1522,205,FAVORITE,2026-03-19 11:30:26
1522,181,VIEW,2026-03-19 18:10:33
1522,216,VIEW,2026-03-21 03:31:48
1522,214,VIEW,2026-03-23 21:42:58
1522,195,VIEW,2026-03-28 10:16:53
1522,179,SEARCH,2026-03-29 08:49:35
1522,185,SHARE,2026-03-30 03:31:45
1522,185,VIEW,2026-04-01 02:46:02
1522,198,SHARE,2026-04-01 21:44:45
1522,197,VIEW,2026-04-02 10:47:50
1522,181,SEARCH,2026-04-02 14:28:20
1522,198,VIEW,2026-04-02 18:47:51
1522,191,SEARCH,2026-04-13 05:10:39
1522,185,SHARE,2026-04-14 23:28:34
1522,199,VIEW,2026-04-15 09:03:35
1522,205,VIEW,2026-04-19 22:52:40
1522,181,VIEW,2026-04-20 19:35:25
1522,181,VIEW,2026-04-21 09:36:22
1522,203,VIEW,2026-04-22 01:52:39
1522,218,VIEW,2026-04-22 04:30:12
1522,180,VIEW,2026-04-22 18:55:05
1522,199,VIEW,2026-04-24 08:37:58
1522,180,VIEW,2026-04-24 22:59:04
1522,187,VIEW,2026-04-25 02:59:55
1522,179,VIEW,2026-04-28 06:48:04
1522,188,VIEW,2026-04-29 08:41:46
1522,191,VIEW,2026-04-29 15:45:58
1522,195,SEARCH,2026-04-30 03:34:54
1522,199,VIEW,2026-04-30 19:32:50
1522,218,VIEW,2026-04-30 20:19:29
1522,199,VIEW,2026-05-02 07:13:39
1522,180,VIEW,2026-05-02 18:12:54
1522,198,VIEW,2026-05-03 13:15:11
1522,208,SEARCH,2026-05-04 12:03:49
1522,197,VIEW,2026-05-04 12:14:40
1522,181,SEARCH,2026-05-04 18:46:33
1522,206,VIEW,2026-05-05 16:37:09
1522,179,VIEW,2026-05-06 04:31:39
1522,188,VIEW,2026-05-07 10:41:32
1522,205,VIEW,2026-05-08 08:37:11
1522,197,FAVORITE,2026-05-08 11:26:45
1522,185,VIEW,2026-05-09 09:30:54
1522,193,VIEW,2026-05-09 10:05:28
1522,194,VIEW,2026-05-10 03:06:16
1522,193,ADD_TO_CART,2026-05-10 22:56:58
1522,195,ADD_TO_CART,2026-05-11 12:31:44
1522,201,VIEW,2026-05-11 22:29:28
1522,215,VIEW,2026-05-12 04:42:21
1522,186,FAVORITE,2026-05-14 13:41:21
1522,214,SEARCH,2026-05-15 01:10:44
1522,218,VIEW,2026-05-15 08:34:13
1522,205,ADD_TO_CART,2026-05-15 18:44:56
1522,188,VIEW,2026-05-17 07:36:27
1522,197,VIEW,2026-05-17 07:56:58
1522,207,VIEW,2026-05-17 10:05:45
1522,198,ADD_TO_CART,2026-05-17 12:28:54
1522,180,VIEW,2026-05-19 11:56:08
1522,179,ADD_TO_CART,2026-05-20 12:20:01
1522,189,VIEW,2026-05-22 09:06:32
1522,205,VIEW,2026-05-26 11:02:00
1522,198,VIEW,2026-05-27 01:01:28
1522,204,VIEW,2026-05-27 03:44:06
1522,209,VIEW,2026-05-28 11:35:25
1522,197,ADD_TO_CART,2026-05-28 15:19:09
1522,205,VIEW,2026-05-31 01:17:11
1522,198,VIEW,2026-06-02 11:12:00
1523,216,SEARCH,2024-08-22 23:49:37
1523,215,SHARE,2024-09-19 22:58:06
1523,215,FAVORITE,2024-10-13 06:42:43
1523,186,VIEW,2024-10-28 18:15:27
1523,195,FAVORITE,2024-11-16 03:07:37
1523,185,VIEW,2024-12-04 07:48:02
1523,217,VIEW,2024-12-10 20:39:52
1523,216,VIEW,2024-12-11 04:48:02
1523,180,VIEW,2024-12-26 05:55:38
1523,216,VIEW,2025-01-13 18:00:23
1523,203,VIEW,2025-01-22 08:31:54
1523,209,VIEW,2025-02-09 04:52:10
1523,198,VIEW,2025-02-10 19:26:49
1523,215,ADD_TO_CART,2025-03-12 02:16:49
1523,180,FAVORITE,2025-03-14 05:50:52
1523,194,VIEW,2025-04-03 10:54:08
1523,180,SEARCH,2025-04-06 02:28:42
1523,197,VIEW,2025-04-19 10:25:11
1523,217,FAVORITE,2025-05-23 04:05:19
1523,197,SEARCH,2025-05-24 05:02:12
1523,196,VIEW,2025-05-30 20:06:30
1523,196,VIEW,2025-05-31 18:06:15
1523,216,VIEW,2025-06-18 02:37:02
1523,216,VIEW,2025-07-01 06:18:18
1523,217,VIEW,2025-07-15 14:13:25
1523,195,VIEW,2025-07-21 05:55:57
1523,195,VIEW,2025-07-31 17:10:00
1523,180,VIEW,2025-08-11 19:08:32
1523,202,VIEW,2025-08-30 02:23:22
1523,196,VIEW,2025-09-06 21:54:56
1523,182,VIEW,2025-09-21 14:23:07
1523,197,VIEW,2025-09-25 05:55:58
1523,182,VIEW,2025-10-01 14:30:58
1523,195,ADD_TO_CART,2025-10-09 01:34:32
1523,215,VIEW,2025-10-11 16:22:24
1523,217,VIEW,2025-10-20 09:49:51
1523,195,VIEW,2025-10-29 03:42:07
1523,189,SEARCH,2025-11-01 15:40:40
1523,213,SHARE,2025-11-23 20:54:45
1523,190,SEARCH,2025-11-24 04:17:18
1523,215,SEARCH,2025-11-30 05:09:48
1523,199,SEARCH,2025-12-04 06:28:18
1523,195,ADD_TO_CART,2025-12-11 15:44:33
1523,200,SEARCH,2025-12-20 16:18:29
1523,217,VIEW,2025-12-24 13:33:53
1523,190,SHARE,2025-12-29 19:12:37
1523,197,VIEW,2026-01-02 03:30:46
1523,195,VIEW,2026-01-09 16:34:18
1523,218,VIEW,2026-01-11 22:04:56
1523,199,VIEW,2026-01-24 23:16:42
1523,187,FAVORITE,2026-02-01 01:15:56
1523,193,VIEW,2026-03-04 22:30:09
1523,198,VIEW,2026-03-28 22:16:59
1523,181,VIEW,2026-04-07 15:20:03
1523,212,FAVORITE,2026-04-16 07:43:36
1523,216,VIEW,2026-04-20 19:09:07
1523,195,SEARCH,2026-04-21 19:53:32
1523,198,SEARCH,2026-04-30 14:08:45
1523,196,VIEW,2026-05-12 06:21:07
1523,184,VIEW,2026-05-16 03:02:12
1523,196,VIEW,2026-05-16 10:19:57
1523,196,VIEW,2026-06-01 17:23:53
1523,196,VIEW,2026-06-03 23:35:50
1523,182,SEARCH,2026-07-07 11:46:00
1524,181,VIEW,2025-06-14 19:14:16
1524,199,ADD_TO_CART,2025-07-28 05:05:08
1524,209,ADD_TO_CART,2025-07-28 13:00:37
1524,212,VIEW,2025-08-23 22:28:25
1524,180,VIEW,2025-09-02 22:12:26
1524,191,VIEW,2025-09-03 03:05:35
1524,217,VIEW,2025-09-19 09:03:16
1524,181,VIEW,2025-10-03 20:33:08
1524,180,SEARCH,2025-10-09 23:41:35
1524,190,VIEW,2025-10-11 16:39:16
1524,199,VIEW,2025-10-16 12:55:00
1524,189,SEARCH,2025-10-19 01:45:53
1524,202,VIEW,2025-10-26 01:07:23
1524,199,SEARCH,2025-10-28 02:36:22
1524,181,VIEW,2025-11-05 17:20:40
1524,180,SEARCH,2025-11-08 10:31:48
1524,194,VIEW,2026-01-08 22:01:47
1524,198,ADD_TO_CART,2026-01-25 21:07:06
1524,217,VIEW,2026-02-10 08:12:36
1524,210,SEARCH,2026-02-18 19:05:50
1524,181,VIEW,2026-03-03 09:00:23
1524,191,VIEW,2026-03-04 01:03:08
1524,207,VIEW,2026-03-07 03:08:04
1524,181,VIEW,2026-03-26 23:12:09
1524,180,SEARCH,2026-03-27 21:11:03
1524,198,VIEW,2026-03-29 18:17:06
1524,199,VIEW,2026-04-21 07:25:15
1524,179,VIEW,2026-04-23 01:39:28
1524,217,ADD_TO_CART,2026-05-09 06:58:33
1524,179,VIEW,2026-05-24 07:14:50
1524,198,VIEW,2026-05-26 12:54:00
1525,184,VIEW,2026-05-28 12:26:27
1525,204,SHARE,2026-05-28 13:23:09
1525,212,VIEW,2026-05-28 14:46:59
1525,196,VIEW,2026-05-29 03:06:34
1525,184,VIEW,2026-05-29 10:38:21
1525,189,VIEW,2026-05-29 15:31:32
1525,183,SEARCH,2026-05-30 06:38:34
1525,192,VIEW,2026-05-30 10:14:57
1525,196,ADD_TO_CART,2026-05-31 21:04:58
1525,187,VIEW,2026-06-01 13:49:01
1525,183,VIEW,2026-06-02 11:26:15
1525,188,ADD_TO_CART,2026-06-02 18:45:30
1525,180,VIEW,2026-06-03 11:52:11
1525,203,SEARCH,2026-06-05 12:53:00
1525,217,SHARE,2026-06-05 14:59:38
1525,184,ADD_TO_CART,2026-06-05 20:21:19
1525,209,VIEW,2026-06-06 06:38:23
1525,215,VIEW,2026-06-06 09:18:30
1525,203,VIEW,2026-06-06 13:32:19
1525,192,FAVORITE,2026-06-06 18:54:44
1525,190,SHARE,2026-06-07 10:28:49
1525,212,VIEW,2026-06-08 05:46:23
1525,201,SEARCH,2026-06-08 14:46:54
1525,208,VIEW,2026-06-09 04:18:29
1525,197,FAVORITE,2026-06-09 14:28:44
1525,211,VIEW,2026-06-09 22:46:26
1525,193,SHARE,2026-06-10 09:59:19
1525,202,VIEW,2026-06-11 08:45:32
1525,194,VIEW,2026-06-12 08:43:15
1525,184,ADD_TO_CART,2026-06-12 13:33:16
1525,213,VIEW,2026-06-12 23:11:31
1525,206,SEARCH,2026-06-13 12:46:41
1525,212,VIEW,2026-06-14 06:42:21
1525,190,VIEW,2026-06-14 16:36:02
1525,192,VIEW,2026-06-15 12:19:54
1525,212,VIEW,2026-06-18 12:07:50
1525,182,SHARE,2026-06-18 13:12:03
1525,190,VIEW,2026-06-19 04:49:36
1525,183,SEARCH,2026-06-19 15:56:01
1525,202,VIEW,2026-06-20 10:50:02
1525,192,SEARCH,2026-06-21 01:51:10
1525,197,SEARCH,2026-06-21 03:36:21
1525,212,VIEW,2026-06-21 22:14:39
1525,193,ADD_TO_CART,2026-06-21 23:18:58
1525,187,VIEW,2026-06-22 03:59:32
1525,202,VIEW,2026-06-22 05:10:34
1525,211,FAVORITE,2026-06-22 21:15:23
1525,192,VIEW,2026-06-23 07:11:52
1525,211,VIEW,2026-06-24 16:12:46
1525,212,VIEW,2026-06-24 23:23:49
1525,210,VIEW,2026-06-25 04:37:40
1525,212,SEARCH,2026-06-25 12:11:58
1525,202,SEARCH,2026-06-25 22:25:27
1525,182,VIEW,2026-06-26 11:48:46
1525,194,VIEW,2026-06-27 09:27:28
1525,188,VIEW,2026-06-27 15:40:55
1525,202,ADD_TO_CART,2026-06-27 21:29:35
1525,192,VIEW,2026-06-28 03:46:54
1525,211,VIEW,2026-06-28 05:24:35
1525,203,VIEW,2026-06-28 08:05:15
1525,211,VIEW,2026-06-28 10:49:35
1525,212,SEARCH,2026-06-29 22:28:39
1525,183,VIEW,2026-06-30 03:36:26
1525,217,ADD_TO_CART,2026-07-01 04:24:48
1525,211,VIEW,2026-07-01 07:06:33
1525,186,ADD_TO_CART,2026-07-01 12:20:41
1525,188,ADD_TO_CART,2026-07-02 05:03:28
1525,212,SEARCH,2026-07-02 17:33:00
1526,213,SEARCH,2024-09-13 00:35:30
1526,193,VIEW,2024-09-29 13:08:05
1526,190,VIEW,2024-10-20 10:18:44
1526,193,VIEW,2024-12-01 12:48:33
1526,194,VIEW,2024-12-04 13:03:18
1526,185,SEARCH,2024-12-13 00:22:13
1526,194,VIEW,2024-12-16 12:09:57
1526,205,VIEW,2024-12-19 23:05:59
1526,210,SEARCH,2025-01-07 23:03:18
1526,194,SEARCH,2025-02-09 12:43:15
1526,193,VIEW,2025-02-11 13:19:29
1526,194,VIEW,2025-02-21 15:55:16
1526,189,VIEW,2025-02-25 10:22:50
1526,209,VIEW,2025-02-28 00:01:47
1526,203,VIEW,2025-03-01 00:33:45
1526,210,ADD_TO_CART,2025-03-01 13:32:26
1526,193,SEARCH,2025-03-18 16:26:06
1526,191,VIEW,2025-05-09 02:10:35
1526,191,ADD_TO_CART,2025-05-09 07:09:14
1526,209,VIEW,2025-05-11 23:32:44
1526,193,VIEW,2025-05-12 13:37:34
1526,194,VIEW,2025-06-06 21:36:06
1526,193,VIEW,2025-06-09 17:36:51
1526,213,ADD_TO_CART,2025-06-16 20:27:45
1526,209,SHARE,2025-06-21 01:26:10
1526,214,VIEW,2025-08-05 03:36:42
1526,207,SEARCH,2025-08-18 00:27:49
1526,193,VIEW,2025-09-08 15:05:45
1526,194,FAVORITE,2025-09-12 06:13:08
1526,207,SEARCH,2025-09-18 01:37:32
1526,190,SHARE,2025-09-22 13:41:33
1526,194,VIEW,2025-09-28 02:15:31
1526,193,SEARCH,2025-10-16 19:39:21
1526,193,ADD_TO_CART,2025-10-18 09:57:06
1526,194,VIEW,2025-10-25 11:37:57
1526,203,ADD_TO_CART,2025-10-28 17:23:43
1526,179,SEARCH,2025-10-30 06:40:28
1526,189,VIEW,2025-11-09 09:31:36
1526,213,ADD_TO_CART,2025-11-18 05:32:43
1526,214,SEARCH,2025-12-01 12:33:53
1526,194,ADD_TO_CART,2025-12-15 05:47:43
1526,213,SEARCH,2025-12-23 13:49:05
1526,193,VIEW,2025-12-28 21:32:44
1526,204,VIEW,2025-12-30 17:29:08
1526,213,VIEW,2026-01-01 15:00:43
1526,194,SEARCH,2026-01-21 00:16:57
1526,213,VIEW,2026-01-21 22:33:29
1526,210,VIEW,2026-01-24 19:42:05
1526,212,ADD_TO_CART,2026-01-24 23:13:04
1526,213,SEARCH,2026-02-02 01:11:28
1526,194,VIEW,2026-02-07 20:54:49
1526,214,VIEW,2026-02-09 14:38:05
1526,213,VIEW,2026-02-11 15:00:48
1526,213,VIEW,2026-02-24 04:29:48
1526,181,FAVORITE,2026-02-27 19:41:52
1526,193,SEARCH,2026-03-01 09:44:03
1526,191,VIEW,2026-03-29 13:36:29
1526,181,ADD_TO_CART,2026-03-29 21:39:02
1526,209,SEARCH,2026-04-05 07:31:30
1526,210,VIEW,2026-04-19 08:56:27
1526,193,SEARCH,2026-05-22 14:07:02
1526,189,VIEW,2026-05-24 14:09:54
1526,194,VIEW,2026-06-05 13:35:00
1527,184,VIEW,2025-11-11 21:09:08
1527,190,SEARCH,2025-11-12 07:35:05
1527,184,VIEW,2025-12-02 22:04:18
1527,183,VIEW,2025-12-08 18:26:44
1527,201,VIEW,2025-12-17 15:56:22
1527,216,VIEW,2025-12-24 09:42:36
1527,182,VIEW,2025-12-28 00:36:30
1527,184,VIEW,2026-02-02 23:07:57
1527,194,VIEW,2026-02-17 03:46:20
1527,216,VIEW,2026-02-18 18:17:40
1527,201,SEARCH,2026-02-28 09:35:47
1527,212,VIEW,2026-03-02 10:21:25
1527,182,ADD_TO_CART,2026-03-08 05:28:38
1527,183,FAVORITE,2026-03-16 03:48:26
1527,182,VIEW,2026-03-17 17:04:25
1527,186,VIEW,2026-03-21 10:21:14
1527,209,VIEW,2026-03-23 20:29:39
1527,182,VIEW,2026-03-25 22:34:55
1527,202,FAVORITE,2026-03-26 14:50:11
1527,194,SEARCH,2026-03-31 10:18:38
1527,213,VIEW,2026-04-03 23:56:14
1527,202,SEARCH,2026-04-05 11:54:10
1527,183,SEARCH,2026-04-12 15:04:03
1527,184,VIEW,2026-04-19 03:11:11
1527,189,SHARE,2026-04-19 05:28:11
1527,183,SEARCH,2026-04-21 01:37:25
1527,218,SEARCH,2026-04-21 01:48:58
1527,207,SHARE,2026-04-21 23:33:02
1527,201,VIEW,2026-05-20 11:59:55
1527,202,SEARCH,2026-05-25 21:28:03
1527,194,VIEW,2026-06-01 08:36:00
1527,184,VIEW,2026-06-06 16:44:00
1528,203,VIEW,2024-12-30 02:53:47
1528,197,VIEW,2025-01-25 07:10:05
1528,182,VIEW,2025-01-27 06:23:24
1528,188,VIEW,2025-02-17 11:29:51
1528,187,VIEW,2025-03-23 10:09:36
1528,185,VIEW,2025-04-08 11:46:03
1528,185,SEARCH,2025-04-23 11:33:37
1528,185,FAVORITE,2025-04-27 08:24:03
1528,186,VIEW,2025-05-01 22:10:32
1528,190,SHARE,2025-05-02 16:41:47
1528,213,VIEW,2025-05-08 04:01:45
1528,188,FAVORITE,2025-05-19 18:14:51
1528,204,VIEW,2025-05-22 09:40:36
1528,205,SHARE,2025-05-28 06:31:37
1528,188,ADD_TO_CART,2025-05-31 23:40:52
1528,188,VIEW,2025-06-15 10:45:46
1528,187,ADD_TO_CART,2025-06-16 23:08:47
1528,199,VIEW,2025-06-29 15:52:59
1528,217,VIEW,2025-07-07 09:33:32
1528,203,VIEW,2025-07-09 22:39:12
1528,185,VIEW,2025-08-04 11:39:02
1528,202,ADD_TO_CART,2025-08-07 12:04:47
1528,186,VIEW,2025-08-10 06:32:42
1528,186,VIEW,2025-09-10 10:36:53
1528,217,FAVORITE,2025-09-14 22:52:58
1528,217,ADD_TO_CART,2025-09-24 00:30:11
1528,182,VIEW,2025-10-07 15:14:24
1528,205,VIEW,2025-10-10 18:56:36
1528,205,SEARCH,2025-10-25 11:25:34
1528,188,SEARCH,2025-11-02 23:17:00
1528,204,SEARCH,2025-11-08 02:32:04
1528,183,VIEW,2025-11-18 02:21:27
1528,186,VIEW,2025-11-20 14:21:34
1528,198,ADD_TO_CART,2025-12-13 15:18:19
1528,187,VIEW,2025-12-15 14:07:40
1528,186,VIEW,2025-12-15 15:37:47
1528,187,VIEW,2025-12-24 09:30:05
1528,203,FAVORITE,2026-01-07 09:30:03
1528,181,ADD_TO_CART,2026-01-09 22:23:43
1528,201,VIEW,2026-01-16 08:11:35
1528,187,VIEW,2026-01-23 10:48:38
1528,186,SEARCH,2026-01-30 14:07:39
1528,211,VIEW,2026-02-19 23:31:11
1528,184,ADD_TO_CART,2026-02-28 04:49:36
1528,203,VIEW,2026-03-17 23:43:17
1528,205,VIEW,2026-03-18 15:49:01
1528,208,VIEW,2026-03-22 02:08:40
1528,205,VIEW,2026-04-19 14:50:42
1528,213,SEARCH,2026-04-25 17:19:43
1528,217,FAVORITE,2026-04-26 07:14:18
1528,205,VIEW,2026-04-28 00:56:57
1528,185,VIEW,2026-05-14 17:46:44
1528,187,SEARCH,2026-05-28 18:09:46
1528,188,VIEW,2026-05-30 18:06:03
1528,187,VIEW,2026-06-09 02:10:43
1528,205,VIEW,2026-06-27 10:42:57
1528,203,SEARCH,2026-07-07 19:25:07
1528,183,VIEW,2026-07-10 14:11:02
1528,187,VIEW,2026-07-11 04:39:55
1528,186,VIEW,2026-07-14 11:16:23
1528,179,VIEW,2026-07-17 15:43:00
1529,204,VIEW,2025-07-04 15:06:33
1529,184,VIEW,2025-07-14 07:09:07
1529,217,VIEW,2025-07-22 11:30:54
1529,213,VIEW,2025-07-24 22:41:13
1529,196,VIEW,2025-07-29 16:35:14
1529,218,VIEW,2025-08-15 23:21:06
1529,218,VIEW,2025-08-17 03:38:11
1529,185,VIEW,2025-08-17 17:47:52
1529,218,VIEW,2025-08-19 04:53:30
1529,217,VIEW,2025-08-22 12:02:20
1529,203,VIEW,2025-08-23 21:38:58
1529,184,SEARCH,2025-08-26 05:33:44
1529,208,SEARCH,2025-08-29 09:28:24
1529,204,SEARCH,2025-09-02 01:25:26
1529,194,SEARCH,2025-09-02 15:45:59
1529,184,VIEW,2025-09-03 01:36:29
1529,206,VIEW,2025-09-03 09:20:10
1529,189,ADD_TO_CART,2025-09-20 02:46:24
1529,216,ADD_TO_CART,2025-09-27 22:56:06
1529,216,VIEW,2025-09-28 02:56:27
1529,182,VIEW,2025-09-29 06:57:00
1529,184,SEARCH,2025-10-06 11:37:36
1529,203,VIEW,2025-10-06 14:58:36
1529,194,SEARCH,2025-10-11 12:26:35
1529,205,VIEW,2025-10-30 18:03:31
1529,218,VIEW,2025-10-30 20:11:59
1529,218,SEARCH,2025-10-31 09:24:40
1529,199,VIEW,2025-11-03 02:56:51
1529,203,SEARCH,2025-11-03 18:44:25
1529,183,VIEW,2025-11-04 02:03:58
1529,196,SEARCH,2025-11-05 18:13:19
1529,218,VIEW,2025-11-10 06:06:11
1529,189,VIEW,2025-11-11 21:30:09
1529,207,VIEW,2025-11-12 07:49:18
1529,215,FAVORITE,2025-11-14 19:01:34
1529,205,SEARCH,2025-11-23 11:59:53
1529,179,SEARCH,2025-11-25 03:40:55
1529,218,SEARCH,2025-12-08 14:41:06
1529,218,VIEW,2025-12-11 17:39:47
1529,207,VIEW,2025-12-12 20:05:24
1529,181,ADD_TO_CART,2025-12-13 05:27:52
1529,202,VIEW,2025-12-14 16:12:03
1529,186,VIEW,2025-12-16 16:11:11
1529,180,VIEW,2025-12-17 21:00:19
1529,198,FAVORITE,2025-12-19 10:44:01
1529,218,VIEW,2025-12-20 18:03:20
1529,218,VIEW,2025-12-23 04:41:57
1529,208,VIEW,2025-12-24 02:11:24
1529,217,VIEW,2025-12-26 02:13:36
1529,217,VIEW,2025-12-28 03:40:42
1529,207,VIEW,2025-12-28 21:17:22
1529,187,ADD_TO_CART,2026-01-05 17:02:38
1529,180,VIEW,2026-01-08 00:05:24
1529,218,ADD_TO_CART,2026-01-08 08:57:32
1529,206,SEARCH,2026-01-09 22:26:50
1529,194,SEARCH,2026-01-10 21:16:57
1529,206,VIEW,2026-01-17 15:54:10
1529,212,VIEW,2026-01-18 16:05:01
1529,203,VIEW,2026-01-21 17:00:57
1529,188,ADD_TO_CART,2026-01-23 01:01:58
1529,218,VIEW,2026-01-23 11:00:06
1529,187,VIEW,2026-01-25 15:49:52
1529,218,VIEW,2026-01-26 00:46:31
1529,186,VIEW,2026-01-28 03:54:16
1529,218,SHARE,2026-01-29 10:19:16
1529,202,ADD_TO_CART,2026-02-03 10:05:02
1529,191,VIEW,2026-02-10 02:24:43
1529,206,VIEW,2026-02-15 01:12:25
1529,210,VIEW,2026-02-15 22:59:12
1529,190,SEARCH,2026-02-17 17:50:48
1529,218,ADD_TO_CART,2026-02-27 03:13:54
1529,209,SEARCH,2026-03-02 09:39:40
1529,185,ADD_TO_CART,2026-03-04 15:46:13
1529,212,VIEW,2026-03-09 10:02:34
1529,193,VIEW,2026-03-10 22:11:32
1529,205,VIEW,2026-03-14 21:18:01
1529,218,VIEW,2026-03-14 23:13:13
1529,212,VIEW,2026-03-19 14:03:38
1529,203,VIEW,2026-03-20 20:31:04
1529,198,VIEW,2026-03-22 12:31:29
1529,218,FAVORITE,2026-03-22 16:04:57
1529,189,VIEW,2026-03-23 04:07:47
1529,184,VIEW,2026-03-23 04:52:57
1529,218,VIEW,2026-03-24 11:19:38
1529,180,VIEW,2026-03-29 10:07:14
1529,183,VIEW,2026-03-30 23:13:22
1529,218,VIEW,2026-03-31 09:21:13
1529,218,FAVORITE,2026-04-02 16:29:38
1529,213,VIEW,2026-04-08 07:41:53
1529,206,VIEW,2026-04-09 15:41:00
1530,202,VIEW,2025-01-14 17:16:27
1530,181,ADD_TO_CART,2025-01-20 20:17:52
1530,203,ADD_TO_CART,2025-02-21 04:42:11
1530,217,VIEW,2025-02-22 09:11:34
1530,198,VIEW,2025-03-03 05:40:15
1530,216,VIEW,2025-03-25 03:31:08
1530,205,VIEW,2025-04-07 05:26:25
1530,199,VIEW,2025-04-08 08:32:49
1530,198,SEARCH,2025-04-10 16:43:51
1530,197,FAVORITE,2025-04-23 00:47:31
1530,198,SEARCH,2025-05-06 14:50:37
1530,180,FAVORITE,2025-05-09 23:13:36
1530,181,SEARCH,2025-05-14 10:11:30
1530,194,SEARCH,2025-05-18 06:12:59
1530,199,VIEW,2025-05-20 08:28:09
1530,215,VIEW,2025-05-25 06:59:32
1530,198,VIEW,2025-05-31 18:12:12
1530,198,VIEW,2025-06-08 23:41:26
1530,179,FAVORITE,2025-06-12 03:33:57
1530,197,VIEW,2025-06-16 08:27:22
1530,195,VIEW,2025-07-01 08:09:21
1530,211,VIEW,2025-07-19 04:03:29
1530,212,ADD_TO_CART,2025-07-22 09:07:48
1530,207,VIEW,2025-08-04 23:02:24
1530,180,VIEW,2025-08-10 17:24:03
1530,197,VIEW,2025-08-12 20:04:15
1530,206,VIEW,2025-08-14 15:28:00
1530,208,SHARE,2025-08-31 04:32:21
1530,212,VIEW,2025-09-04 07:04:45
1530,179,ADD_TO_CART,2025-09-10 23:16:06
1530,192,VIEW,2025-09-15 14:22:08
1530,189,VIEW,2025-09-23 07:07:22
1530,201,SEARCH,2025-10-08 08:43:32
1530,198,SEARCH,2025-10-12 05:05:01
1530,199,SEARCH,2025-10-14 01:15:42
1530,197,SEARCH,2025-10-20 23:37:22
1530,199,FAVORITE,2025-12-10 18:54:33
1530,197,VIEW,2025-12-17 13:40:56
1530,209,VIEW,2026-01-29 23:56:29
1530,197,VIEW,2026-02-12 13:39:38
1530,181,VIEW,2026-02-15 03:10:06
1530,202,SEARCH,2026-02-25 20:13:41
1530,197,SEARCH,2026-02-26 23:31:56
1530,180,VIEW,2026-03-01 22:04:51
1530,198,VIEW,2026-03-04 17:23:53
1530,197,VIEW,2026-03-28 12:04:10
1530,207,VIEW,2026-03-28 20:38:43
1530,197,ADD_TO_CART,2026-05-15 10:41:27
1530,211,SEARCH,2026-05-19 09:48:00
1531,207,VIEW,2025-04-16 08:59:54
1531,193,VIEW,2025-04-19 08:17:07
1531,218,SEARCH,2025-05-26 14:49:28
1531,218,VIEW,2025-07-10 12:16:48
1531,206,SEARCH,2025-07-19 14:11:31
1531,207,ADD_TO_CART,2025-08-18 14:34:51
1531,212,SEARCH,2025-08-31 15:23:56
1531,218,VIEW,2025-09-01 05:55:25
1531,185,VIEW,2025-09-06 22:26:17
1531,218,VIEW,2025-09-25 19:12:12
1531,217,ADD_TO_CART,2025-10-28 23:17:11
1531,207,VIEW,2025-11-14 04:56:09
1531,187,VIEW,2025-12-05 04:57:25
1531,218,VIEW,2025-12-12 15:10:10
1531,179,VIEW,2025-12-19 08:54:21
1531,199,SEARCH,2025-12-23 19:33:50
1531,218,SEARCH,2026-01-07 22:15:09
1531,205,VIEW,2026-02-16 08:08:52
1531,200,VIEW,2026-02-17 06:00:15
1531,209,VIEW,2026-03-02 07:36:01
1531,218,VIEW,2026-04-14 01:29:45
1531,218,VIEW,2026-04-27 02:16:27
1531,214,FAVORITE,2026-04-27 15:37:01
1531,195,ADD_TO_CART,2026-05-16 05:01:04
1531,203,ADD_TO_CART,2026-05-22 22:38:34
1531,218,VIEW,2026-05-29 01:34:28
1531,218,VIEW,2026-06-03 20:14:53
1531,198,VIEW,2026-06-06 09:15:38
1531,185,SEARCH,2026-06-12 06:45:44
1531,184,VIEW,2026-06-14 13:38:21
1531,198,VIEW,2026-07-06 09:49:00
1532,207,FAVORITE,2025-07-17 01:01:47
1532,209,FAVORITE,2025-08-08 13:45:48
1532,208,VIEW,2025-09-24 04:42:23
1532,189,ADD_TO_CART,2025-10-04 08:42:03
1532,212,VIEW,2025-10-06 21:14:03
1532,202,FAVORITE,2025-10-30 23:41:03
1532,202,VIEW,2025-11-26 16:07:55
1532,204,VIEW,2025-12-01 08:20:51
1532,202,ADD_TO_CART,2025-12-02 00:38:04
1532,201,SEARCH,2025-12-27 19:36:31
1532,201,VIEW,2026-01-06 03:12:25
1532,211,SHARE,2026-02-17 12:38:40
1532,202,SEARCH,2026-04-30 10:54:37
1532,202,VIEW,2026-05-02 09:22:52
1532,202,VIEW,2026-05-19 18:20:00
1533,214,VIEW,2025-11-06 22:44:49
1533,207,SEARCH,2025-11-18 22:58:46
1533,213,SEARCH,2025-11-20 11:03:07
1533,181,VIEW,2025-11-25 19:35:47
1533,181,VIEW,2025-12-01 06:57:23
1533,213,VIEW,2025-12-03 05:50:14
1533,198,SEARCH,2025-12-07 05:13:27
1533,211,VIEW,2025-12-10 20:25:37
1533,207,SEARCH,2025-12-15 01:00:12
1533,187,SEARCH,2025-12-21 03:24:48
1533,217,FAVORITE,2025-12-27 07:37:16
1533,218,SEARCH,2025-12-28 21:34:36
1533,213,VIEW,2025-12-31 13:31:47
1533,206,VIEW,2026-01-09 18:33:27
1533,203,VIEW,2026-01-11 12:45:37
1533,180,VIEW,2026-01-13 03:28:32
1533,183,VIEW,2026-01-24 18:40:54
1533,218,ADD_TO_CART,2026-01-26 05:40:20
1533,218,SEARCH,2026-02-15 07:37:06
1533,218,VIEW,2026-02-27 09:43:54
1533,202,ADD_TO_CART,2026-03-01 16:10:55
1533,207,VIEW,2026-03-16 12:26:09
1533,191,VIEW,2026-03-22 01:38:26
1533,182,SEARCH,2026-03-23 10:40:34
1533,202,SEARCH,2026-03-26 14:14:13
1533,181,VIEW,2026-03-28 11:04:49
1533,189,FAVORITE,2026-03-28 22:32:14
1533,210,SEARCH,2026-03-29 10:16:01
1533,184,SEARCH,2026-04-02 22:38:01
1533,218,ADD_TO_CART,2026-04-12 22:26:36
1533,216,VIEW,2026-04-13 18:59:49
1533,206,VIEW,2026-04-18 05:10:21
1533,207,SEARCH,2026-04-18 17:47:25
1533,218,VIEW,2026-04-27 23:27:26
1533,207,VIEW,2026-04-29 05:51:14
1533,217,VIEW,2026-05-03 10:40:30
1533,180,FAVORITE,2026-05-06 02:11:14
1533,200,VIEW,2026-05-17 05:42:20
1533,182,VIEW,2026-05-22 02:21:27
1533,207,VIEW,2026-05-24 03:00:36
1533,218,VIEW,2026-05-30 12:48:51
1533,207,VIEW,2026-05-30 13:50:38
1533,188,SEARCH,2026-06-01 19:13:37
1533,213,VIEW,2026-06-09 07:08:16
1533,199,VIEW,2026-06-14 23:52:01
1533,206,VIEW,2026-06-15 19:06:07
1533,179,FAVORITE,2026-06-16 10:47:28
1533,201,ADD_TO_CART,2026-06-20 00:07:08
1533,217,VIEW,2026-06-22 00:30:35
1533,192,VIEW,2026-06-23 22:58:21
1533,199,VIEW,2026-06-29 14:11:14
1533,199,VIEW,2026-07-05 22:15:12
1533,190,VIEW,2026-07-06 18:11:50
1533,207,VIEW,2026-07-18 00:32:28
1533,209,ADD_TO_CART,2026-07-23 18:23:34
1533,207,FAVORITE,2026-07-26 16:17:58
1533,218,VIEW,2026-07-29 14:28:00
1534,210,VIEW,2025-01-14 18:55:28
1534,209,ADD_TO_CART,2025-01-23 02:23:05
1534,209,SEARCH,2025-02-09 12:34:01
1534,197,ADD_TO_CART,2025-02-19 12:18:02
1534,179,VIEW,2025-03-15 18:47:50
1534,189,VIEW,2025-03-16 20:49:14
1534,209,SEARCH,2025-04-10 00:38:13
1534,204,SEARCH,2025-04-17 23:14:19
1534,210,VIEW,2025-05-09 00:24:15
1534,191,VIEW,2025-05-10 06:00:23
1534,210,VIEW,2025-05-30 03:35:42
1534,196,VIEW,2025-05-31 00:45:28
1534,197,VIEW,2025-06-11 09:50:48
1534,210,SEARCH,2025-06-12 02:13:39
1534,199,VIEW,2025-06-13 20:58:07
1534,190,VIEW,2025-06-15 10:00:20
1534,203,VIEW,2025-07-01 12:41:32
1534,193,VIEW,2025-07-09 20:41:07
1534,218,VIEW,2025-07-16 16:32:17
1534,210,VIEW,2025-07-27 21:18:40
1534,199,VIEW,2025-08-22 07:44:14
1534,181,VIEW,2025-08-25 15:54:26
1534,210,ADD_TO_CART,2025-08-26 10:43:10
1534,189,VIEW,2025-08-27 04:02:21
1534,204,ADD_TO_CART,2025-09-25 13:22:22
1534,207,VIEW,2025-10-15 07:57:19
1534,209,SHARE,2025-10-31 19:58:14
1534,191,VIEW,2025-11-05 15:20:48
1534,209,VIEW,2025-11-14 04:54:44
1534,209,VIEW,2025-11-22 19:44:30
1534,210,VIEW,2025-11-27 08:28:48
1534,214,ADD_TO_CART,2025-12-02 18:47:54
1534,209,VIEW,2025-12-03 10:54:22
1534,189,VIEW,2025-12-15 18:20:00
1534,207,VIEW,2025-12-30 09:13:14
1534,197,SEARCH,2026-01-02 21:50:59
1534,199,VIEW,2026-01-23 10:34:43
1534,197,VIEW,2026-01-25 05:21:01
1534,190,SEARCH,2026-02-05 15:54:56
1534,218,VIEW,2026-02-15 10:39:13
1534,181,SEARCH,2026-02-15 18:09:31
1534,209,VIEW,2026-03-20 21:08:42
1534,209,SEARCH,2026-04-22 14:40:00
1535,192,VIEW,2024-04-07 01:20:24
1535,182,VIEW,2024-05-07 07:23:12
1535,202,VIEW,2024-06-04 07:20:08
1535,183,VIEW,2024-08-19 15:45:09
1535,185,ADD_TO_CART,2024-08-28 21:22:33
1535,218,VIEW,2024-09-12 14:50:35
1535,183,ADD_TO_CART,2024-09-13 12:34:40
1535,218,VIEW,2024-10-07 16:43:53
1535,208,VIEW,2024-10-09 05:35:02
1535,217,VIEW,2024-11-20 05:26:29
1535,203,VIEW,2024-11-25 03:59:00
1535,218,VIEW,2024-12-10 05:42:35
1535,218,VIEW,2024-12-20 17:51:35
1535,218,VIEW,2024-12-22 08:29:02
1535,210,VIEW,2025-01-16 21:51:57
1535,195,VIEW,2025-01-26 17:42:40
1535,203,FAVORITE,2025-02-01 17:49:13
1535,218,VIEW,2025-02-05 19:59:30
1535,218,SEARCH,2025-03-09 11:11:42
1535,188,VIEW,2025-03-12 01:51:21
1535,192,VIEW,2025-03-18 06:18:42
1535,203,VIEW,2025-04-22 13:06:59
1535,213,FAVORITE,2025-04-24 09:24:39
1535,205,SEARCH,2025-05-06 09:21:01
1535,184,VIEW,2025-05-21 12:43:13
1535,198,VIEW,2025-05-30 06:00:17
1535,203,VIEW,2025-06-04 12:11:23
1535,218,VIEW,2025-06-12 18:10:32
1535,205,VIEW,2025-06-23 10:57:53
1535,218,FAVORITE,2025-07-06 22:55:09
1535,193,FAVORITE,2025-07-13 23:58:38
1535,180,FAVORITE,2025-07-20 13:48:35
1535,205,VIEW,2025-07-22 05:26:32
1535,218,VIEW,2025-07-22 12:57:48
1535,218,SEARCH,2025-09-02 03:42:55
1535,218,VIEW,2025-09-03 04:54:36
1535,218,VIEW,2025-09-07 05:20:49
1535,193,VIEW,2025-09-11 06:37:13
1535,218,VIEW,2025-09-20 10:17:04
1535,218,VIEW,2025-10-26 23:26:40
1535,203,VIEW,2025-11-05 02:40:00
1535,218,ADD_TO_CART,2025-12-16 13:54:11
1535,218,VIEW,2026-01-13 09:29:37
1535,190,SEARCH,2026-01-24 12:22:06
1535,194,VIEW,2026-01-26 06:23:17
1535,200,VIEW,2026-02-06 21:08:22
1535,218,VIEW,2026-03-03 08:53:36
1535,196,VIEW,2026-03-05 19:34:44
1535,205,VIEW,2026-03-06 10:53:46
1535,207,VIEW,2026-04-12 20:13:39
1535,193,SEARCH,2026-05-15 22:05:47
1535,204,SHARE,2026-05-20 07:46:05
1535,210,VIEW,2026-06-08 10:25:00
1536,190,VIEW,2024-05-22 15:30:23
1536,217,VIEW,2024-06-11 04:15:09
1536,180,ADD_TO_CART,2024-06-20 06:53:43
1536,182,VIEW,2024-07-15 02:36:33
1536,191,VIEW,2024-07-15 15:07:41
1536,193,SEARCH,2024-07-16 15:15:34
1536,184,VIEW,2024-07-22 22:30:06
1536,184,VIEW,2024-07-29 09:37:56
1536,217,SEARCH,2024-08-02 12:31:02
1536,183,VIEW,2024-08-25 11:41:36
1536,184,SEARCH,2024-08-28 16:19:59
1536,182,SEARCH,2024-09-02 17:31:46
1536,184,VIEW,2024-09-13 17:58:53
1536,183,FAVORITE,2024-09-15 11:32:42
1536,190,VIEW,2024-09-19 23:15:03
1536,208,VIEW,2024-09-28 00:39:39
1536,207,VIEW,2024-09-28 15:58:48
1536,200,SEARCH,2024-10-02 23:05:47
1536,182,ADD_TO_CART,2024-10-05 17:24:48
1536,182,ADD_TO_CART,2024-10-11 00:04:54
1536,214,VIEW,2024-10-14 14:39:34
1536,210,VIEW,2024-10-25 08:38:11
1536,188,ADD_TO_CART,2024-10-27 09:51:21
1536,210,SEARCH,2024-11-13 09:51:52
1536,207,VIEW,2024-11-20 18:41:01
1536,210,VIEW,2024-11-30 23:33:53
1536,210,VIEW,2024-12-01 13:50:50
1536,201,ADD_TO_CART,2024-12-09 12:28:47
1536,202,FAVORITE,2024-12-26 11:36:23
1536,182,SEARCH,2024-12-31 04:17:11
1536,201,VIEW,2025-01-07 03:28:47
1536,193,SEARCH,2025-01-23 07:05:22
1536,209,VIEW,2025-01-28 18:56:57
1536,182,VIEW,2025-01-31 18:48:36
1536,183,VIEW,2025-02-06 08:36:07
1536,202,SEARCH,2025-02-17 14:01:36
1536,202,VIEW,2025-02-27 19:08:20
1536,193,ADD_TO_CART,2025-03-02 03:02:47
1536,182,VIEW,2025-03-08 17:50:59
1536,211,SEARCH,2025-03-12 19:52:22
1536,201,VIEW,2025-03-14 06:39:57
1536,202,VIEW,2025-03-28 12:58:13
1536,200,VIEW,2025-03-30 13:51:00
1536,201,SEARCH,2025-04-06 16:07:04
1536,194,VIEW,2025-05-09 08:25:38
1536,200,ADD_TO_CART,2025-05-09 12:27:32
1536,184,ADD_TO_CART,2025-05-30 20:43:22
1536,190,VIEW,2025-06-13 21:31:41
1536,193,ADD_TO_CART,2025-06-23 18:40:12
1536,191,ADD_TO_CART,2025-07-05 06:24:30
1536,189,VIEW,2025-07-05 08:45:00
1536,198,SEARCH,2025-07-08 16:19:35
1536,209,VIEW,2025-07-10 02:48:58
1536,201,VIEW,2025-08-02 19:02:58
1536,201,SEARCH,2025-08-03 06:34:15
1536,182,VIEW,2025-08-18 23:27:19
1536,184,VIEW,2025-08-22 11:04:03
1536,186,VIEW,2025-08-29 00:24:41
1536,199,VIEW,2025-09-02 20:40:13
1536,191,VIEW,2025-09-10 09:51:48
1536,183,FAVORITE,2025-09-12 19:51:17
1536,201,ADD_TO_CART,2025-09-14 15:03:56
1536,182,VIEW,2025-09-19 12:37:02
1536,200,VIEW,2025-09-20 04:01:01
1536,200,VIEW,2025-09-25 00:03:34
1536,183,VIEW,2025-09-26 18:18:06
1536,201,FAVORITE,2025-09-29 06:55:55
1536,196,SEARCH,2025-09-29 19:31:41
1536,182,ADD_TO_CART,2025-10-01 11:38:40
1536,201,VIEW,2025-10-02 19:33:11
1536,202,VIEW,2025-10-04 05:33:59
1536,201,SEARCH,2025-10-25 08:36:57
1536,182,VIEW,2025-11-25 07:40:15
1536,182,FAVORITE,2025-12-11 05:27:20
1536,182,VIEW,2025-12-26 12:32:39
1536,204,SHARE,2026-01-10 02:56:22
1536,184,VIEW,2026-01-18 05:43:55
1536,188,VIEW,2026-02-07 16:48:01
1536,185,FAVORITE,2026-02-20 13:40:25
1536,200,SHARE,2026-02-24 00:50:41
1536,201,VIEW,2026-02-25 07:23:43
1536,202,VIEW,2026-03-11 19:27:49
1536,200,VIEW,2026-03-22 11:50:54
1536,190,SEARCH,2026-03-25 20:37:11
1536,190,VIEW,2026-03-30 01:26:46
1536,209,VIEW,2026-04-11 16:29:00
1537,184,SEARCH,2025-10-16 14:43:31
1537,200,VIEW,2025-11-01 15:15:18
1537,202,VIEW,2025-11-05 19:43:42
1537,214,VIEW,2025-11-11 12:17:01
1537,180,SEARCH,2025-11-13 20:43:14
1537,184,VIEW,2025-11-14 18:36:47
1537,202,VIEW,2025-11-19 09:20:09
1537,203,SEARCH,2025-11-23 21:53:55
1537,184,VIEW,2025-12-10 08:53:25
1537,186,SEARCH,2025-12-25 15:27:28
1537,196,SEARCH,2026-01-04 11:10:36
1537,202,ADD_TO_CART,2026-01-17 15:43:20
1537,195,SEARCH,2026-01-20 09:15:44
1537,207,ADD_TO_CART,2026-01-21 22:24:04
1537,218,VIEW,2026-01-24 01:27:27
1537,205,VIEW,2026-01-26 13:19:56
1537,216,VIEW,2026-02-07 23:27:26
1537,202,SHARE,2026-02-16 11:33:07
1537,202,SHARE,2026-02-23 20:49:21
1537,201,VIEW,2026-02-28 17:55:41
1537,201,VIEW,2026-03-03 13:14:10
1537,184,VIEW,2026-03-07 17:56:19
1537,201,SHARE,2026-03-13 20:58:35
1537,184,VIEW,2026-03-14 13:23:09
1537,202,SHARE,2026-03-22 05:13:54
1537,183,VIEW,2026-03-22 19:11:18
1537,182,VIEW,2026-03-25 11:04:56
1537,204,VIEW,2026-04-07 07:39:08
1537,188,VIEW,2026-04-12 21:31:42
1537,187,SEARCH,2026-04-16 00:08:44
1537,187,VIEW,2026-04-16 10:02:52
1537,200,ADD_TO_CART,2026-04-19 04:27:05
1537,217,VIEW,2026-04-19 13:47:18
1537,205,VIEW,2026-05-27 17:25:14
1537,205,FAVORITE,2026-06-02 05:08:25
1537,202,FAVORITE,2026-06-05 07:50:41
1537,186,SEARCH,2026-06-08 08:55:14
1537,214,ADD_TO_CART,2026-06-10 11:37:06
1537,183,VIEW,2026-06-17 21:27:25
1537,215,FAVORITE,2026-06-22 20:13:31
1537,217,SEARCH,2026-06-23 09:39:14
1537,185,SHARE,2026-06-24 21:50:02
1537,186,VIEW,2026-07-05 16:29:53
1537,201,VIEW,2026-07-08 05:03:56
1537,197,VIEW,2026-07-10 14:43:00
1538,182,VIEW,2024-07-12 11:25:34
1538,217,VIEW,2024-07-22 21:30:49
1538,195,VIEW,2024-08-18 13:20:55
1538,180,SEARCH,2024-08-23 09:56:19
1538,198,SEARCH,2024-09-16 11:05:30
1538,210,SEARCH,2024-09-24 09:34:58
1538,185,SEARCH,2024-10-11 23:33:55
1538,217,VIEW,2024-10-21 14:57:27
1538,211,VIEW,2024-11-01 03:54:34
1538,195,FAVORITE,2024-11-27 03:51:55
1538,207,VIEW,2024-11-30 09:57:26
1538,180,VIEW,2024-12-18 17:38:30
1538,215,ADD_TO_CART,2024-12-28 09:15:21
1538,179,VIEW,2025-01-05 22:14:35
1538,195,SHARE,2025-01-07 10:02:10
1538,195,VIEW,2025-02-04 08:57:26
1538,204,VIEW,2025-02-13 17:26:28
1538,198,VIEW,2025-02-24 11:42:14
1538,180,SEARCH,2025-03-18 11:37:15
1538,216,VIEW,2025-03-24 12:33:36
1538,197,ADD_TO_CART,2025-03-24 16:32:29
1538,217,VIEW,2025-03-27 07:38:35
1538,208,SHARE,2025-04-11 19:58:37
1538,196,VIEW,2025-04-23 14:02:50
1538,214,VIEW,2025-05-17 01:15:36
1538,197,FAVORITE,2025-05-24 23:13:50
1538,217,VIEW,2025-06-09 03:09:15
1538,195,VIEW,2025-06-14 00:55:34
1538,179,VIEW,2025-07-10 03:07:02
1538,202,VIEW,2025-07-28 03:03:44
1538,217,VIEW,2025-08-07 17:02:47
1538,216,FAVORITE,2025-08-08 18:45:20
1538,183,VIEW,2025-08-09 12:54:14
1538,179,SEARCH,2025-08-26 14:12:33
1538,196,SEARCH,2025-09-01 23:27:24
1538,216,VIEW,2025-09-02 23:11:49
1538,217,FAVORITE,2025-09-15 05:54:56
1538,195,VIEW,2025-09-19 09:01:44
1538,215,VIEW,2025-09-21 15:06:27
1538,207,VIEW,2025-09-22 22:46:27
1538,195,VIEW,2025-10-05 13:46:28
1538,195,SEARCH,2025-10-09 02:53:59
1538,211,VIEW,2025-10-19 03:10:22
1538,217,SEARCH,2025-10-22 08:36:45
1538,189,SEARCH,2025-10-28 09:07:30
1538,195,SEARCH,2025-10-28 14:54:31
1538,216,VIEW,2025-11-15 14:37:51
1538,217,VIEW,2025-11-24 21:00:36
1538,196,SEARCH,2025-11-30 18:39:13
1538,215,VIEW,2025-12-12 03:07:10
1538,218,VIEW,2025-12-17 14:15:44
1538,201,VIEW,2025-12-19 06:52:55
1538,216,VIEW,2025-12-24 04:10:10
1538,196,ADD_TO_CART,2026-01-12 22:18:40
1538,180,VIEW,2026-01-18 19:47:22
1538,217,SEARCH,2026-02-02 00:31:37
1538,195,VIEW,2026-02-07 09:16:30
1538,198,VIEW,2026-02-16 04:35:34
1538,217,ADD_TO_CART,2026-02-21 06:20:35
1538,217,VIEW,2026-02-23 12:39:26
1538,201,ADD_TO_CART,2026-03-21 01:02:54
1538,184,VIEW,2026-04-02 06:06:13
1538,195,VIEW,2026-04-22 01:11:48
1538,206,VIEW,2026-06-05 06:20:39
1538,194,VIEW,2026-06-07 17:33:37
1538,193,ADD_TO_CART,2026-06-19 18:57:09
1538,215,ADD_TO_CART,2026-06-30 03:24:38
1538,207,VIEW,2026-07-03 20:03:34
1538,208,VIEW,2026-07-05 08:56:09
1538,216,SEARCH,2026-07-19 22:17:53
1538,216,VIEW,2026-07-30 15:07:00
1539,187,SEARCH,2025-10-16 11:41:02
1539,214,VIEW,2025-10-18 04:21:25
1539,213,ADD_TO_CART,2025-10-19 10:53:43
1539,193,SEARCH,2025-10-19 22:10:15
1539,214,VIEW,2025-10-24 00:32:36
1539,194,VIEW,2025-11-01 19:25:43
1539,203,VIEW,2025-11-01 22:18:39
1539,213,VIEW,2025-11-03 18:24:30
1539,193,SEARCH,2025-11-04 06:23:35
1539,187,VIEW,2025-11-08 23:51:30
1539,208,VIEW,2025-11-12 20:42:30
1539,193,FAVORITE,2025-11-15 10:10:55
1539,185,VIEW,2025-11-22 05:16:30
1539,207,VIEW,2025-11-24 19:05:56
1539,185,VIEW,2025-12-05 13:35:20
1539,179,SHARE,2025-12-06 06:07:39
1539,193,SHARE,2025-12-09 22:22:38
1539,194,VIEW,2025-12-19 02:52:54
1539,187,VIEW,2025-12-21 02:30:53
1539,193,FAVORITE,2026-01-01 19:52:27
1539,185,VIEW,2026-01-02 06:49:19
1539,193,VIEW,2026-01-06 01:13:54
1539,200,VIEW,2026-01-13 09:30:20
1539,193,VIEW,2026-01-22 14:56:06
1539,217,VIEW,2026-01-27 10:36:09
1539,207,VIEW,2026-02-03 16:58:43
1539,199,SEARCH,2026-02-04 05:40:46
1539,194,VIEW,2026-02-11 08:02:32
1539,214,SEARCH,2026-02-12 06:20:12
1539,205,VIEW,2026-02-13 12:02:12
1539,214,VIEW,2026-02-17 16:13:20
1539,185,VIEW,2026-02-25 01:39:00
1539,194,VIEW,2026-02-28 14:36:51
1539,205,FAVORITE,2026-03-02 17:01:33
1539,193,VIEW,2026-03-06 03:06:53
1539,193,ADD_TO_CART,2026-03-19 01:11:08
1539,194,SEARCH,2026-03-26 20:51:31
1539,213,VIEW,2026-03-31 00:01:45
1539,193,FAVORITE,2026-03-31 02:58:12
1539,180,VIEW,2026-04-06 21:15:50
1539,214,VIEW,2026-04-10 09:08:37
1539,186,SEARCH,2026-04-11 08:10:17
1539,194,VIEW,2026-04-12 19:01:50
1539,203,SEARCH,2026-04-17 17:17:18
1539,214,SEARCH,2026-04-23 00:08:38
1539,216,SEARCH,2026-04-23 14:49:06
1539,193,VIEW,2026-04-29 16:56:19
1539,214,SEARCH,2026-04-30 00:31:38
1539,211,VIEW,2026-05-08 07:06:05
1539,193,VIEW,2026-05-13 04:19:22
1539,186,SEARCH,2026-05-13 21:40:35
1539,207,FAVORITE,2026-05-15 11:37:49
1539,186,VIEW,2026-05-19 05:48:33
1539,194,VIEW,2026-05-19 21:38:35
1539,214,SEARCH,2026-05-21 22:44:04
1539,193,VIEW,2026-05-23 08:29:15
1539,185,VIEW,2026-06-04 10:20:12
1539,203,VIEW,2026-06-19 18:02:44
1539,194,ADD_TO_CART,2026-06-26 17:53:00
1540,187,VIEW,2024-04-20 23:11:06
1540,213,VIEW,2024-05-06 21:49:20
1540,213,ADD_TO_CART,2024-07-03 00:10:55
1540,203,FAVORITE,2024-07-08 19:09:14
1540,187,ADD_TO_CART,2024-07-09 13:34:43
1540,210,VIEW,2024-08-07 03:54:19
1540,191,VIEW,2024-08-19 23:49:07
1540,190,ADD_TO_CART,2024-10-13 05:07:21
1540,185,FAVORITE,2024-11-11 00:54:51
1540,185,SEARCH,2024-12-16 01:26:45
1540,203,SEARCH,2025-02-26 19:25:42
1540,208,VIEW,2025-05-19 15:12:17
1540,201,SEARCH,2025-06-08 10:05:16
1540,186,VIEW,2025-07-07 21:49:32
1540,189,ADD_TO_CART,2025-07-16 16:49:22
1540,186,VIEW,2025-08-12 18:16:56
1540,205,VIEW,2025-08-26 03:50:34
1540,201,VIEW,2025-09-08 02:38:12
1540,209,VIEW,2025-09-30 07:14:55
1540,217,ADD_TO_CART,2025-12-08 09:55:46
1540,203,VIEW,2025-12-31 01:07:37
1540,204,SEARCH,2026-01-07 23:49:10
1540,204,VIEW,2026-02-01 01:44:55
1540,187,VIEW,2026-03-09 15:05:42
1540,203,VIEW,2026-03-17 06:02:00
1540,208,VIEW,2026-03-23 20:08:12
1540,209,VIEW,2026-03-31 08:33:09
1540,210,ADD_TO_CART,2026-05-18 02:46:20
1540,186,VIEW,2026-05-25 00:58:22
1540,186,ADD_TO_CART,2026-07-02 15:41:18
1540,205,VIEW,2026-07-12 12:52:00
1541,196,VIEW,2025-02-27 15:40:16
1541,180,SEARCH,2025-04-10 03:30:11
1541,198,SEARCH,2025-04-13 08:30:05
1541,188,VIEW,2025-04-22 20:10:54
1541,186,VIEW,2025-05-14 05:22:23
1541,189,VIEW,2025-05-20 13:46:44
1541,197,SEARCH,2025-05-25 06:46:59
1541,186,VIEW,2025-05-30 06:56:18
1541,203,VIEW,2025-06-16 04:04:37
1541,179,VIEW,2025-06-22 08:02:18
1541,210,SEARCH,2025-07-04 12:38:57
1541,209,SEARCH,2025-07-21 06:50:38
1541,204,SEARCH,2025-07-24 18:40:35
1541,205,SEARCH,2025-07-28 16:01:18
1541,190,VIEW,2025-07-31 00:07:50
1541,218,VIEW,2025-08-04 06:40:04
1541,180,VIEW,2025-08-07 21:00:24
1541,197,SEARCH,2025-08-09 19:54:28
1541,213,VIEW,2025-08-29 01:16:35
1541,192,VIEW,2025-09-01 18:26:08
1541,210,VIEW,2025-09-04 11:36:11
1541,180,VIEW,2025-09-12 23:51:21
1541,190,SEARCH,2025-10-05 21:11:01
1541,186,VIEW,2025-10-13 23:17:10
1541,185,VIEW,2025-10-18 12:18:03
1541,207,SEARCH,2025-10-24 16:18:22
1541,199,VIEW,2025-10-27 16:02:19
1541,186,VIEW,2025-11-07 02:12:43
1541,185,SEARCH,2025-11-13 23:55:27
1541,201,VIEW,2025-12-06 03:08:58
1541,188,SHARE,2025-12-06 03:23:25
1541,203,VIEW,2025-12-18 07:43:11
1541,203,SEARCH,2025-12-19 12:47:52
1541,188,VIEW,2025-12-20 01:00:30
1541,199,ADD_TO_CART,2025-12-28 17:39:56
1541,203,SEARCH,2026-01-23 03:09:50
1541,203,VIEW,2026-01-26 01:33:24
1541,205,SEARCH,2026-02-09 18:33:44
1541,218,VIEW,2026-02-11 18:35:37
1541,204,VIEW,2026-02-24 00:22:11
1541,208,SEARCH,2026-03-04 11:29:06
1541,187,VIEW,2026-03-13 06:03:54
1541,188,VIEW,2026-03-19 11:59:48
1541,199,VIEW,2026-03-25 12:36:00
1541,209,SEARCH,2026-04-03 16:33:01
1541,185,VIEW,2026-05-09 12:00:00
1542,209,VIEW,2024-05-11 16:29:33
1542,191,VIEW,2024-06-20 20:47:26
1542,210,SEARCH,2024-06-22 18:03:38
1542,210,VIEW,2024-07-11 15:31:54
1542,206,VIEW,2024-07-13 13:11:29
1542,190,VIEW,2024-07-29 14:20:46
1542,210,SEARCH,2024-08-17 11:55:38
1542,210,VIEW,2024-08-22 11:42:59
1542,210,ADD_TO_CART,2024-08-22 22:28:30
1542,209,SEARCH,2024-09-08 03:56:01
1542,217,VIEW,2024-09-08 14:32:03
1542,184,VIEW,2024-09-16 02:15:46
1542,184,VIEW,2024-09-28 08:51:17
1542,201,SEARCH,2024-09-30 03:33:28
1542,186,SEARCH,2024-10-08 06:13:08
1542,210,SEARCH,2024-10-25 06:37:25
1542,205,VIEW,2024-11-06 17:08:23
1542,207,ADD_TO_CART,2024-11-10 03:10:17
1542,203,SHARE,2024-11-16 20:31:24
1542,190,VIEW,2024-12-08 20:24:58
1542,209,ADD_TO_CART,2024-12-20 06:18:45
1542,184,VIEW,2024-12-30 22:16:22
1542,209,VIEW,2025-01-04 15:58:57
1542,187,VIEW,2025-01-05 03:40:54
1542,203,VIEW,2025-01-17 21:30:03
1542,190,FAVORITE,2025-02-14 00:31:45
1542,203,VIEW,2025-04-04 02:49:59
1542,187,VIEW,2025-04-20 15:43:27
1542,210,VIEW,2025-04-20 18:48:59
1542,189,VIEW,2025-04-28 20:19:50
1542,189,VIEW,2025-05-11 18:33:57
1542,185,VIEW,2025-05-12 19:35:56
1542,181,FAVORITE,2025-05-22 10:22:19
1542,199,SEARCH,2025-06-06 05:48:43
1542,183,VIEW,2025-06-20 03:12:58
1542,210,VIEW,2025-07-04 07:16:04
1542,209,VIEW,2025-07-08 20:17:56
1542,185,VIEW,2025-07-29 06:49:23
1542,203,VIEW,2025-08-08 18:33:39
1542,194,VIEW,2025-08-08 21:58:50
1542,204,VIEW,2025-09-11 04:44:12
1542,209,VIEW,2025-09-16 23:47:48
1542,186,VIEW,2025-09-17 23:35:52
1542,191,VIEW,2025-11-27 21:54:26
1542,210,VIEW,2025-12-11 18:19:50
1542,186,VIEW,2026-01-04 22:56:12
1542,190,VIEW,2026-01-08 23:19:08
1542,210,VIEW,2026-01-09 17:02:33
1542,204,VIEW,2026-01-16 21:53:43
1542,191,SHARE,2026-02-17 02:53:21
1542,214,SEARCH,2026-02-24 18:48:06
1542,210,VIEW,2026-02-27 03:03:31
1542,209,VIEW,2026-03-05 09:34:17
1542,189,VIEW,2026-03-05 19:06:06
1542,203,VIEW,2026-03-21 21:00:26
1542,191,SEARCH,2026-03-29 06:29:01
1542,210,VIEW,2026-04-03 01:12:35
1542,186,SHARE,2026-04-20 15:44:31
1542,205,FAVORITE,2026-04-28 15:34:17
1542,186,VIEW,2026-05-05 12:02:16
1542,186,VIEW,2026-06-06 21:58:47
1542,216,ADD_TO_CART,2026-06-21 13:57:00
1543,210,VIEW,2024-10-29 14:12:30
1543,183,VIEW,2024-11-05 04:13:53
1543,208,VIEW,2024-11-26 15:05:36
1543,183,VIEW,2024-11-29 19:36:30
1543,202,VIEW,2024-12-13 11:29:01
1543,207,VIEW,2025-01-02 03:44:04
1543,206,VIEW,2025-01-28 02:12:09
1543,209,VIEW,2025-02-06 16:41:06
1543,207,VIEW,2025-02-08 03:08:03
1543,179,VIEW,2025-02-11 13:52:35
1543,208,SEARCH,2025-03-30 13:52:02
1543,180,ADD_TO_CART,2025-04-11 09:32:48
1543,207,SEARCH,2025-05-12 11:12:08
1543,201,SEARCH,2025-05-22 15:28:20
1543,214,VIEW,2025-06-10 03:00:52
1543,201,VIEW,2025-06-17 12:05:33
1543,217,VIEW,2025-06-30 11:03:46
1543,206,SEARCH,2025-07-24 12:16:41
1543,207,VIEW,2025-08-24 19:38:02
1543,207,VIEW,2025-09-03 19:26:20
1543,191,VIEW,2025-09-05 14:16:44
1543,193,VIEW,2025-09-11 14:16:44
1543,206,VIEW,2025-09-26 23:26:00
1543,207,VIEW,2025-10-16 23:52:30
1543,203,VIEW,2025-10-20 18:14:04
1543,206,VIEW,2025-11-09 01:39:42
1543,207,VIEW,2025-11-26 20:26:39
1543,206,VIEW,2025-12-10 03:55:12
1543,201,VIEW,2025-12-26 16:35:24
1543,200,SEARCH,2025-12-27 07:00:38
1543,208,VIEW,2026-02-15 16:49:47
1543,208,VIEW,2026-03-14 01:09:08
1543,201,VIEW,2026-03-24 06:52:16
1543,207,VIEW,2026-04-19 21:26:32
1543,201,VIEW,2026-06-11 16:05:00
1543,183,SEARCH,2026-06-16 09:42:28
1543,217,VIEW,2026-06-22 18:26:35
1543,189,ADD_TO_CART,2026-07-17 18:01:29
1543,187,VIEW,2026-07-17 23:01:27
1543,206,SEARCH,2026-07-20 18:50:00
1544,181,VIEW,2025-12-21 13:50:47
1544,202,ADD_TO_CART,2025-12-22 16:47:20
1544,202,VIEW,2026-01-04 12:08:54
1544,187,ADD_TO_CART,2026-01-04 17:09:58
1544,186,VIEW,2026-01-14 01:03:35
1544,185,SEARCH,2026-01-18 10:50:26
1544,200,VIEW,2026-01-19 17:39:33
1544,215,VIEW,2026-01-28 06:40:34
1544,202,VIEW,2026-02-01 18:03:04
1544,187,VIEW,2026-02-12 14:33:35
1544,207,SEARCH,2026-02-16 01:46:25
1544,185,SEARCH,2026-02-18 17:02:25
1544,204,SEARCH,2026-02-19 10:22:58
1544,184,VIEW,2026-02-20 01:10:01
1544,189,VIEW,2026-02-20 06:51:54
1544,187,SEARCH,2026-03-02 09:42:31
1544,205,FAVORITE,2026-03-10 18:29:23
1544,193,VIEW,2026-03-11 02:17:14
1544,204,VIEW,2026-03-16 23:41:13
1544,202,VIEW,2026-03-19 12:53:06
1544,218,SEARCH,2026-03-20 11:50:20
1544,184,FAVORITE,2026-03-24 10:52:26
1544,207,SEARCH,2026-03-27 20:47:34
1544,184,VIEW,2026-04-14 00:35:03
1544,190,SHARE,2026-04-23 23:56:15
1544,201,VIEW,2026-04-27 23:54:31
1544,205,SHARE,2026-04-30 08:18:14
1544,202,SEARCH,2026-05-02 01:06:55
1544,187,VIEW,2026-05-03 08:37:53
1544,196,SEARCH,2026-05-06 00:42:11
1544,186,SEARCH,2026-05-11 14:34:25
1544,205,VIEW,2026-05-16 05:52:35
1544,218,VIEW,2026-05-19 23:37:41
1544,186,FAVORITE,2026-05-20 17:13:11
1544,188,SEARCH,2026-05-22 07:40:38
1544,203,FAVORITE,2026-05-25 04:13:59
1544,202,VIEW,2026-05-31 20:18:10
1544,187,VIEW,2026-06-07 15:44:34
1544,205,FAVORITE,2026-06-18 01:21:42
1544,186,VIEW,2026-06-19 14:12:01
1544,182,VIEW,2026-06-27 15:25:45
1544,185,VIEW,2026-07-03 16:40:00
1545,211,SEARCH,2025-02-06 00:55:16
1545,216,VIEW,2025-02-16 00:57:27
1545,212,VIEW,2025-03-04 09:37:37
1545,218,VIEW,2025-03-17 08:55:36
1545,209,VIEW,2025-03-26 22:06:20
1545,192,FAVORITE,2025-04-16 19:47:11
1545,214,VIEW,2025-07-04 13:16:17
1545,209,VIEW,2025-07-06 02:51:08
1545,215,VIEW,2025-07-08 21:52:43
1545,210,VIEW,2025-07-19 18:28:29
1545,194,VIEW,2025-09-23 04:06:04
1545,208,VIEW,2025-10-10 01:21:53
1545,211,VIEW,2025-10-13 18:45:34
1545,211,SEARCH,2025-10-14 19:28:04
1545,201,ADD_TO_CART,2025-10-15 10:13:19
1545,209,VIEW,2025-11-30 04:53:11
1545,214,SEARCH,2025-12-08 20:46:27
1545,212,SEARCH,2025-12-13 04:20:45
1545,211,VIEW,2025-12-30 06:21:53
1545,193,VIEW,2026-01-19 07:18:52
1545,217,VIEW,2026-01-19 19:15:39
1545,193,VIEW,2026-02-05 00:38:52
1545,194,SHARE,2026-02-11 03:34:41
1545,195,SEARCH,2026-02-24 10:16:14
1545,201,VIEW,2026-03-05 12:05:54
1545,204,ADD_TO_CART,2026-03-07 14:47:46
1545,201,VIEW,2026-03-24 18:15:37
1545,211,FAVORITE,2026-03-29 12:03:12
1545,211,SHARE,2026-04-13 08:12:58
1545,192,VIEW,2026-05-05 12:31:39
1545,193,VIEW,2026-06-03 11:06:23
1545,211,ADD_TO_CART,2026-06-06 15:52:05
1545,194,SEARCH,2026-06-27 13:00:00
1546,196,VIEW,2025-11-11 07:14:33
1546,216,VIEW,2025-11-28 02:21:07
1546,195,SEARCH,2025-12-04 04:10:45
1546,202,VIEW,2025-12-06 19:10:52
1546,216,VIEW,2025-12-08 23:20:45
1546,216,VIEW,2025-12-14 04:19:54
1546,183,VIEW,2025-12-14 06:15:03
1546,186,ADD_TO_CART,2025-12-15 14:26:08
1546,195,ADD_TO_CART,2025-12-16 07:29:54
1546,212,VIEW,2025-12-20 14:37:53
1546,204,SHARE,2025-12-25 21:13:32
1546,215,VIEW,2025-12-29 02:40:47
1546,203,FAVORITE,2026-01-02 07:49:56
1546,195,VIEW,2026-01-03 22:52:37
1546,196,VIEW,2026-01-05 21:30:49
1546,196,SEARCH,2026-01-14 09:01:18
1546,206,VIEW,2026-01-16 06:24:14
1546,209,VIEW,2026-01-28 17:34:00
1546,192,ADD_TO_CART,2026-02-01 13:52:32
1546,181,VIEW,2026-02-03 14:41:43
1546,215,VIEW,2026-02-05 19:05:14
1546,184,FAVORITE,2026-02-06 04:11:54
1546,201,SEARCH,2026-02-06 14:41:26
1546,205,VIEW,2026-02-09 04:03:24
1546,200,VIEW,2026-02-11 14:42:33
1546,195,VIEW,2026-02-15 05:51:30
1546,217,VIEW,2026-02-15 21:19:37
1546,195,VIEW,2026-02-18 21:18:57
1546,216,ADD_TO_CART,2026-02-19 15:20:11
1546,205,VIEW,2026-02-24 00:36:56
1546,210,VIEW,2026-02-25 08:15:13
1546,184,VIEW,2026-02-25 10:53:58
1546,195,SHARE,2026-02-27 14:54:27
1546,195,VIEW,2026-03-04 01:43:27
1546,190,SEARCH,2026-03-04 10:16:30
1546,215,VIEW,2026-03-06 12:52:40
1546,188,ADD_TO_CART,2026-03-08 12:09:46
1546,217,VIEW,2026-03-10 05:31:10
1546,217,VIEW,2026-03-18 10:43:18
1546,207,VIEW,2026-03-21 10:59:41
1546,186,SEARCH,2026-03-28 11:05:56
1546,215,ADD_TO_CART,2026-03-30 08:05:45
1546,217,VIEW,2026-03-31 00:55:38
1546,185,VIEW,2026-03-31 12:57:21
1546,207,SEARCH,2026-04-04 20:32:08
1546,216,VIEW,2026-04-08 14:38:17
1546,215,SEARCH,2026-04-10 23:28:07
1546,217,SEARCH,2026-04-11 02:41:38
1546,195,VIEW,2026-04-17 02:03:57
1546,195,ADD_TO_CART,2026-04-17 17:07:43
1546,217,SEARCH,2026-04-18 01:03:53
1546,217,SEARCH,2026-04-19 13:06:53
1546,186,ADD_TO_CART,2026-04-19 13:17:45
1546,205,VIEW,2026-05-01 07:56:25
1546,184,SEARCH,2026-05-10 08:51:10
1546,215,VIEW,2026-05-18 03:03:26
1546,217,VIEW,2026-05-20 21:52:40
1546,195,VIEW,2026-05-23 15:40:59
1546,196,SEARCH,2026-05-23 17:32:58
1546,210,VIEW,2026-05-24 20:53:32
1546,183,SEARCH,2026-05-26 17:40:19
1546,216,VIEW,2026-05-30 03:28:10
1546,186,VIEW,2026-06-02 22:25:45
1546,189,VIEW,2026-06-02 22:49:08
1546,187,VIEW,2026-06-03 10:34:45
1546,196,SEARCH,2026-06-04 17:18:55
1546,198,VIEW,2026-06-05 03:36:04
1546,196,VIEW,2026-06-08 12:22:27
1546,209,ADD_TO_CART,2026-06-11 06:45:48
1546,216,VIEW,2026-06-18 07:24:14
1546,217,SEARCH,2026-06-20 12:02:00
1547,216,ADD_TO_CART,2025-05-08 01:41:33
1547,202,SEARCH,2025-05-30 23:10:51
1547,180,VIEW,2025-06-12 09:16:41
1547,212,VIEW,2025-06-18 14:44:16
1547,189,FAVORITE,2025-06-18 19:21:33
1547,183,VIEW,2025-06-28 09:13:07
1547,198,VIEW,2025-07-01 18:19:26
1547,202,ADD_TO_CART,2025-07-02 04:45:52
1547,205,VIEW,2025-07-04 12:54:50
1547,190,SEARCH,2025-07-07 07:40:58
1547,201,SEARCH,2025-07-10 05:12:31
1547,196,VIEW,2025-07-26 16:26:30
1547,209,SEARCH,2025-08-01 05:16:19
1547,201,VIEW,2025-08-01 06:16:56
1547,215,VIEW,2025-08-02 23:36:22
1547,182,VIEW,2025-08-06 03:50:14
1547,180,SEARCH,2025-08-17 06:19:15
1547,183,VIEW,2025-08-28 19:15:36
1547,199,VIEW,2025-09-07 17:06:34
1547,204,VIEW,2025-09-11 08:34:18
1547,184,VIEW,2025-09-15 05:40:21
1547,199,VIEW,2025-09-22 12:35:00
1547,202,VIEW,2025-10-02 04:41:19
1547,202,VIEW,2025-10-03 01:20:17
1547,200,ADD_TO_CART,2025-10-06 17:17:56
1547,202,SEARCH,2025-10-09 20:39:35
1547,194,VIEW,2025-10-21 17:24:20
1547,200,VIEW,2025-10-22 13:46:01
1547,185,ADD_TO_CART,2025-10-28 20:45:54
1547,202,FAVORITE,2025-11-01 15:41:58
1547,214,VIEW,2025-11-12 16:32:46
1547,201,VIEW,2025-11-14 12:53:37
1547,185,VIEW,2025-11-15 14:20:24
1547,189,VIEW,2025-11-17 02:28:45
1547,199,VIEW,2025-12-01 23:43:19
1547,200,VIEW,2025-12-05 21:42:00
1547,184,VIEW,2025-12-07 04:59:03
1547,183,VIEW,2025-12-08 11:03:32
1547,202,VIEW,2025-12-11 13:10:07
1547,202,VIEW,2025-12-23 13:03:13
1547,179,VIEW,2026-01-03 17:00:53
1547,205,ADD_TO_CART,2026-01-20 05:26:31
1547,200,VIEW,2026-01-26 17:22:19
1547,202,ADD_TO_CART,2026-02-03 12:14:07
1547,202,SEARCH,2026-02-09 11:27:58
1547,182,SHARE,2026-02-11 01:21:28
1547,184,VIEW,2026-02-17 19:04:00
1547,204,VIEW,2026-02-25 13:19:12
1547,182,ADD_TO_CART,2026-02-26 00:57:46
1547,200,VIEW,2026-03-19 02:10:42
1547,200,VIEW,2026-03-20 04:46:14
1547,184,VIEW,2026-03-20 06:12:23
1547,182,VIEW,2026-03-31 07:59:33
1547,195,VIEW,2026-04-15 06:45:26
1547,189,FAVORITE,2026-04-18 05:53:06
1547,213,VIEW,2026-04-19 16:54:16
1547,183,SEARCH,2026-04-22 03:35:20
1547,184,SEARCH,2026-05-01 06:36:30
1547,216,SEARCH,2026-05-07 21:41:49
1547,199,VIEW,2026-05-10 11:53:34
1547,183,VIEW,2026-05-12 00:37:35
1547,201,VIEW,2026-05-18 17:01:57
1547,197,VIEW,2026-05-26 10:00:26
1547,183,VIEW,2026-06-03 04:38:41
1547,201,ADD_TO_CART,2026-06-09 17:56:00
1548,191,VIEW,2025-05-27 14:31:35
1548,189,ADD_TO_CART,2025-06-10 00:54:19
1548,187,VIEW,2025-06-15 02:55:59
1548,207,VIEW,2025-06-15 10:39:06
1548,210,VIEW,2025-06-16 09:31:02
1548,189,VIEW,2025-06-17 23:28:55
1548,209,VIEW,2025-06-25 04:43:56
1548,191,VIEW,2025-06-29 13:54:11
1548,210,SEARCH,2025-07-02 21:10:39
1548,190,ADD_TO_CART,2025-07-10 21:28:51
1548,201,SEARCH,2025-07-15 06:02:06
1548,186,VIEW,2025-07-17 04:19:02
1548,181,VIEW,2025-07-19 06:23:59
1548,181,VIEW,2025-08-03 20:52:06
1548,205,FAVORITE,2025-08-13 09:57:07
1548,191,VIEW,2025-09-13 11:01:20
1548,182,VIEW,2025-09-17 10:53:41
1548,194,SHARE,2025-09-17 16:24:52
1548,197,ADD_TO_CART,2025-09-28 00:28:47
1548,189,SEARCH,2025-10-19 12:59:38
1548,185,VIEW,2025-10-21 14:39:55
1548,204,VIEW,2025-10-22 12:09:52
1548,203,VIEW,2025-10-27 23:16:03
1548,209,VIEW,2025-10-28 18:41:43
1548,188,VIEW,2025-11-02 18:43:07
1548,209,VIEW,2025-11-09 03:17:40
1548,209,ADD_TO_CART,2025-11-12 05:20:03
1548,211,SEARCH,2025-11-24 04:43:00
1548,187,SEARCH,2025-12-03 08:49:37
1548,209,SEARCH,2025-12-06 04:20:53
1548,195,VIEW,2025-12-08 19:38:30
1548,186,VIEW,2025-12-17 19:09:56
1548,189,SEARCH,2025-12-18 11:31:01
1548,210,SEARCH,2025-12-27 22:06:52
1548,189,VIEW,2025-12-31 02:35:41
1548,196,VIEW,2026-01-06 03:12:15
1548,210,VIEW,2026-01-13 05:09:15
1548,190,FAVORITE,2026-02-11 00:34:42
1548,209,VIEW,2026-02-20 22:04:51
1548,218,VIEW,2026-02-22 09:30:28
1548,210,VIEW,2026-03-02 04:25:52
1548,190,VIEW,2026-03-05 14:55:24
1548,189,VIEW,2026-03-06 14:35:17
1548,217,VIEW,2026-03-17 04:27:40
1548,188,VIEW,2026-03-24 18:33:38
1548,190,VIEW,2026-04-05 12:30:00
1548,185,VIEW,2026-04-05 23:24:38
1548,185,SEARCH,2026-04-10 21:42:14
1548,189,SEARCH,2026-04-14 16:11:06
1548,186,VIEW,2026-05-02 06:45:32
1548,209,VIEW,2026-05-05 02:25:39
1548,209,SHARE,2026-05-08 03:03:12
1548,189,FAVORITE,2026-05-22 19:47:23
1548,190,SEARCH,2026-05-24 03:56:15
1548,189,VIEW,2026-06-02 18:16:17
1548,217,VIEW,2026-06-04 16:07:40
1548,186,VIEW,2026-06-04 19:52:34
1548,189,VIEW,2026-06-09 02:16:49
1548,187,SEARCH,2026-06-18 10:07:33
1548,192,VIEW,2026-06-23 05:58:15
1548,189,VIEW,2026-07-05 08:03:42
1548,191,VIEW,2026-07-09 16:44:13
1548,202,VIEW,2026-07-12 11:50:00
1549,185,SEARCH,2024-05-22 09:01:54
1549,183,VIEW,2024-06-06 02:21:32
1549,202,VIEW,2024-10-07 07:26:02
1549,183,VIEW,2024-10-13 18:39:48
1549,200,VIEW,2024-10-17 15:05:50
1549,205,SHARE,2024-12-12 14:38:10
1549,217,SHARE,2024-12-15 22:11:21
1549,201,SEARCH,2024-12-27 09:32:06
1549,183,VIEW,2024-12-28 11:33:28
1549,184,SEARCH,2025-01-30 00:04:46
1549,188,VIEW,2025-02-17 07:53:46
1549,183,ADD_TO_CART,2025-02-18 02:29:30
1549,204,ADD_TO_CART,2025-03-02 11:48:50
1549,202,VIEW,2025-03-13 12:26:37
1549,202,VIEW,2025-03-23 02:56:06
1549,208,SEARCH,2025-04-09 04:34:08
1549,201,VIEW,2025-05-29 11:10:01
1549,186,VIEW,2025-05-30 10:47:02
1549,203,ADD_TO_CART,2025-07-10 16:11:00
1549,200,VIEW,2025-07-16 18:26:35
1549,183,ADD_TO_CART,2025-07-19 00:35:27
1549,182,VIEW,2025-07-27 08:54:19
1549,201,VIEW,2025-08-01 22:23:42
1549,208,SEARCH,2025-08-03 21:51:00
1549,185,VIEW,2025-08-20 11:41:12
1549,179,ADD_TO_CART,2025-08-21 19:28:57
1549,196,VIEW,2025-10-16 19:06:53
1549,183,VIEW,2025-11-05 17:54:51
1549,184,VIEW,2025-11-06 02:42:33
1549,186,VIEW,2025-11-21 08:13:09
1549,212,VIEW,2025-12-29 11:25:14
1549,187,ADD_TO_CART,2026-01-01 05:20:57
1549,194,VIEW,2026-01-01 10:07:15
1549,215,VIEW,2026-02-14 17:48:06
1549,192,VIEW,2026-03-17 06:26:46
1549,184,SHARE,2026-04-17 08:30:40
1549,184,ADD_TO_CART,2026-04-21 16:52:35
1549,205,VIEW,2026-04-28 20:49:57
1549,183,SEARCH,2026-05-02 20:53:38
1549,202,VIEW,2026-06-10 05:04:21
1549,199,SEARCH,2026-07-09 16:09:36
1549,184,SEARCH,2026-07-13 15:57:00
1550,184,VIEW,2024-12-30 13:40:05
1550,211,VIEW,2025-01-01 20:39:47
1550,212,VIEW,2025-01-08 20:47:58
1550,192,VIEW,2025-01-10 02:12:29
1550,195,VIEW,2025-01-19 22:52:23
1550,179,VIEW,2025-01-28 14:30:24
1550,198,VIEW,2025-02-03 20:04:49
1550,182,VIEW,2025-02-11 10:32:07
1550,195,VIEW,2025-02-16 08:37:33
1550,212,VIEW,2025-02-18 16:04:07
1550,212,SEARCH,2025-02-21 03:04:41
1550,212,VIEW,2025-03-03 14:03:18
1550,203,VIEW,2025-03-08 09:02:54
1550,192,VIEW,2025-04-03 11:59:56
1550,211,ADD_TO_CART,2025-04-07 11:45:14
1550,213,SEARCH,2025-04-19 19:20:21
1550,202,SEARCH,2025-04-22 16:49:22
1550,186,SEARCH,2025-04-24 03:44:45
1550,212,VIEW,2025-05-06 23:27:31
1550,208,SEARCH,2025-05-13 01:39:05
1550,217,VIEW,2025-05-14 22:03:00
1550,182,VIEW,2025-05-20 04:41:06
1550,205,VIEW,2025-05-25 15:44:00
1550,181,SEARCH,2025-06-02 00:43:12
1550,210,VIEW,2025-06-09 11:52:16
1550,202,SEARCH,2025-06-20 07:55:36
1550,211,SEARCH,2025-07-04 05:15:28
1550,185,VIEW,2025-07-04 11:51:32
1550,192,VIEW,2025-07-08 11:43:55
1550,212,SEARCH,2025-07-13 17:21:22
1550,216,ADD_TO_CART,2025-07-18 05:12:54
1550,184,VIEW,2025-07-26 00:26:07
1550,192,ADD_TO_CART,2025-08-08 16:15:56
1550,212,VIEW,2025-08-11 00:56:35
1550,202,FAVORITE,2025-08-30 05:20:57
1550,197,VIEW,2025-09-12 04:01:58
1550,209,VIEW,2025-09-13 05:37:58
1550,192,ADD_TO_CART,2025-09-22 15:20:33
1550,192,ADD_TO_CART,2025-09-28 19:49:28
1550,209,VIEW,2025-10-05 11:10:21
1550,180,VIEW,2025-10-12 11:35:02
1550,210,SEARCH,2025-10-21 17:44:14
1550,209,VIEW,2025-10-29 23:29:09
1550,202,SEARCH,2025-10-31 07:03:40
1550,207,ADD_TO_CART,2025-11-15 23:58:51
1550,210,ADD_TO_CART,2025-11-16 14:49:45
1550,192,VIEW,2025-11-21 18:28:20
1550,218,SEARCH,2025-11-24 02:45:40
1550,212,VIEW,2025-11-26 13:11:59
1550,183,VIEW,2025-11-28 14:22:04
1550,180,SEARCH,2025-11-30 04:13:44
1550,186,VIEW,2025-11-30 06:46:54
1550,212,ADD_TO_CART,2025-12-04 22:06:32
1550,183,SEARCH,2025-12-07 06:34:16
1550,181,ADD_TO_CART,2025-12-09 13:35:23
1550,212,VIEW,2025-12-20 15:56:34
1550,199,VIEW,2025-12-27 06:37:14
1550,192,VIEW,2025-12-31 03:50:21
1550,187,SEARCH,2026-01-02 02:51:50
1550,202,VIEW,2026-01-12 03:32:12
1550,208,VIEW,2026-02-19 20:26:09
1550,211,SEARCH,2026-02-25 18:35:15
1550,212,SEARCH,2026-02-28 02:46:37
1550,190,SEARCH,2026-03-02 10:48:19
1550,192,VIEW,2026-03-08 13:51:42
1550,199,VIEW,2026-03-08 15:59:07
1550,211,SEARCH,2026-03-15 23:27:30
1550,192,VIEW,2026-03-19 22:24:11
1550,208,VIEW,2026-03-24 05:39:41
1550,197,VIEW,2026-03-25 19:52:59
1550,191,VIEW,2026-04-15 14:45:13
1550,179,VIEW,2026-04-16 07:52:09
1550,187,SEARCH,2026-05-01 22:19:53
1550,211,VIEW,2026-05-03 22:42:43
1550,187,FAVORITE,2026-05-12 17:44:39
1550,192,VIEW,2026-05-22 00:04:27
1550,210,VIEW,2026-05-27 05:59:41
1550,184,VIEW,2026-06-05 14:24:08
1550,179,SEARCH,2026-06-09 14:35:00
1551,208,SEARCH,2025-11-09 03:59:42
1551,207,VIEW,2025-11-17 04:56:57
1551,210,SEARCH,2025-11-20 22:09:18
1551,189,SEARCH,2025-11-21 21:25:05
1551,190,VIEW,2025-11-26 23:40:45
1551,191,VIEW,2025-12-01 06:14:27
1551,210,FAVORITE,2025-12-05 11:49:56
1551,209,VIEW,2025-12-05 21:43:27
1551,189,ADD_TO_CART,2025-12-08 16:56:44
1551,218,ADD_TO_CART,2025-12-21 14:39:05
1551,210,VIEW,2025-12-27 14:29:05
1551,180,VIEW,2026-01-06 09:48:46
1551,209,VIEW,2026-01-12 03:40:03
1551,210,SEARCH,2026-01-12 21:49:33
1551,210,VIEW,2026-01-19 02:04:10
1551,202,VIEW,2026-01-23 04:09:13
1551,213,VIEW,2026-01-23 16:17:44
1551,199,VIEW,2026-01-23 21:56:31
1551,209,SEARCH,2026-01-26 03:06:07
1551,199,VIEW,2026-02-03 09:49:41
1551,196,VIEW,2026-02-08 23:23:33
1551,189,VIEW,2026-02-13 19:27:47
1551,212,ADD_TO_CART,2026-02-14 06:25:24
1551,209,ADD_TO_CART,2026-02-26 21:03:59
1551,199,SEARCH,2026-02-28 06:35:04
1551,209,VIEW,2026-03-01 00:04:15
1551,209,VIEW,2026-03-06 09:58:49
1551,190,VIEW,2026-03-06 14:34:49
1551,207,ADD_TO_CART,2026-03-16 00:05:35
1551,182,VIEW,2026-03-16 19:55:48
1551,212,ADD_TO_CART,2026-03-22 22:45:46
1551,216,SEARCH,2026-03-25 19:14:21
1551,201,SEARCH,2026-04-05 09:35:32
1551,209,SEARCH,2026-04-07 02:32:35
1551,209,VIEW,2026-04-08 15:59:50
1551,189,SEARCH,2026-04-10 06:41:26
1551,185,VIEW,2026-04-16 22:07:08
1551,207,VIEW,2026-04-20 09:28:22
1551,209,VIEW,2026-04-30 02:51:05
1551,209,SEARCH,2026-05-01 01:50:39
1551,184,ADD_TO_CART,2026-05-03 23:09:35
1551,214,SEARCH,2026-05-04 16:30:00
1551,216,VIEW,2026-05-17 02:29:51
1551,210,VIEW,2026-05-24 01:58:31
1551,189,VIEW,2026-05-25 00:42:28
1551,210,VIEW,2026-05-25 09:37:42
1551,210,VIEW,2026-05-31 11:18:35
1551,187,SHARE,2026-05-31 18:52:50
1551,201,VIEW,2026-06-01 22:37:13
1551,189,ADD_TO_CART,2026-06-02 11:14:40
1551,210,FAVORITE,2026-06-02 17:09:57
1551,194,VIEW,2026-06-02 20:48:36
1551,189,ADD_TO_CART,2026-06-05 09:29:27
1551,209,VIEW,2026-06-08 18:05:05
1551,193,VIEW,2026-06-09 11:06:36
1551,205,VIEW,2026-06-10 13:51:10
1551,209,SHARE,2026-06-17 15:34:49
1551,198,VIEW,2026-06-18 23:29:55
1551,194,VIEW,2026-06-19 06:44:37
1551,207,SHARE,2026-06-21 09:12:54
1551,183,VIEW,2026-06-23 12:28:58
1551,181,ADD_TO_CART,2026-06-24 04:30:39
1551,189,VIEW,2026-07-01 18:09:00
1552,185,ADD_TO_CART,2024-02-08 12:01:00
1552,194,ADD_TO_CART,2024-04-01 19:39:09
1552,218,VIEW,2024-04-19 05:04:33
1552,184,VIEW,2024-04-20 14:21:40
1552,207,VIEW,2024-05-16 23:14:29
1552,218,VIEW,2024-05-25 22:12:48
1552,214,VIEW,2024-05-26 09:29:56
1552,207,FAVORITE,2024-06-14 21:44:07
1552,193,VIEW,2024-07-19 07:33:41
1552,181,VIEW,2024-08-01 17:07:53
1552,207,VIEW,2024-09-03 12:01:08
1552,206,VIEW,2024-09-17 06:48:37
1552,186,VIEW,2024-09-21 03:23:37
1552,213,VIEW,2024-09-23 01:55:53
1552,203,VIEW,2024-11-04 00:20:55
1552,207,VIEW,2024-11-15 12:20:27
1552,207,VIEW,2024-12-02 13:55:15
1552,208,VIEW,2024-12-09 02:43:36
1552,187,SEARCH,2024-12-13 06:53:58
1552,206,VIEW,2024-12-13 22:17:11
1552,204,SHARE,2024-12-19 19:38:29
1552,208,VIEW,2025-03-22 23:55:02
1552,208,VIEW,2025-04-10 12:49:07
1552,206,VIEW,2025-04-14 18:16:33
1552,207,VIEW,2025-04-15 18:48:51
1552,188,VIEW,2025-05-17 05:53:43
1552,207,VIEW,2025-06-28 06:39:32
1552,207,SEARCH,2025-07-05 06:12:33
1552,204,VIEW,2025-07-20 03:50:53
1552,212,SEARCH,2025-07-20 20:12:38
1552,204,VIEW,2025-08-10 08:47:26
1552,217,VIEW,2025-09-06 17:06:23
1552,205,VIEW,2025-09-13 10:58:01
1552,187,VIEW,2025-09-17 21:27:37
1552,188,VIEW,2025-09-21 15:44:01
1552,208,ADD_TO_CART,2025-10-18 13:15:32
1552,208,VIEW,2025-10-25 18:54:47
1552,206,VIEW,2025-11-11 16:03:05
1552,206,VIEW,2025-11-22 10:57:30
1552,202,SHARE,2025-12-26 20:56:03
1552,200,VIEW,2026-01-17 07:34:43
1552,203,VIEW,2026-02-14 15:06:45
1552,214,VIEW,2026-03-05 14:17:41
1552,179,VIEW,2026-04-06 02:44:45
1552,208,VIEW,2026-04-07 23:18:38
1552,188,VIEW,2026-04-17 06:38:25
1552,207,SEARCH,2026-04-29 11:40:28
1552,207,SEARCH,2026-05-01 16:32:34
1552,207,SEARCH,2026-05-23 14:37:50
1552,208,VIEW,2026-05-28 00:55:15
1552,203,SEARCH,2026-06-02 03:12:53
1552,198,VIEW,2026-07-15 12:47:00
1553,211,SEARCH,2025-11-10 06:17:08
1553,211,ADD_TO_CART,2025-11-14 00:44:22
1553,185,ADD_TO_CART,2025-11-28 21:22:25
1553,194,SEARCH,2025-11-29 20:09:16
1553,192,VIEW,2025-12-01 09:18:54
1553,212,VIEW,2025-12-02 19:04:37
1553,217,VIEW,2025-12-03 07:59:51
1553,207,ADD_TO_CART,2025-12-17 18:39:11
1553,195,VIEW,2026-01-05 19:01:06
1553,209,VIEW,2026-01-18 00:00:42
1553,190,SEARCH,2026-01-21 00:16:47
1553,211,VIEW,2026-01-21 07:35:09
1553,212,VIEW,2026-01-23 15:21:55
1553,196,VIEW,2026-01-24 20:10:48
1553,181,SHARE,2026-01-27 16:43:33
1553,211,VIEW,2026-01-28 13:55:50
1553,207,VIEW,2026-01-28 18:24:51
1553,210,VIEW,2026-01-31 13:18:10
1553,183,VIEW,2026-02-03 08:22:06
1553,196,VIEW,2026-02-05 02:37:43
1553,212,VIEW,2026-02-07 07:27:47
1553,183,VIEW,2026-02-11 10:40:22
1553,212,SEARCH,2026-02-14 08:35:28
1553,212,VIEW,2026-02-16 16:50:38
1553,217,VIEW,2026-02-16 17:26:57
1553,211,VIEW,2026-02-19 22:03:19
1553,211,VIEW,2026-02-26 20:43:44
1553,187,FAVORITE,2026-03-02 22:09:48
1553,192,FAVORITE,2026-03-10 07:33:16
1553,204,VIEW,2026-03-24 02:27:14
1553,198,VIEW,2026-04-10 22:40:45
1553,184,VIEW,2026-04-21 08:46:07
1553,212,VIEW,2026-04-24 11:57:39
1553,192,VIEW,2026-05-02 02:10:36
1553,208,SEARCH,2026-05-05 22:33:19
1553,217,SHARE,2026-05-13 00:00:35
1553,212,VIEW,2026-05-13 10:19:42
1553,212,SEARCH,2026-05-23 01:47:30
1553,208,ADD_TO_CART,2026-05-23 04:44:06
1553,192,VIEW,2026-05-27 00:00:41
1553,211,VIEW,2026-06-04 10:50:39
1553,211,SEARCH,2026-06-08 02:07:33
1553,209,VIEW,2026-06-08 14:25:00
1553,191,VIEW,2026-06-08 18:49:17
1553,194,VIEW,2026-06-21 16:01:00
1554,190,VIEW,2026-01-04 06:36:01
1554,198,VIEW,2026-01-13 02:01:41
1554,181,VIEW,2026-01-23 18:58:06
1554,198,VIEW,2026-01-26 12:10:21
1554,198,VIEW,2026-01-29 12:24:02
1554,199,SEARCH,2026-02-03 02:11:59
1554,194,VIEW,2026-02-04 13:11:04
1554,180,VIEW,2026-02-04 15:27:40
1554,199,SEARCH,2026-02-05 19:25:20
1554,207,VIEW,2026-02-08 21:11:20
1554,199,VIEW,2026-02-09 16:27:01
1554,208,VIEW,2026-02-13 14:01:54
1554,199,VIEW,2026-02-13 19:58:41
1554,209,VIEW,2026-02-18 04:40:59
1554,210,VIEW,2026-02-18 08:09:59
1554,197,ADD_TO_CART,2026-02-18 14:18:42
1554,189,FAVORITE,2026-02-25 13:12:00
1554,199,VIEW,2026-02-27 16:54:58
1554,190,VIEW,2026-03-05 02:58:43
1554,180,VIEW,2026-03-16 01:08:17
1554,185,VIEW,2026-03-19 14:20:24
1554,196,VIEW,2026-03-23 03:44:09
1554,199,VIEW,2026-03-23 16:00:40
1554,218,SEARCH,2026-03-30 00:17:27
1554,210,SEARCH,2026-04-06 17:15:17
1554,179,SEARCH,2026-04-07 19:26:26
1554,196,VIEW,2026-04-09 08:07:54
1554,190,ADD_TO_CART,2026-04-09 22:12:50
1554,181,VIEW,2026-04-10 01:00:58
1554,210,VIEW,2026-04-16 20:36:17
1554,201,VIEW,2026-04-23 06:20:18
1554,180,SEARCH,2026-04-23 09:10:27
1554,189,VIEW,2026-05-10 10:58:00
1555,217,SEARCH,2024-05-26 15:46:03
1555,199,VIEW,2024-06-07 15:54:06
1555,196,VIEW,2024-06-07 21:34:50
1555,186,VIEW,2024-06-22 20:55:26
1555,201,SEARCH,2024-07-07 00:46:01
1555,199,SHARE,2024-07-09 10:26:38
1555,216,VIEW,2024-07-12 10:56:50
1555,215,VIEW,2024-07-19 10:57:56
1555,216,FAVORITE,2024-07-26 09:01:55
1555,211,ADD_TO_CART,2024-07-31 23:06:33
1555,217,VIEW,2024-08-02 02:02:29
1555,214,SEARCH,2024-08-04 13:26:35
1555,190,SEARCH,2024-08-28 12:37:30
1555,217,SHARE,2024-09-14 20:21:27
1555,210,ADD_TO_CART,2024-09-28 03:33:08
1555,196,VIEW,2024-10-12 13:16:49
1555,198,VIEW,2024-10-22 00:41:37
1555,199,SEARCH,2024-10-23 13:03:07
1555,185,SEARCH,2024-10-25 20:57:40
1555,179,VIEW,2024-11-04 12:33:47
1555,183,VIEW,2024-12-05 07:13:56
1555,216,VIEW,2024-12-19 20:10:24
1555,217,VIEW,2025-01-02 05:20:55
1555,194,VIEW,2025-01-03 10:49:20
1555,182,ADD_TO_CART,2025-02-06 17:10:04
1555,217,SEARCH,2025-02-23 11:47:33
1555,216,VIEW,2025-03-01 16:55:03
1555,196,VIEW,2025-03-08 18:38:06
1555,196,VIEW,2025-03-14 15:26:51
1555,180,VIEW,2025-03-18 11:04:47
1555,217,VIEW,2025-03-28 14:55:00
1555,208,VIEW,2025-04-12 04:17:55
1555,195,VIEW,2025-04-26 12:50:49
1555,208,VIEW,2025-05-08 16:06:19
1555,198,VIEW,2025-05-16 10:10:16
1555,197,VIEW,2025-05-23 07:13:30
1555,217,FAVORITE,2025-06-03 09:42:55
1555,217,FAVORITE,2025-06-09 09:37:47
1555,195,VIEW,2025-06-10 07:12:09
1555,216,ADD_TO_CART,2025-06-24 22:36:43
1555,215,SEARCH,2025-07-10 09:28:15
1555,179,VIEW,2025-07-26 04:23:12
1555,182,VIEW,2025-07-31 18:23:49
1555,217,VIEW,2025-08-01 20:17:23
1555,180,VIEW,2025-08-04 17:06:19
1555,201,VIEW,2025-08-05 15:21:59
1555,215,VIEW,2025-08-11 16:56:18
1555,183,FAVORITE,2025-08-13 17:22:37
1555,195,FAVORITE,2025-08-24 10:18:55
1555,190,SHARE,2025-09-08 17:34:43
1555,198,VIEW,2025-09-14 09:30:52
1555,197,VIEW,2025-09-17 23:30:50
1555,205,VIEW,2025-09-19 02:57:32
1555,196,VIEW,2025-09-21 22:36:22
1555,217,ADD_TO_CART,2025-09-22 21:49:46
1555,198,SEARCH,2025-09-25 06:44:32
1555,195,ADD_TO_CART,2025-09-27 10:50:33
1555,201,VIEW,2025-10-11 00:57:14
1555,198,VIEW,2025-10-18 18:12:17
1555,197,SEARCH,2025-10-27 14:22:07
1555,186,VIEW,2025-11-05 19:00:55
1555,196,SEARCH,2025-11-18 12:49:19
1555,196,VIEW,2025-12-11 17:17:42
1555,196,SHARE,2026-01-03 09:41:50
1555,195,VIEW,2026-01-04 10:42:56
1555,180,VIEW,2026-01-04 18:45:08
1555,180,SEARCH,2026-01-24 01:51:49
1555,199,VIEW,2026-02-11 13:18:47
1555,179,VIEW,2026-02-24 09:14:10
1555,216,VIEW,2026-02-26 20:35:00
1555,180,FAVORITE,2026-02-27 06:36:29
1555,216,VIEW,2026-03-12 07:48:38
1555,199,FAVORITE,2026-03-16 04:57:33
1555,179,VIEW,2026-03-19 15:43:35
1555,186,VIEW,2026-04-05 15:00:00
1556,209,VIEW,2024-12-24 12:42:05
1556,214,VIEW,2024-12-28 08:37:06
1556,213,VIEW,2025-01-19 20:54:21
1556,203,ADD_TO_CART,2025-02-09 06:07:57
1556,189,VIEW,2025-03-05 21:25:42
1556,216,SEARCH,2025-03-10 23:30:54
1556,211,FAVORITE,2025-03-12 13:38:31
1556,210,VIEW,2025-03-24 16:08:20
1556,214,FAVORITE,2025-03-27 20:47:22
1556,194,VIEW,2025-04-08 11:14:32
1556,213,VIEW,2025-04-16 22:02:03
1556,189,VIEW,2025-04-19 17:12:21
1556,182,ADD_TO_CART,2025-04-29 20:45:23
1556,194,VIEW,2025-05-10 04:46:25
1556,189,SEARCH,2025-05-11 01:30:24
1556,193,VIEW,2025-05-12 02:49:07
1556,213,VIEW,2025-06-28 00:56:17
1556,213,SEARCH,2025-07-01 12:47:18
1556,210,SEARCH,2025-07-12 14:26:59
1556,187,VIEW,2025-07-17 07:03:04
1556,213,VIEW,2025-07-31 10:42:36
1556,213,VIEW,2025-08-12 07:14:26
1556,209,ADD_TO_CART,2025-08-13 19:02:18
1556,203,VIEW,2025-08-15 02:49:50
1556,209,SHARE,2025-08-22 04:13:53
1556,190,SEARCH,2025-08-25 10:04:44
1556,194,VIEW,2025-09-08 19:29:17
1556,205,VIEW,2025-10-03 08:48:43
1556,207,FAVORITE,2025-10-10 03:11:06
1556,194,ADD_TO_CART,2025-10-10 15:26:49
1556,212,VIEW,2025-10-11 17:31:43
1556,180,VIEW,2025-10-17 19:38:17
1556,201,VIEW,2025-10-22 10:16:53
1556,189,VIEW,2025-10-30 06:50:25
1556,193,VIEW,2025-11-02 21:52:39
1556,202,VIEW,2025-11-05 03:45:58
1556,213,SEARCH,2025-11-10 06:53:17
1556,214,VIEW,2025-11-15 14:35:04
1556,214,SHARE,2025-12-03 02:41:29
1556,218,VIEW,2025-12-06 20:00:30
1556,205,VIEW,2025-12-15 16:34:27
1556,218,VIEW,2025-12-22 22:17:14
1556,201,VIEW,2025-12-25 06:22:16
1556,207,SHARE,2026-01-18 02:06:43
1556,213,VIEW,2026-01-18 17:34:25
1556,201,VIEW,2026-01-19 01:30:31
1556,211,VIEW,2026-01-24 03:44:08
1556,190,SEARCH,2026-01-24 08:21:42
1556,187,ADD_TO_CART,2026-01-24 09:55:24
1556,181,VIEW,2026-01-28 19:45:58
1556,193,VIEW,2026-02-01 23:15:20
1556,214,VIEW,2026-02-04 05:11:56
1556,194,VIEW,2026-02-21 12:44:05
1556,198,FAVORITE,2026-02-24 11:44:10
1556,213,VIEW,2026-02-25 23:00:04
1556,189,ADD_TO_CART,2026-03-05 01:22:21
1556,199,ADD_TO_CART,2026-03-07 00:22:27
1556,193,VIEW,2026-03-18 14:47:46
1556,200,VIEW,2026-03-24 03:38:31
1556,213,VIEW,2026-03-25 08:35:04
1556,181,VIEW,2026-03-26 02:41:57
1556,205,ADD_TO_CART,2026-04-04 01:02:37
1556,203,VIEW,2026-04-24 15:49:07
1556,215,VIEW,2026-04-28 06:34:56
1556,209,VIEW,2026-05-05 20:58:29
1556,213,VIEW,2026-06-03 19:07:57
1556,204,VIEW,2026-06-13 12:34:00
1557,186,VIEW,2024-06-05 00:43:35
1557,212,ADD_TO_CART,2024-06-18 23:13:19
1557,189,VIEW,2024-07-31 04:46:30
1557,218,SHARE,2024-08-14 10:57:47
1557,181,FAVORITE,2024-09-05 03:17:57
1557,198,VIEW,2024-09-07 05:13:16
1557,195,VIEW,2024-09-19 07:06:50
1557,207,VIEW,2024-09-20 15:41:27
1557,218,VIEW,2024-12-17 08:36:47
1557,180,VIEW,2024-12-17 15:41:26
1557,213,VIEW,2024-12-27 00:22:08
1557,218,VIEW,2025-01-20 02:35:18
1557,192,VIEW,2025-02-23 16:31:56
1557,218,VIEW,2025-03-01 05:50:34
1557,211,SHARE,2025-03-09 02:29:28
1557,217,VIEW,2025-03-25 11:27:24
1557,218,VIEW,2025-04-07 09:05:58
1557,201,SEARCH,2025-05-16 19:44:51
1557,195,VIEW,2025-06-13 04:16:47
1557,201,SEARCH,2025-07-27 04:31:13
1557,212,VIEW,2025-08-07 23:41:20
1557,200,VIEW,2025-11-14 18:30:55
1557,212,VIEW,2025-12-29 20:26:06
1557,196,VIEW,2026-01-01 04:36:31
1557,194,SEARCH,2026-01-13 00:14:25
1557,207,VIEW,2026-02-21 01:17:02
1557,199,VIEW,2026-02-21 14:32:54
1557,218,SEARCH,2026-03-15 03:12:07
1557,218,VIEW,2026-04-18 02:26:50
1557,197,VIEW,2026-04-19 13:52:45
1557,218,VIEW,2026-06-13 16:18:00
1558,194,VIEW,2025-09-10 06:28:03
1558,202,VIEW,2025-10-03 20:18:04
1558,195,SEARCH,2025-10-04 09:26:18
1558,212,VIEW,2025-10-16 20:13:20
1558,198,VIEW,2025-10-28 02:46:10
1558,211,SEARCH,2025-10-31 06:26:26
1558,181,VIEW,2025-11-02 01:37:05
1558,180,VIEW,2025-11-15 20:13:10
1558,211,FAVORITE,2025-11-18 04:47:49
1558,183,VIEW,2025-11-22 12:45:57
1558,196,SEARCH,2025-11-24 05:58:11
1558,181,SEARCH,2025-12-08 10:17:38
1558,212,VIEW,2025-12-08 17:17:52
1558,200,VIEW,2025-12-14 05:17:37
1558,210,SEARCH,2025-12-19 12:18:37
1558,204,VIEW,2026-01-01 12:25:13
1558,203,SHARE,2026-01-17 00:19:07
1558,192,VIEW,2026-01-20 14:36:21
1558,213,VIEW,2026-01-22 07:37:18
1558,194,SHARE,2026-02-11 20:15:59
1558,213,VIEW,2026-02-24 19:42:29
1558,192,ADD_TO_CART,2026-03-02 00:17:46
1558,183,VIEW,2026-03-19 03:10:02
1558,212,VIEW,2026-03-20 22:29:45
1558,218,SHARE,2026-03-24 07:06:31
1558,214,SHARE,2026-05-09 09:18:46
1558,213,VIEW,2026-05-12 14:50:06
1558,213,ADD_TO_CART,2026-06-02 19:38:49
1558,211,VIEW,2026-06-17 14:44:59
1558,211,VIEW,2026-07-13 18:24:00
1559,191,FAVORITE,2025-08-26 19:43:02
1559,198,VIEW,2025-09-29 04:48:51
1559,186,SEARCH,2025-10-03 07:42:14
1559,196,SEARCH,2025-10-03 19:06:55
1559,217,VIEW,2025-10-20 13:42:35
1559,211,VIEW,2025-10-28 20:50:25
1559,212,VIEW,2025-11-02 08:10:05
1559,181,VIEW,2025-11-04 21:05:45
1559,184,VIEW,2025-11-11 05:45:18
1559,192,VIEW,2025-11-12 15:44:56
1559,199,VIEW,2025-11-27 06:20:32
1559,186,VIEW,2025-11-28 22:33:00
1559,198,VIEW,2026-03-07 00:18:10
1559,210,SEARCH,2026-03-15 17:55:05
1559,212,VIEW,2026-03-18 14:13:09
1559,206,SEARCH,2026-04-18 01:23:10
1559,184,SEARCH,2026-05-09 16:56:26
1559,192,VIEW,2026-05-27 16:54:00
1560,216,SHARE,2025-12-31 22:35:00
1560,211,VIEW,2026-01-01 20:23:34
1560,205,ADD_TO_CART,2026-01-03 04:05:10
1560,217,ADD_TO_CART,2026-01-06 09:47:30
1560,217,VIEW,2026-01-21 22:16:57
1560,195,VIEW,2026-01-22 07:06:52
1560,195,VIEW,2026-01-22 10:29:16
1560,194,ADD_TO_CART,2026-01-28 08:44:37
1560,196,FAVORITE,2026-01-30 10:00:48
1560,189,VIEW,2026-02-01 06:58:28
1560,195,VIEW,2026-02-03 03:10:39
1560,215,VIEW,2026-02-03 12:16:33
1560,217,VIEW,2026-02-04 07:53:58
1560,215,VIEW,2026-02-04 11:44:58
1560,215,VIEW,2026-02-13 02:43:16
1560,187,VIEW,2026-02-16 19:06:36
1560,211,SEARCH,2026-02-21 07:40:54
1560,217,SEARCH,2026-03-04 05:24:55
1560,213,VIEW,2026-03-08 16:08:23
1560,191,SEARCH,2026-03-09 21:39:38
1560,216,VIEW,2026-03-10 05:51:41
1560,202,ADD_TO_CART,2026-03-13 07:45:01
1560,201,VIEW,2026-03-16 13:32:59
1560,195,VIEW,2026-03-21 03:02:29
1560,195,VIEW,2026-03-26 04:10:40
1560,199,VIEW,2026-03-28 07:06:53
1560,215,VIEW,2026-04-07 14:22:33
1560,210,VIEW,2026-04-15 16:32:27
1560,217,ADD_TO_CART,2026-04-20 18:28:08
1560,210,VIEW,2026-04-26 00:41:41
1560,210,VIEW,2026-04-26 19:56:05
1560,209,FAVORITE,2026-05-01 07:26:37
1560,192,VIEW,2026-05-01 19:03:57
1560,193,VIEW,2026-05-03 01:24:36
1560,196,VIEW,2026-05-06 11:47:06
1560,211,VIEW,2026-05-07 06:32:44
1560,203,SEARCH,2026-05-08 14:37:09
1560,216,VIEW,2026-05-13 16:36:22
1560,193,VIEW,2026-05-15 19:36:12
1560,217,VIEW,2026-05-16 13:37:43
1560,217,VIEW,2026-05-16 23:33:57
1560,215,VIEW,2026-05-19 22:28:18
1560,196,VIEW,2026-05-24 07:06:18
1560,194,VIEW,2026-05-25 16:18:02
1560,209,VIEW,2026-05-31 05:58:52
1560,192,VIEW,2026-06-01 09:37:51
1560,195,SHARE,2026-06-03 09:03:04
1560,217,VIEW,2026-06-06 17:57:10
1560,196,VIEW,2026-06-11 02:15:01
1560,190,VIEW,2026-06-11 05:05:18
1560,194,VIEW,2026-06-13 13:10:00
1561,195,VIEW,2026-02-18 18:49:58
1561,203,VIEW,2026-02-19 21:13:07
1561,184,VIEW,2026-02-20 12:43:15
1561,217,VIEW,2026-02-21 23:15:48
1561,204,VIEW,2026-02-22 06:12:10
1561,204,VIEW,2026-02-26 01:04:13
1561,212,VIEW,2026-03-01 10:01:38
1561,203,VIEW,2026-03-01 22:18:29
1561,205,ADD_TO_CART,2026-03-05 00:14:43
1561,188,VIEW,2026-03-06 21:07:12
1561,215,VIEW,2026-03-10 18:05:57
1561,204,VIEW,2026-03-11 04:52:17
1561,185,VIEW,2026-03-12 00:08:18
1561,217,VIEW,2026-03-12 16:57:37
1561,203,VIEW,2026-03-13 12:42:04
1561,203,VIEW,2026-03-13 23:45:06
1561,188,VIEW,2026-03-15 08:31:27
1561,203,SEARCH,2026-03-16 05:03:37
1561,212,VIEW,2026-03-16 07:08:58
1561,186,ADD_TO_CART,2026-03-16 17:55:50
1561,203,SEARCH,2026-03-17 09:04:48
1561,204,SEARCH,2026-03-20 19:11:11
1561,217,FAVORITE,2026-03-23 04:13:39
1561,216,SEARCH,2026-03-24 23:30:13
1561,203,SEARCH,2026-03-25 08:37:50
1561,207,SEARCH,2026-03-27 10:17:35
1561,197,VIEW,2026-03-27 20:46:16
1561,181,VIEW,2026-03-27 20:46:18
1561,196,VIEW,2026-03-29 23:43:03
1561,203,SEARCH,2026-03-30 10:42:55
1561,187,VIEW,2026-03-30 16:00:32
1561,186,ADD_TO_CART,2026-03-30 19:04:31
1561,195,VIEW,2026-03-30 23:08:41
1561,203,VIEW,2026-03-31 22:16:02
1561,204,VIEW,2026-04-03 21:59:47
1561,186,VIEW,2026-04-06 09:47:12
1561,218,VIEW,2026-04-06 18:42:51
1561,205,VIEW,2026-04-06 19:25:38
1561,187,VIEW,2026-04-08 19:48:43
1561,217,VIEW,2026-04-09 04:32:01
1561,186,FAVORITE,2026-04-09 22:57:11
1561,186,VIEW,2026-04-11 00:21:24
1561,194,VIEW,2026-04-11 06:31:49
1561,203,VIEW,2026-04-15 01:20:36
1561,215,VIEW,2026-04-18 23:10:54
1561,180,VIEW,2026-04-20 04:48:10
1561,205,SEARCH,2026-04-23 13:16:47
1561,217,VIEW,2026-04-24 10:45:15
1561,212,ADD_TO_CART,2026-04-30 05:12:37
1561,213,VIEW,2026-04-30 16:08:17
1561,217,VIEW,2026-05-01 20:29:00
1561,187,VIEW,2026-05-02 15:01:17
1561,215,ADD_TO_CART,2026-05-05 00:52:04
1561,204,VIEW,2026-05-05 13:35:46
1561,187,ADD_TO_CART,2026-05-08 09:04:29
1561,196,VIEW,2026-05-08 12:44:22
1561,185,ADD_TO_CART,2026-05-08 21:25:23
1561,203,VIEW,2026-05-09 02:59:23
1561,188,VIEW,2026-05-09 20:37:41
1561,187,VIEW,2026-05-10 01:46:11
1561,203,VIEW,2026-05-11 14:15:39
1561,203,VIEW,2026-05-14 01:07:22
1561,187,SHARE,2026-05-16 09:23:47
1561,204,VIEW,2026-05-16 12:16:39
1561,185,ADD_TO_CART,2026-05-16 23:17:03
1561,215,VIEW,2026-05-17 14:53:55
1561,186,VIEW,2026-05-17 18:34:57
1561,188,ADD_TO_CART,2026-05-20 12:40:22
1561,187,VIEW,2026-05-20 15:45:55
1561,193,VIEW,2026-05-20 23:22:31
1561,188,VIEW,2026-05-21 00:17:50
1561,185,VIEW,2026-05-23 19:39:45
1561,187,VIEW,2026-05-24 05:14:20
1561,203,VIEW,2026-05-26 15:23:40
1561,196,VIEW,2026-05-27 04:46:39
1561,205,SEARCH,2026-05-28 09:49:00
1562,207,VIEW,2024-11-09 19:54:45
1562,207,VIEW,2025-01-30 21:50:57
1562,209,VIEW,2025-02-28 06:35:36
1562,209,VIEW,2025-03-09 07:49:57
1562,218,VIEW,2025-04-13 23:26:57
1562,205,VIEW,2025-07-01 09:32:53
1562,207,VIEW,2025-08-02 00:47:20
1562,201,ADD_TO_CART,2025-09-19 18:22:57
1562,218,VIEW,2025-10-25 00:20:53
1562,207,VIEW,2025-11-01 03:49:06
1562,207,VIEW,2025-12-10 18:53:50
1562,205,FAVORITE,2025-12-18 05:54:03
1562,184,ADD_TO_CART,2026-01-12 07:13:29
1562,188,VIEW,2026-02-01 14:58:23
1562,180,VIEW,2026-03-01 20:09:21
1562,193,SEARCH,2026-04-09 08:52:36
1562,218,ADD_TO_CART,2026-04-17 03:44:30
1562,218,VIEW,2026-04-27 03:50:44
1562,208,VIEW,2026-05-02 06:06:17
1562,208,ADD_TO_CART,2026-05-20 20:56:11
1562,212,VIEW,2026-07-17 12:53:00
1563,218,SEARCH,2025-06-20 08:37:45
1563,209,ADD_TO_CART,2025-08-09 03:46:04
1563,191,ADD_TO_CART,2025-08-27 10:09:00
1564,201,VIEW,2024-06-02 13:53:09
1564,196,SEARCH,2024-06-07 22:37:53
1564,183,VIEW,2024-07-08 19:17:52
1564,202,SEARCH,2024-07-24 16:09:11
1564,197,VIEW,2024-07-25 12:22:21
1564,202,VIEW,2024-07-28 02:05:09
1564,184,SEARCH,2024-07-29 22:02:23
1564,183,VIEW,2024-08-24 07:59:46
1564,196,VIEW,2024-08-26 08:26:35
1564,201,ADD_TO_CART,2024-09-04 09:20:47
1564,183,ADD_TO_CART,2024-09-08 14:08:41
1564,214,VIEW,2024-09-09 00:30:54
1564,208,VIEW,2024-09-15 16:26:13
1564,202,VIEW,2024-09-26 13:17:48
1564,184,VIEW,2024-10-10 21:16:23
1564,184,VIEW,2024-10-16 19:26:59
1564,203,VIEW,2024-11-04 17:00:21
1564,208,VIEW,2024-11-06 05:25:14
1564,200,FAVORITE,2024-11-07 11:34:04
1564,218,VIEW,2024-11-09 09:17:22
1564,218,SEARCH,2024-11-21 15:31:24
1564,207,VIEW,2024-12-19 03:04:51
1564,183,VIEW,2024-12-30 03:52:43
1564,213,VIEW,2025-01-06 13:36:55
1564,208,VIEW,2025-01-23 22:53:13
1564,183,ADD_TO_CART,2025-01-25 15:30:55
1564,189,ADD_TO_CART,2025-01-26 00:12:46
1564,182,SEARCH,2025-02-16 23:49:58
1564,202,SEARCH,2025-02-27 15:04:34
1564,205,VIEW,2025-03-23 20:42:56
1564,202,VIEW,2025-04-02 23:22:26
1564,202,VIEW,2025-04-23 05:27:16
1564,216,SEARCH,2025-05-04 23:17:29
1564,202,VIEW,2025-05-09 07:18:13
1564,184,VIEW,2025-05-16 10:33:01
1564,195,VIEW,2025-05-17 10:13:35
1564,179,VIEW,2025-05-24 23:08:43
1564,183,SEARCH,2025-06-24 06:38:56
1564,207,SEARCH,2025-06-26 04:52:08
1564,184,VIEW,2025-07-16 11:25:14
1564,183,VIEW,2025-08-03 10:21:43
1564,191,VIEW,2025-08-04 03:40:21
1564,198,ADD_TO_CART,2025-08-05 10:42:35
1564,207,VIEW,2025-08-15 09:47:12
1564,202,VIEW,2025-08-25 02:07:26
1564,206,SEARCH,2025-09-03 23:05:07
1564,207,VIEW,2025-09-07 22:24:12
1564,197,VIEW,2025-09-10 01:34:19
1564,207,VIEW,2025-10-02 08:54:49
1564,207,VIEW,2025-10-03 13:48:39
1564,216,ADD_TO_CART,2025-10-16 08:38:36
1564,195,VIEW,2025-10-27 13:52:05
1564,217,VIEW,2025-10-28 07:48:38
1564,202,FAVORITE,2025-11-11 17:10:57
1564,208,SEARCH,2025-11-11 23:56:50
1564,200,VIEW,2025-11-19 22:47:48
1564,206,VIEW,2025-12-06 16:59:35
1564,184,VIEW,2025-12-14 22:33:15
1564,209,VIEW,2025-12-22 21:02:54
1564,203,VIEW,2025-12-25 00:41:58
1564,201,VIEW,2026-01-12 17:46:48
1564,182,VIEW,2026-01-24 09:02:02
1564,201,VIEW,2026-01-24 21:27:03
1564,193,SEARCH,2026-01-30 09:07:54
1564,182,VIEW,2026-01-30 09:46:29
1564,185,VIEW,2026-03-18 01:16:40
1564,217,SEARCH,2026-05-04 23:44:45
1564,208,VIEW,2026-05-06 18:22:57
1564,202,VIEW,2026-05-30 22:03:41
1564,182,VIEW,2026-06-16 04:04:11
1564,207,VIEW,2026-07-14 18:19:00
1565,208,VIEW,2025-09-27 02:34:55
1565,181,VIEW,2025-09-30 11:25:19
1565,198,SHARE,2025-10-04 16:22:26
1565,210,SHARE,2025-10-26 04:17:18
1565,198,VIEW,2025-10-26 08:06:35
1565,193,VIEW,2025-11-12 15:57:15
1565,179,VIEW,2025-11-24 06:53:15
1565,204,SEARCH,2025-11-26 06:56:15
1565,198,VIEW,2025-11-30 21:38:34
1565,180,VIEW,2025-12-15 04:36:33
1565,192,VIEW,2025-12-18 00:07:37
1565,181,FAVORITE,2025-12-30 01:21:14
1565,199,VIEW,2026-01-07 22:05:45
1565,206,VIEW,2026-01-16 16:44:13
1565,213,SEARCH,2026-01-24 21:18:04
1565,197,VIEW,2026-01-26 08:46:30
1565,200,VIEW,2026-02-11 15:57:07
1565,198,VIEW,2026-02-17 16:00:11
1565,181,VIEW,2026-03-11 07:47:06
1565,198,VIEW,2026-03-29 19:52:51
1565,208,SEARCH,2026-04-04 21:40:23
1565,180,ADD_TO_CART,2026-04-05 10:57:02
1565,193,VIEW,2026-04-10 11:49:23
1565,181,VIEW,2026-04-13 20:16:31
1565,180,SEARCH,2026-04-14 19:47:39
1565,181,VIEW,2026-04-19 23:40:45
1565,196,VIEW,2026-04-23 00:49:00
1565,197,SEARCH,2026-04-26 11:26:12
1565,201,VIEW,2026-04-27 18:49:48
1565,179,VIEW,2026-05-03 09:25:39
1565,180,VIEW,2026-05-10 11:00:33
1565,194,VIEW,2026-05-11 10:59:00
1566,209,VIEW,2024-05-30 11:30:11
1566,212,SHARE,2024-10-06 14:35:15
1566,207,ADD_TO_CART,2024-10-27 14:31:28
1566,210,VIEW,2024-11-25 09:22:58
1566,209,VIEW,2024-12-05 10:59:28
1566,210,SEARCH,2025-01-16 23:57:31
1566,184,VIEW,2025-03-24 02:46:06
1566,192,SHARE,2025-05-22 18:19:00
1566,191,VIEW,2025-07-12 09:57:41
1566,210,VIEW,2025-07-21 06:01:28
1566,212,SEARCH,2025-09-26 11:21:19
1566,211,VIEW,2025-10-22 15:55:57
1566,187,VIEW,2026-01-22 05:45:27
1566,181,ADD_TO_CART,2026-05-02 06:59:13
1566,185,SEARCH,2026-05-14 17:53:00
1567,201,VIEW,2025-01-02 11:37:15
1567,184,VIEW,2025-01-31 05:22:01
1567,183,VIEW,2025-02-07 17:43:25
1567,189,VIEW,2025-02-09 21:25:22
1567,210,VIEW,2025-02-23 02:47:15
1567,203,FAVORITE,2025-03-06 18:04:37
1567,217,VIEW,2025-03-10 04:30:43
1567,209,SEARCH,2025-03-17 19:28:54
1567,209,SEARCH,2025-03-20 06:37:24
1567,189,SEARCH,2025-04-06 19:21:42
1567,210,FAVORITE,2025-04-17 04:41:30
1567,210,VIEW,2025-04-17 10:39:14
1567,215,SEARCH,2025-05-03 00:58:58
1567,191,VIEW,2025-05-13 18:45:51
1567,195,SHARE,2025-05-15 01:12:05
1567,210,VIEW,2025-05-19 02:44:07
1567,209,VIEW,2025-05-23 13:09:52
1567,189,ADD_TO_CART,2025-06-23 08:46:16
1567,210,VIEW,2025-06-23 23:04:53
1567,216,VIEW,2025-06-27 03:24:08
1567,209,VIEW,2025-07-08 06:18:36
1567,188,VIEW,2025-07-13 03:38:28
1567,216,SEARCH,2025-07-18 00:01:08
1567,216,VIEW,2025-07-23 09:25:02
1567,213,VIEW,2025-07-25 21:37:52
1567,189,VIEW,2025-07-27 06:55:54
1567,204,ADD_TO_CART,2025-08-01 12:36:44
1567,210,VIEW,2025-08-07 17:37:49
1567,191,SEARCH,2025-08-09 06:28:21
1567,189,VIEW,2025-08-20 01:21:55
1567,190,VIEW,2025-09-07 14:01:12
1567,190,VIEW,2025-09-09 04:27:04
1567,210,VIEW,2025-09-13 05:53:30
1567,210,SEARCH,2025-09-17 03:02:10
1567,209,VIEW,2025-09-19 22:22:34
1567,190,FAVORITE,2025-09-24 11:58:15
1567,210,VIEW,2025-10-04 19:51:51
1567,186,VIEW,2025-11-08 20:36:32
1567,217,VIEW,2025-11-10 00:20:03
1567,189,ADD_TO_CART,2025-11-18 16:33:40
1567,212,SEARCH,2025-11-22 09:36:17
1567,208,VIEW,2025-11-23 16:32:20
1567,209,VIEW,2025-11-28 03:19:39
1567,181,VIEW,2025-12-24 15:11:38
1567,188,VIEW,2025-12-28 08:07:28
1567,195,VIEW,2026-01-08 09:44:36
1567,215,VIEW,2026-01-09 13:40:58
1567,191,VIEW,2026-01-29 07:25:47
1567,210,VIEW,2026-02-06 11:09:47
1567,186,SEARCH,2026-02-10 10:28:00
1567,208,VIEW,2026-02-20 06:50:17
1567,210,VIEW,2026-03-08 06:38:08
1567,210,VIEW,2026-03-08 17:22:32
1567,217,FAVORITE,2026-03-24 23:46:06
1567,195,VIEW,2026-03-28 14:23:29
1567,189,VIEW,2026-04-09 16:18:03
1567,217,VIEW,2026-04-20 09:38:13
1567,209,VIEW,2026-05-03 10:59:54
1567,195,VIEW,2026-05-06 17:04:25
1567,190,SEARCH,2026-05-09 12:50:18
1567,188,SEARCH,2026-05-22 08:56:06
1567,217,VIEW,2026-06-14 11:10:33
1567,189,ADD_TO_CART,2026-06-14 20:30:47
1567,210,SEARCH,2026-06-20 00:01:35
1567,209,VIEW,2026-06-27 01:29:10
1567,210,VIEW,2026-07-03 12:05:35
1567,209,SEARCH,2026-07-26 18:08:00
1568,213,VIEW,2026-05-25 03:35:14
1568,201,VIEW,2026-05-26 10:31:37
1568,194,VIEW,2026-06-01 19:26:42
1568,204,VIEW,2026-06-02 01:13:11
1568,201,VIEW,2026-06-03 03:57:28
1568,184,VIEW,2026-06-04 18:21:38
1568,213,VIEW,2026-06-05 02:42:50
1568,180,VIEW,2026-06-07 10:48:52
1568,199,VIEW,2026-06-08 00:11:42
1568,181,VIEW,2026-06-08 21:39:09
1568,189,VIEW,2026-06-09 11:00:54
1568,183,VIEW,2026-06-11 09:26:22
1568,215,VIEW,2026-06-11 16:58:08
1568,199,VIEW,2026-06-13 11:33:03
1568,210,VIEW,2026-06-15 16:09:08
1568,181,VIEW,2026-06-15 18:28:21
1568,194,ADD_TO_CART,2026-06-16 00:40:02
1568,214,VIEW,2026-06-16 08:43:24
1568,213,SHARE,2026-06-16 10:36:24
1568,205,VIEW,2026-06-16 20:22:57
1568,180,VIEW,2026-06-16 23:15:54
1568,181,VIEW,2026-06-21 14:32:05
1568,194,VIEW,2026-06-22 11:18:57
1568,182,FAVORITE,2026-06-22 15:21:25
1568,198,VIEW,2026-06-24 04:04:05
1568,200,VIEW,2026-06-24 12:37:18
1568,214,SEARCH,2026-06-25 20:46:33
1568,214,VIEW,2026-06-25 23:13:28
1568,214,VIEW,2026-06-26 04:08:49
1568,179,VIEW,2026-06-26 22:15:27
1568,194,VIEW,2026-06-27 02:21:16
1568,179,SHARE,2026-06-28 11:36:41
1568,193,SHARE,2026-06-28 23:00:42
1568,181,ADD_TO_CART,2026-06-29 10:20:02
1568,207,VIEW,2026-06-29 11:55:16
1568,180,ADD_TO_CART,2026-06-30 05:39:43
1568,197,VIEW,2026-07-02 03:19:47
1568,211,VIEW,2026-07-02 09:39:50
1568,197,VIEW,2026-07-03 00:20:16
1568,197,VIEW,2026-07-04 05:18:56
1568,179,ADD_TO_CART,2026-07-04 09:26:34
1568,180,VIEW,2026-07-04 19:29:58
1568,193,VIEW,2026-07-06 23:43:57
1568,198,VIEW,2026-07-07 09:41:43
1568,197,VIEW,2026-07-10 10:02:04
1568,202,VIEW,2026-07-10 14:11:14
1568,198,ADD_TO_CART,2026-07-11 21:34:12
1568,214,ADD_TO_CART,2026-07-15 09:19:20
1568,183,VIEW,2026-07-17 15:05:44
1568,197,SEARCH,2026-07-17 22:27:33
1568,198,SEARCH,2026-07-18 06:57:37
1568,198,VIEW,2026-07-19 19:23:32
1568,194,VIEW,2026-07-20 18:58:44
1568,180,VIEW,2026-07-21 19:15:22
1568,213,VIEW,2026-07-21 21:12:26
1568,199,SEARCH,2026-07-22 02:37:22
1568,202,VIEW,2026-07-22 22:23:31
1568,179,VIEW,2026-07-23 03:12:07
1568,189,VIEW,2026-07-23 12:10:20
1568,180,VIEW,2026-07-25 18:15:28
1568,181,FAVORITE,2026-07-26 15:43:13
1568,213,VIEW,2026-07-27 22:39:59
1568,179,SEARCH,2026-07-28 02:36:36
1568,213,VIEW,2026-07-29 12:25:27
1568,205,VIEW,2026-07-30 04:49:00
1568,190,SEARCH,2026-07-31 11:25:00
1569,212,VIEW,2025-01-12 06:11:38
1569,201,ADD_TO_CART,2025-02-01 17:45:41
1569,206,VIEW,2025-02-14 17:52:17
1569,218,SHARE,2025-03-08 20:51:09
1569,200,SEARCH,2025-04-17 05:10:39
1569,208,SEARCH,2025-05-22 21:55:50
1569,207,FAVORITE,2025-08-01 01:22:16
1569,195,FAVORITE,2025-08-07 18:37:45
1569,207,VIEW,2025-08-09 02:16:38
1569,195,VIEW,2025-09-09 01:44:34
1569,206,VIEW,2025-12-20 10:53:42
1569,218,VIEW,2026-01-07 23:09:18
1569,207,VIEW,2026-02-25 17:44:00
1570,206,ADD_TO_CART,2025-09-01 05:48:40
1570,207,VIEW,2025-09-01 16:05:02
1570,198,VIEW,2025-09-02 21:34:08
1570,195,VIEW,2025-09-03 00:15:01
1570,190,VIEW,2025-09-26 08:44:03
1570,210,FAVORITE,2025-10-08 10:17:55
1570,195,ADD_TO_CART,2025-10-17 15:19:18
1570,208,VIEW,2025-11-25 09:35:39
1570,208,SEARCH,2025-11-28 14:01:24
1570,198,ADD_TO_CART,2025-12-13 10:47:50
1570,192,VIEW,2025-12-14 01:41:04
1570,197,ADD_TO_CART,2025-12-17 23:07:13
1570,206,ADD_TO_CART,2025-12-21 22:09:01
1570,196,VIEW,2025-12-25 00:44:08
1570,187,ADD_TO_CART,2025-12-28 17:05:46
1570,194,ADD_TO_CART,2026-01-06 20:12:00
1570,194,ADD_TO_CART,2026-01-06 22:54:28
1570,193,ADD_TO_CART,2026-01-12 00:28:55
1570,197,VIEW,2026-01-17 17:41:11
1570,218,VIEW,2026-01-24 22:52:58
1570,212,VIEW,2026-01-26 09:29:06
1570,198,SEARCH,2026-01-27 15:28:50
1570,204,SEARCH,2026-02-01 05:35:45
1570,208,SEARCH,2026-02-08 03:19:32
1570,213,VIEW,2026-02-18 23:55:38
1570,200,VIEW,2026-02-19 06:23:59
1570,210,VIEW,2026-03-01 15:57:20
1570,207,VIEW,2026-03-04 22:22:05
1570,206,ADD_TO_CART,2026-03-06 14:06:47
1570,213,VIEW,2026-03-10 20:55:30
1570,213,VIEW,2026-03-10 21:52:01
1570,200,FAVORITE,2026-03-15 13:33:38
1570,207,VIEW,2026-03-17 05:05:50
1570,207,VIEW,2026-03-19 12:14:10
1570,196,VIEW,2026-03-30 22:11:52
1570,207,VIEW,2026-04-01 08:27:23
1570,216,VIEW,2026-04-09 03:52:50
1570,207,FAVORITE,2026-04-09 12:32:16
1570,208,VIEW,2026-04-11 14:17:23
1570,206,VIEW,2026-04-17 17:57:46
1570,198,SEARCH,2026-05-05 23:21:05
1570,193,VIEW,2026-05-23 14:31:04
1570,207,VIEW,2026-05-29 03:04:37
1570,202,VIEW,2026-05-30 14:58:41
1570,193,VIEW,2026-06-01 05:34:05
1570,196,VIEW,2026-06-10 06:16:53
1570,207,VIEW,2026-06-17 10:24:44
1570,195,SHARE,2026-06-23 00:23:09
1570,186,VIEW,2026-06-25 00:00:54
1570,198,VIEW,2026-06-26 17:44:00
1571,202,FAVORITE,2025-06-18 23:58:05
1571,203,VIEW,2025-06-21 18:07:39
1571,197,SEARCH,2025-07-07 18:47:37
1571,205,ADD_TO_CART,2025-07-29 14:10:42
1571,210,SEARCH,2025-07-31 14:56:46
1571,186,SEARCH,2025-08-04 15:56:05
1571,199,SHARE,2025-08-26 20:42:03
1571,204,VIEW,2025-08-29 14:07:34
1571,179,FAVORITE,2025-09-03 01:59:12
1571,218,SEARCH,2025-09-20 16:13:29
1571,216,VIEW,2025-09-26 03:58:40
1571,215,ADD_TO_CART,2025-10-18 00:09:37
1571,192,SHARE,2025-10-18 20:20:01
1571,187,FAVORITE,2025-10-19 11:58:39
1571,211,VIEW,2025-11-03 10:26:50
1571,185,VIEW,2025-11-04 18:24:10
1571,205,VIEW,2025-11-04 19:54:59
1571,203,VIEW,2025-11-05 16:24:25
1571,187,VIEW,2025-12-11 05:01:41
1571,187,VIEW,2025-12-16 19:37:52
1571,204,VIEW,2026-01-05 04:49:49
1571,205,SEARCH,2026-01-16 07:27:14
1571,181,VIEW,2026-01-31 15:51:47
1571,203,SEARCH,2026-02-01 19:35:42
1571,186,SEARCH,2026-02-05 00:27:10
1571,212,VIEW,2026-02-05 07:39:12
1571,192,SEARCH,2026-02-11 16:44:06
1571,185,ADD_TO_CART,2026-02-13 19:56:19
1571,214,SEARCH,2026-02-15 05:01:27
1571,203,VIEW,2026-02-17 15:32:00
1571,186,FAVORITE,2026-03-06 09:58:21
1571,205,ADD_TO_CART,2026-03-09 15:53:45
1571,187,VIEW,2026-03-11 18:02:20
1571,199,SEARCH,2026-03-13 17:24:04
1571,188,SEARCH,2026-03-13 21:43:40
1571,197,SHARE,2026-03-28 02:54:41
1571,193,VIEW,2026-04-02 19:42:07
1571,185,SEARCH,2026-04-08 11:20:29
1571,205,SEARCH,2026-04-19 21:52:20
1571,205,VIEW,2026-04-29 18:02:59
1571,200,VIEW,2026-05-27 05:31:03
1571,183,SEARCH,2026-05-27 12:15:24
1571,194,SHARE,2026-06-12 11:51:00
1572,202,FAVORITE,2026-04-20 21:16:52
1572,184,VIEW,2026-04-22 23:33:45
1572,199,VIEW,2026-04-23 02:31:19
1572,202,VIEW,2026-04-26 04:34:48
1572,201,SEARCH,2026-04-29 11:16:32
1572,200,VIEW,2026-04-30 14:43:32
1572,184,VIEW,2026-05-02 03:46:20
1572,202,VIEW,2026-05-02 13:24:38
1572,200,VIEW,2026-05-03 18:13:35
1572,192,VIEW,2026-05-04 15:15:16
1572,201,VIEW,2026-05-05 01:48:00
1572,201,VIEW,2026-05-07 15:22:24
1572,184,VIEW,2026-05-08 05:57:18
1572,198,VIEW,2026-05-09 10:43:01
1572,218,VIEW,2026-05-12 05:05:59
1572,202,VIEW,2026-05-12 23:16:09
1572,183,VIEW,2026-05-14 19:04:50
1572,212,VIEW,2026-05-17 13:02:26
1572,210,VIEW,2026-05-17 21:08:29
1572,184,FAVORITE,2026-05-18 22:25:18
1572,202,ADD_TO_CART,2026-05-22 07:42:16
1572,211,VIEW,2026-05-22 08:49:38
1572,193,SEARCH,2026-05-23 21:42:03
1572,201,VIEW,2026-05-26 00:37:16
1572,192,VIEW,2026-05-26 23:46:03
1572,202,FAVORITE,2026-05-27 06:07:59
1572,211,ADD_TO_CART,2026-05-28 21:39:38
1572,183,FAVORITE,2026-05-29 11:32:04
1572,182,VIEW,2026-05-29 16:37:13
1572,207,VIEW,2026-05-29 21:04:08
1572,182,VIEW,2026-05-30 07:06:19
1572,202,VIEW,2026-05-30 15:09:45
1572,182,VIEW,2026-05-31 21:39:55
1572,202,SHARE,2026-06-08 14:21:36
1572,189,VIEW,2026-06-11 06:03:24
1572,201,VIEW,2026-06-11 13:47:54
1572,202,SEARCH,2026-06-12 05:10:23
1572,200,ADD_TO_CART,2026-06-13 01:56:39
1572,201,VIEW,2026-06-17 08:52:02
1572,202,FAVORITE,2026-06-17 10:14:19
1572,202,VIEW,2026-06-18 01:09:12
1572,192,SEARCH,2026-06-19 05:43:38
1572,193,SEARCH,2026-06-21 00:09:50
1572,184,VIEW,2026-06-22 13:01:08
1572,197,SEARCH,2026-06-23 22:38:28
1572,217,ADD_TO_CART,2026-06-27 04:30:04
1572,211,SEARCH,2026-06-27 12:29:43
1572,204,FAVORITE,2026-06-29 00:56:34
1572,184,VIEW,2026-07-01 08:41:42
1572,184,VIEW,2026-07-05 22:07:11
1572,211,ADD_TO_CART,2026-07-06 11:55:00
1573,196,FAVORITE,2025-06-13 00:24:55
1573,215,VIEW,2025-06-21 23:47:50
1573,186,VIEW,2025-06-24 22:41:43
1573,187,VIEW,2025-06-28 12:21:28
1573,217,ADD_TO_CART,2025-07-08 22:24:31
1573,217,VIEW,2025-07-14 01:47:36
1573,212,VIEW,2025-07-16 12:10:16
1573,215,SEARCH,2025-07-16 13:32:28
1573,195,VIEW,2025-07-19 10:03:08
1573,192,VIEW,2025-07-23 13:25:15
1573,192,VIEW,2025-07-30 22:59:51
1573,217,VIEW,2025-08-01 22:25:30
1573,215,VIEW,2025-08-21 03:08:21
1573,187,VIEW,2025-08-23 16:13:48
1573,204,SEARCH,2025-08-23 19:58:25
1573,192,VIEW,2025-09-05 04:58:51
1573,216,VIEW,2025-09-13 05:03:19
1573,217,SEARCH,2025-09-15 17:02:25
1573,199,VIEW,2025-09-16 14:07:14
1573,216,VIEW,2025-09-20 06:59:03
1573,182,VIEW,2025-09-20 10:09:33
1573,195,SHARE,2025-09-21 10:19:50
1573,217,VIEW,2025-09-26 14:12:32
1573,218,VIEW,2025-09-28 10:02:52
1573,190,SEARCH,2025-10-04 05:37:10
1573,216,VIEW,2025-10-11 04:23:04
1573,217,SEARCH,2025-10-13 23:07:57
1573,216,SEARCH,2025-10-16 09:29:10
1573,187,ADD_TO_CART,2025-10-23 08:30:46
1573,201,VIEW,2025-10-30 09:04:08
1573,205,VIEW,2025-10-30 16:04:42
1573,204,VIEW,2025-11-08 06:38:01
1573,210,VIEW,2025-11-11 01:45:26
1573,187,FAVORITE,2025-11-11 23:56:59
1573,187,ADD_TO_CART,2025-11-15 09:44:07
1573,195,VIEW,2025-11-29 11:35:06
1573,196,VIEW,2025-12-09 21:37:27
1573,210,VIEW,2025-12-18 06:27:01
1573,195,FAVORITE,2025-12-21 02:48:13
1573,195,VIEW,2025-12-23 02:07:48
1573,218,VIEW,2025-12-29 20:40:48
1573,195,ADD_TO_CART,2025-12-30 15:42:55
1573,195,VIEW,2026-01-02 09:55:37
1573,217,ADD_TO_CART,2026-01-03 22:56:13
1573,215,VIEW,2026-01-11 17:03:00
1573,196,SEARCH,2026-01-16 11:03:44
1573,183,VIEW,2026-01-16 16:22:28
1573,213,SEARCH,2026-01-18 13:52:05
1573,195,FAVORITE,2026-01-21 18:02:38
1573,216,VIEW,2026-01-27 03:59:47
1573,217,SEARCH,2026-01-28 20:29:57
1573,189,VIEW,2026-01-28 21:58:29
1573,204,VIEW,2026-01-29 09:12:36
1573,203,VIEW,2026-01-29 17:32:05
1573,196,VIEW,2026-01-31 07:17:03
1573,187,VIEW,2026-02-05 08:37:52
1573,196,VIEW,2026-02-06 06:02:19
1573,192,VIEW,2026-02-12 08:01:13
1573,210,SHARE,2026-02-15 15:53:43
1573,212,VIEW,2026-02-24 04:52:45
1573,195,VIEW,2026-02-27 19:10:06
1573,206,VIEW,2026-03-04 12:53:59
1573,204,VIEW,2026-03-08 13:03:27
1573,215,VIEW,2026-03-10 19:58:36
1573,202,VIEW,2026-03-13 11:48:28
1573,207,VIEW,2026-03-14 21:23:42
1573,192,VIEW,2026-03-20 11:08:14
1573,196,VIEW,2026-03-22 00:11:39
1573,216,VIEW,2026-03-29 19:09:20
1573,187,VIEW,2026-03-31 07:27:53
1573,183,VIEW,2026-04-04 10:44:29
1573,217,VIEW,2026-04-07 06:00:08
1573,217,VIEW,2026-04-13 04:55:35
1573,202,ADD_TO_CART,2026-04-16 00:05:16
1573,194,VIEW,2026-04-18 19:43:53
1573,204,ADD_TO_CART,2026-04-19 12:41:14
1573,217,ADD_TO_CART,2026-04-26 22:33:01
1573,210,VIEW,2026-05-01 13:48:05
1573,213,VIEW,2026-05-15 08:25:05
1573,187,VIEW,2026-05-30 16:39:27
1573,203,VIEW,2026-06-04 18:13:23
1573,196,SEARCH,2026-06-10 13:47:24
1573,217,VIEW,2026-06-18 20:10:26
1573,189,ADD_TO_CART,2026-06-20 04:39:20
1573,187,VIEW,2026-06-20 15:02:20
1573,203,ADD_TO_CART,2026-06-27 20:20:23
1573,188,VIEW,2026-07-02 18:58:18
1573,217,SHARE,2026-07-03 12:46:00
1574,185,VIEW,2025-03-20 00:32:41
1574,202,VIEW,2025-05-05 02:14:25
1574,185,VIEW,2025-05-25 15:17:33
1574,185,VIEW,2025-05-29 05:30:31
1574,180,VIEW,2025-06-01 09:55:57
1574,217,SEARCH,2025-06-13 21:28:19
1574,211,ADD_TO_CART,2025-06-24 16:24:15
1574,194,VIEW,2025-06-25 08:40:15
1574,201,SEARCH,2025-06-27 23:37:38
1574,187,VIEW,2025-07-02 02:07:28
1574,196,VIEW,2025-07-06 00:52:37
1574,217,VIEW,2025-07-16 17:59:02
1574,217,VIEW,2025-07-30 14:18:57
1574,195,VIEW,2025-08-07 12:24:04
1574,196,VIEW,2025-08-12 01:50:37
1574,217,ADD_TO_CART,2025-08-20 04:05:45
1574,187,FAVORITE,2025-08-30 03:07:33
1574,195,ADD_TO_CART,2025-09-27 04:35:44
1574,201,VIEW,2025-09-28 02:35:18
1574,196,VIEW,2025-10-08 02:00:50
1574,209,VIEW,2025-10-13 14:29:45
1574,196,SEARCH,2025-10-14 08:55:30
1574,195,VIEW,2025-10-16 02:35:46
1574,213,VIEW,2025-10-18 07:32:02
1574,204,VIEW,2025-10-24 08:12:30
1574,186,VIEW,2025-10-25 14:48:30
1574,185,VIEW,2025-11-01 09:24:59
1574,187,VIEW,2025-11-12 05:16:46
1574,187,ADD_TO_CART,2025-11-16 09:03:37
1574,216,ADD_TO_CART,2025-11-18 04:41:32
1574,203,VIEW,2025-11-28 11:54:25
1574,216,VIEW,2025-12-05 00:56:29
1574,187,SEARCH,2025-12-09 10:48:09
1574,215,VIEW,2025-12-21 00:01:54
1574,196,VIEW,2025-12-30 03:55:56
1574,218,VIEW,2026-01-04 07:20:01
1574,209,VIEW,2026-01-19 02:44:17
1574,188,SEARCH,2026-01-19 13:13:28
1574,215,VIEW,2026-01-20 07:22:02
1574,195,FAVORITE,2026-01-23 14:14:50
1574,204,SEARCH,2026-01-24 03:06:25
1574,200,SEARCH,2026-01-31 23:11:26
1574,179,VIEW,2026-02-02 16:11:24
1574,187,VIEW,2026-02-04 12:22:09
1574,215,VIEW,2026-02-04 22:57:16
1574,202,ADD_TO_CART,2026-02-09 21:41:11
1574,218,VIEW,2026-02-10 12:31:43
1574,194,VIEW,2026-02-11 23:12:15
1574,188,SEARCH,2026-02-14 13:32:32
1574,217,VIEW,2026-02-26 17:39:45
1574,195,SEARCH,2026-02-26 23:12:54
1574,201,SEARCH,2026-03-02 02:32:47
1574,201,VIEW,2026-03-06 15:42:19
1574,202,VIEW,2026-03-08 21:08:56
1574,196,VIEW,2026-03-09 14:02:46
1574,209,VIEW,2026-03-12 05:43:44
1574,194,VIEW,2026-03-14 20:21:51
1574,217,VIEW,2026-04-10 01:03:04
1574,203,SEARCH,2026-04-12 17:19:27
1574,215,FAVORITE,2026-04-23 22:17:40
1574,215,VIEW,2026-05-03 22:37:37
1574,216,VIEW,2026-05-06 19:50:16
1574,195,VIEW,2026-05-22 14:08:25
1574,186,VIEW,2026-06-12 11:57:00
1575,184,VIEW,2024-12-15 11:02:13
1575,199,VIEW,2025-01-18 13:58:27
1575,217,VIEW,2025-02-01 17:31:40
1575,180,VIEW,2025-02-05 22:12:58
1575,182,SEARCH,2025-04-13 21:59:27
1575,183,FAVORITE,2025-08-15 10:03:30
1575,201,ADD_TO_CART,2025-09-26 13:19:58
1575,184,VIEW,2025-10-01 00:27:45
1575,189,VIEW,2025-10-21 07:23:04
1575,202,VIEW,2025-11-14 09:29:29
1575,201,VIEW,2025-12-07 12:14:56
1575,185,VIEW,2025-12-12 17:19:01
1575,201,FAVORITE,2025-12-15 04:50:50
1575,191,ADD_TO_CART,2025-12-18 08:30:15
1575,183,SEARCH,2026-01-12 06:23:34
1575,202,VIEW,2026-01-17 17:16:22
1575,183,VIEW,2026-01-21 08:12:07
1575,215,VIEW,2026-01-30 23:05:34
1575,201,VIEW,2026-01-31 06:10:12
1575,198,ADD_TO_CART,2026-03-05 01:26:21
1575,184,VIEW,2026-04-09 15:33:42
1575,201,ADD_TO_CART,2026-05-01 21:02:23
1575,203,VIEW,2026-05-09 13:04:32
1575,205,VIEW,2026-06-07 10:37:56
1575,183,FAVORITE,2026-06-13 20:36:43
1575,209,VIEW,2026-06-26 16:45:00
1576,207,SEARCH,2024-08-15 18:13:23
1576,207,VIEW,2024-08-30 04:06:14
1576,208,VIEW,2024-10-16 00:31:30
1576,193,VIEW,2024-10-21 12:02:24
1576,191,VIEW,2024-11-08 18:20:47
1576,190,SHARE,2024-11-15 13:45:51
1576,202,VIEW,2024-11-20 00:35:32
1576,189,VIEW,2024-11-21 00:03:55
1576,196,VIEW,2024-11-29 11:07:52
1576,207,VIEW,2024-12-03 00:32:10
1576,215,VIEW,2024-12-22 11:37:41
1576,207,VIEW,2024-12-27 19:28:10
1576,207,VIEW,2025-01-01 05:18:04
1576,207,VIEW,2025-01-03 20:49:39
1576,209,VIEW,2025-01-10 14:06:46
1576,214,VIEW,2025-01-25 06:08:27
1576,191,VIEW,2025-02-07 20:01:38
1576,207,SEARCH,2025-02-12 23:16:54
1576,182,VIEW,2025-02-24 05:02:22
1576,190,ADD_TO_CART,2025-03-07 20:20:01
1576,218,SEARCH,2025-03-14 20:47:43
1576,201,FAVORITE,2025-03-16 05:01:25
1576,186,SEARCH,2025-03-19 01:58:35
1576,206,VIEW,2025-03-30 22:35:34
1576,191,SEARCH,2025-04-02 11:32:34
1576,186,SEARCH,2025-04-06 00:32:33
1576,206,VIEW,2025-04-07 03:44:29
1576,207,SEARCH,2025-04-08 08:10:51
1576,181,VIEW,2025-04-09 21:24:11
1576,186,VIEW,2025-05-09 08:16:37
1576,208,VIEW,2025-05-23 10:36:19
1576,207,VIEW,2025-06-18 16:51:46
1576,208,SEARCH,2025-06-21 08:05:36
1576,207,ADD_TO_CART,2025-06-29 11:34:54
1576,209,VIEW,2025-07-04 00:49:49
1576,191,VIEW,2025-07-07 15:25:03
1576,206,ADD_TO_CART,2025-07-10 03:46:49
1576,210,VIEW,2025-07-26 10:07:27
1576,207,VIEW,2025-07-26 21:57:18
1576,205,VIEW,2025-07-31 06:54:20
1576,208,VIEW,2025-08-05 02:51:10
1576,208,VIEW,2025-08-14 04:55:42
1576,206,SEARCH,2025-08-21 22:31:18
1576,189,ADD_TO_CART,2025-08-26 18:08:07
1576,207,ADD_TO_CART,2025-09-07 21:29:07
1576,194,VIEW,2025-09-09 12:08:12
1576,207,ADD_TO_CART,2025-10-07 01:33:46
1576,193,ADD_TO_CART,2025-11-06 01:22:10
1576,192,VIEW,2025-11-07 10:12:30
1576,208,VIEW,2025-11-08 03:07:03
1576,207,VIEW,2025-11-14 12:43:18
1576,207,VIEW,2025-12-02 08:42:10
1576,191,SEARCH,2025-12-13 17:39:08
1576,199,VIEW,2025-12-20 02:51:31
1576,183,SEARCH,2025-12-22 02:49:31
1576,188,VIEW,2025-12-27 08:12:19
1576,202,SEARCH,2026-01-29 00:05:40
1576,189,VIEW,2026-01-31 23:19:46
1576,210,VIEW,2026-02-10 10:21:09
1576,194,SEARCH,2026-02-16 07:23:33
1576,208,VIEW,2026-02-17 19:59:29
1576,205,VIEW,2026-02-19 13:36:43
1576,200,SHARE,2026-02-20 23:45:16
1576,206,VIEW,2026-03-15 02:40:53
1576,190,SEARCH,2026-03-28 16:18:29
1576,194,VIEW,2026-04-08 15:14:42
1576,210,VIEW,2026-04-08 21:17:07
1576,207,ADD_TO_CART,2026-04-10 16:48:03
1576,191,SEARCH,2026-05-03 12:58:31
1576,207,SEARCH,2026-05-28 07:58:32
1576,208,VIEW,2026-06-03 01:56:52
1576,201,VIEW,2026-06-06 18:56:37
1576,211,VIEW,2026-06-17 01:28:41
1576,196,SEARCH,2026-06-18 11:32:31
1576,183,SHARE,2026-06-23 09:59:00
1577,200,VIEW,2026-03-16 18:46:02
1577,181,VIEW,2026-03-16 23:48:37
1577,184,VIEW,2026-03-17 19:51:05
1577,202,VIEW,2026-03-18 13:18:07
1577,218,VIEW,2026-03-18 13:50:12
1577,187,VIEW,2026-03-18 21:28:26
1577,203,SEARCH,2026-03-20 16:07:05
1577,185,VIEW,2026-03-20 17:02:56
1577,206,VIEW,2026-03-23 21:50:53
1577,187,SEARCH,2026-03-29 05:33:53
1577,184,SEARCH,2026-04-01 19:08:25
1577,193,SEARCH,2026-04-04 15:33:21
1577,187,VIEW,2026-04-04 18:52:30
1577,199,VIEW,2026-04-07 00:55:14
1577,203,SEARCH,2026-04-07 12:28:38
1577,188,VIEW,2026-04-08 07:53:15
1577,193,SEARCH,2026-04-10 00:18:07
1577,203,VIEW,2026-04-12 04:04:35
1577,195,VIEW,2026-04-14 00:23:32
1577,204,ADD_TO_CART,2026-04-15 13:25:11
1577,205,SEARCH,2026-04-16 09:15:19
1577,185,FAVORITE,2026-04-17 12:27:37
1577,207,VIEW,2026-04-19 19:10:10
1577,207,SEARCH,2026-04-20 02:04:25
1577,208,VIEW,2026-04-20 04:49:52
1577,217,VIEW,2026-04-20 12:07:08
1577,205,VIEW,2026-04-21 01:56:07
1577,185,VIEW,2026-04-21 20:53:36
1577,203,VIEW,2026-04-22 04:55:07
1577,187,VIEW,2026-04-23 03:32:37
1577,204,VIEW,2026-04-23 12:46:43
1577,207,VIEW,2026-04-25 07:40:58
1577,204,VIEW,2026-04-26 19:06:07
1577,217,VIEW,2026-04-26 22:36:01
1577,203,VIEW,2026-04-28 13:20:42
1577,186,VIEW,2026-05-03 14:22:47
1577,204,VIEW,2026-05-03 16:43:06
1577,186,ADD_TO_CART,2026-05-06 06:47:10
1577,197,VIEW,2026-05-06 07:51:22
1577,206,SEARCH,2026-05-08 01:05:54
1577,193,VIEW,2026-05-08 10:58:07
1577,201,VIEW,2026-05-08 16:12:52
1577,207,VIEW,2026-05-09 22:59:49
1577,209,VIEW,2026-05-10 23:44:56
1577,207,VIEW,2026-05-11 13:25:26
1577,188,VIEW,2026-05-11 15:37:40
1577,207,VIEW,2026-05-11 19:31:11
1577,217,VIEW,2026-05-15 19:13:45
1577,211,VIEW,2026-05-20 08:31:54
1577,209,VIEW,2026-05-24 13:01:32
1577,212,VIEW,2026-05-24 15:23:06
1577,207,SEARCH,2026-05-25 05:36:13
1577,218,VIEW,2026-05-26 11:22:19
1577,181,VIEW,2026-06-03 10:50:18
1577,195,VIEW,2026-06-09 01:56:07
1577,183,ADD_TO_CART,2026-06-12 14:39:12
1577,205,VIEW,2026-06-13 08:16:30
1577,206,VIEW,2026-06-15 03:07:05
1577,205,ADD_TO_CART,2026-06-15 16:14:49
1577,188,ADD_TO_CART,2026-06-15 20:20:08
1577,205,VIEW,2026-06-16 07:09:12
1577,187,ADD_TO_CART,2026-06-19 14:57:00
1578,198,VIEW,2026-05-10 16:19:36
1578,181,VIEW,2026-05-12 03:43:26
1578,179,ADD_TO_CART,2026-05-12 08:36:14
1578,194,SEARCH,2026-05-13 07:59:13
1578,181,ADD_TO_CART,2026-05-14 12:48:50
1578,202,VIEW,2026-05-14 19:53:04
1578,180,SEARCH,2026-05-15 12:46:02
1578,199,VIEW,2026-05-15 15:57:51
1578,183,VIEW,2026-05-17 23:11:16
1578,189,VIEW,2026-05-18 09:01:52
1578,198,ADD_TO_CART,2026-05-22 18:04:48
1578,197,SHARE,2026-05-23 14:32:40
1578,215,VIEW,2026-05-23 19:38:28
1578,194,VIEW,2026-05-30 01:56:01
1578,183,VIEW,2026-06-02 00:10:20
1578,199,VIEW,2026-06-02 23:27:07
1578,198,VIEW,2026-06-03 21:16:46
1578,181,VIEW,2026-06-04 11:57:12
1578,198,VIEW,2026-06-04 12:19:00
1578,190,VIEW,2026-06-04 14:20:29
1578,180,VIEW,2026-06-09 11:29:31
1578,181,SEARCH,2026-06-12 12:47:39
1578,203,VIEW,2026-06-12 19:26:48
1578,181,SHARE,2026-06-13 03:15:33
1578,183,FAVORITE,2026-06-13 04:59:33
1578,197,FAVORITE,2026-06-13 05:21:35
1578,207,ADD_TO_CART,2026-06-14 11:11:08
1578,182,ADD_TO_CART,2026-06-16 17:23:35
1578,193,VIEW,2026-06-22 06:02:30
1578,216,VIEW,2026-06-23 00:23:26
1578,186,VIEW,2026-06-24 07:23:25
1578,181,VIEW,2026-06-24 23:16:10
1578,184,VIEW,2026-06-27 01:04:02
1578,201,FAVORITE,2026-06-27 23:04:23
1578,184,VIEW,2026-06-28 02:38:46
1578,181,VIEW,2026-06-29 11:52:33
1578,201,SHARE,2026-06-30 01:48:44
1578,194,VIEW,2026-07-02 04:42:43
1578,181,SEARCH,2026-07-02 18:07:15
1578,200,VIEW,2026-07-04 05:02:11
1578,208,SEARCH,2026-07-04 23:13:30
1578,211,VIEW,2026-07-06 23:58:55
1578,206,VIEW,2026-07-07 20:26:23
1578,198,VIEW,2026-07-09 05:58:16
1578,205,VIEW,2026-07-09 16:13:23
1578,198,SEARCH,2026-07-10 01:58:19
1578,180,VIEW,2026-07-10 20:32:35
1578,218,VIEW,2026-07-11 04:00:37
1578,198,VIEW,2026-07-12 03:27:12
1578,201,SEARCH,2026-07-12 21:19:09
1578,198,SEARCH,2026-07-14 08:00:25
1578,198,VIEW,2026-07-15 18:56:00
1579,188,VIEW,2026-06-08 22:06:53
1579,199,VIEW,2026-06-09 18:48:33
1579,202,FAVORITE,2026-06-11 00:25:03
1579,190,VIEW,2026-06-19 12:45:22
1579,179,VIEW,2026-06-24 02:26:08
1579,182,VIEW,2026-06-24 08:38:29
1579,200,VIEW,2026-06-24 10:49:01
1579,199,VIEW,2026-06-25 13:04:34
1579,184,ADD_TO_CART,2026-06-28 14:57:49
1579,214,SHARE,2026-07-01 07:11:47
1579,184,SEARCH,2026-07-01 21:34:52
1579,201,VIEW,2026-07-02 06:33:02
1579,194,VIEW,2026-07-03 05:55:29
1579,201,FAVORITE,2026-07-04 23:22:49
1579,214,VIEW,2026-07-05 09:16:55
1579,200,VIEW,2026-07-06 21:46:10
1579,198,SEARCH,2026-07-07 01:36:51
1579,179,VIEW,2026-07-08 09:00:46
1579,201,SEARCH,2026-07-12 04:32:29
1579,179,SEARCH,2026-07-14 02:36:19
1579,202,ADD_TO_CART,2026-07-18 16:02:28
1579,216,SEARCH,2026-07-20 05:02:56
1579,184,VIEW,2026-07-22 02:23:48
1579,179,VIEW,2026-07-23 14:48:11
1579,200,VIEW,2026-07-25 08:06:14
1579,202,VIEW,2026-07-25 17:08:21
1579,194,VIEW,2026-07-27 02:54:04
1579,196,FAVORITE,2026-07-27 23:06:23
1579,182,VIEW,2026-07-29 01:02:48
1579,182,FAVORITE,2026-07-31 15:02:00
1580,216,SEARCH,2025-05-13 20:32:45
1580,205,SEARCH,2025-08-22 05:03:58
1580,203,VIEW,2025-11-13 13:49:00
1581,193,VIEW,2026-03-27 16:09:19
1581,185,SEARCH,2026-03-28 18:19:58
1581,193,FAVORITE,2026-04-01 20:00:05
1581,193,ADD_TO_CART,2026-04-03 18:05:28
1581,204,VIEW,2026-04-11 22:23:49
1581,204,SHARE,2026-04-12 02:40:22
1581,214,SEARCH,2026-04-14 16:46:31
1581,210,VIEW,2026-04-14 23:29:28
1581,213,FAVORITE,2026-04-18 04:23:00
1581,213,SEARCH,2026-04-20 14:05:33
1581,204,VIEW,2026-04-21 21:33:57
1581,185,SEARCH,2026-04-22 11:26:05
1581,210,VIEW,2026-04-23 02:08:13
1581,205,SEARCH,2026-04-23 07:36:19
1581,200,VIEW,2026-04-24 11:42:52
1581,186,VIEW,2026-04-28 15:07:09
1581,187,VIEW,2026-04-30 20:11:48
1581,213,VIEW,2026-05-01 20:33:39
1581,194,VIEW,2026-05-03 09:51:27
1581,193,VIEW,2026-05-03 12:52:40
1581,211,VIEW,2026-05-05 03:03:52
1581,193,VIEW,2026-05-05 16:27:20
1581,217,VIEW,2026-05-06 01:12:14
1581,194,VIEW,2026-05-06 02:54:23
1581,214,VIEW,2026-05-07 16:28:30
1581,184,VIEW,2026-05-07 19:14:40
1581,205,VIEW,2026-05-12 05:14:26
1581,215,SEARCH,2026-05-15 08:52:01
1581,194,VIEW,2026-05-15 19:47:08
1581,197,SEARCH,2026-05-17 10:33:56
1581,214,FAVORITE,2026-05-18 02:11:33
1581,218,VIEW,2026-05-19 18:11:13
1581,208,VIEW,2026-05-20 17:48:25
1581,193,VIEW,2026-05-27 20:43:23
1581,194,VIEW,2026-05-28 00:30:19
1581,193,VIEW,2026-06-02 16:41:00
1582,200,SEARCH,2025-06-12 00:15:19
1582,203,ADD_TO_CART,2025-06-16 00:33:50
1582,184,VIEW,2025-06-19 14:56:36
1582,201,VIEW,2025-07-21 13:24:28
1582,181,VIEW,2025-08-02 07:23:17
1582,184,SEARCH,2025-08-04 02:35:13
1582,184,SEARCH,2025-08-05 13:57:18
1582,210,FAVORITE,2025-08-12 15:12:15
1582,203,VIEW,2025-08-17 03:41:27
1582,180,VIEW,2025-08-25 05:22:53
1582,185,VIEW,2025-08-26 13:04:06
1582,190,VIEW,2025-09-01 06:55:57
1582,205,ADD_TO_CART,2025-09-01 18:57:24
1582,183,VIEW,2025-09-02 06:02:30
1582,201,VIEW,2025-09-22 21:09:58
1582,205,VIEW,2025-09-26 07:42:44
1582,203,FAVORITE,2025-10-01 12:25:57
1582,187,VIEW,2025-10-21 18:45:25
1582,180,SEARCH,2025-10-23 06:58:12
1582,182,SEARCH,2025-11-11 02:49:57
1582,201,SEARCH,2025-11-23 09:28:07
1582,205,VIEW,2025-12-11 00:37:15
1582,180,SEARCH,2025-12-14 07:44:19
1582,184,SEARCH,2025-12-16 01:35:48
1582,202,VIEW,2025-12-22 23:16:48
1582,182,ADD_TO_CART,2025-12-26 04:28:55
1582,201,VIEW,2025-12-27 21:43:13
1582,186,VIEW,2025-12-30 05:34:44
1582,201,SEARCH,2026-01-03 19:50:51
1582,189,VIEW,2026-01-07 11:56:39
1582,181,SEARCH,2026-01-08 00:03:05
1582,217,VIEW,2026-01-09 02:28:33
1582,203,VIEW,2026-01-09 03:40:45
1582,192,VIEW,2026-02-12 02:06:56
1582,201,VIEW,2026-02-15 21:30:01
1582,184,SHARE,2026-02-20 02:37:23
1582,204,ADD_TO_CART,2026-03-01 20:32:08
1582,194,VIEW,2026-03-05 09:21:03
1582,199,FAVORITE,2026-03-05 10:47:45
1582,182,SEARCH,2026-03-09 18:31:23
1582,189,VIEW,2026-03-15 20:31:56
1582,201,VIEW,2026-03-16 07:48:08
1582,182,VIEW,2026-03-19 04:29:31
1582,201,SHARE,2026-03-20 08:31:14
1582,203,VIEW,2026-03-20 15:07:12
1582,201,VIEW,2026-03-21 20:40:13
1582,204,VIEW,2026-03-31 05:02:21
1582,186,VIEW,2026-04-03 06:06:51
1582,201,VIEW,2026-04-16 23:55:41
1582,201,ADD_TO_CART,2026-05-04 11:39:06
1582,202,VIEW,2026-05-04 14:50:08
1582,182,VIEW,2026-05-10 15:02:24
1582,201,SEARCH,2026-05-20 15:15:48
1582,202,VIEW,2026-05-24 00:43:25
1582,183,SEARCH,2026-05-24 03:05:34
1582,197,SEARCH,2026-05-30 15:54:02
1582,184,VIEW,2026-06-05 00:39:06
1582,201,SEARCH,2026-06-10 01:57:57
1582,210,ADD_TO_CART,2026-06-14 21:58:43
1582,183,VIEW,2026-06-15 02:54:19
1582,200,VIEW,2026-06-15 03:27:09
1582,201,SEARCH,2026-06-24 15:31:00
1583,217,SHARE,2025-10-30 08:57:18
1583,215,SEARCH,2025-11-17 15:10:04
1583,215,VIEW,2025-11-20 11:16:12
1583,217,SHARE,2025-12-13 12:41:58
1583,203,SEARCH,2025-12-27 12:26:07
1583,189,SEARCH,2025-12-30 09:48:46
1583,199,VIEW,2026-01-12 22:12:27
1583,196,SEARCH,2026-01-15 02:51:28
1583,196,VIEW,2026-01-19 00:33:14
1583,180,VIEW,2026-01-19 18:56:32
1583,180,VIEW,2026-01-27 22:17:19
1583,192,SEARCH,2026-02-17 06:46:36
1583,214,VIEW,2026-02-22 05:43:23
1583,217,VIEW,2026-02-23 09:44:37
1583,203,VIEW,2026-02-26 09:13:17
1583,209,VIEW,2026-03-15 23:03:30
1583,188,VIEW,2026-03-17 18:18:14
1583,190,VIEW,2026-03-20 02:58:26
1583,218,VIEW,2026-03-24 00:35:21
1583,203,ADD_TO_CART,2026-03-26 08:44:48
1583,218,VIEW,2026-03-27 06:46:30
1583,200,VIEW,2026-04-03 09:58:09
1583,216,SHARE,2026-04-16 08:57:19
1583,205,VIEW,2026-04-17 15:28:53
1583,186,VIEW,2026-04-18 20:24:11
1583,217,VIEW,2026-04-20 21:36:55
1583,196,SEARCH,2026-04-24 16:07:12
1583,195,VIEW,2026-04-28 08:05:43
1583,196,VIEW,2026-05-03 18:38:37
1583,195,SEARCH,2026-05-19 06:18:40
1583,185,VIEW,2026-05-21 01:03:35
1583,196,ADD_TO_CART,2026-05-22 13:55:19
1583,216,ADD_TO_CART,2026-06-10 03:54:51
1583,195,VIEW,2026-06-12 11:20:59
1583,216,VIEW,2026-06-15 15:20:59
1583,205,VIEW,2026-06-16 20:32:07
1583,218,ADD_TO_CART,2026-06-20 11:16:54
1583,186,VIEW,2026-06-21 08:05:18
1583,189,VIEW,2026-06-24 05:16:21
1583,195,VIEW,2026-06-27 09:46:02
1583,205,VIEW,2026-07-17 05:45:47
1583,215,VIEW,2026-07-23 14:50:00
1584,213,SEARCH,2024-06-19 15:19:28
1584,191,VIEW,2024-09-08 08:12:33
1584,179,VIEW,2024-11-08 14:27:09
1584,218,VIEW,2024-12-05 15:26:00
1584,198,VIEW,2024-12-27 16:03:02
1584,179,FAVORITE,2025-01-30 22:06:51
1584,192,VIEW,2025-02-15 11:04:37
1584,199,SHARE,2025-03-03 12:10:32
1584,198,ADD_TO_CART,2025-03-18 23:18:54
1584,190,VIEW,2025-03-29 13:48:50
1584,181,VIEW,2025-05-12 15:41:01
1584,179,VIEW,2025-05-23 20:11:40
1584,198,VIEW,2025-05-26 15:59:30
1584,181,VIEW,2025-05-28 07:50:54
1584,179,VIEW,2025-08-03 01:03:17
1584,193,VIEW,2025-09-05 07:33:57
1584,208,VIEW,2025-09-14 02:47:50
1584,180,ADD_TO_CART,2025-10-29 23:37:14
1584,190,VIEW,2025-12-12 15:04:49
1584,189,VIEW,2026-01-30 06:48:16
1584,184,VIEW,2026-02-17 02:55:21
1584,199,VIEW,2026-02-28 08:10:53
1584,207,VIEW,2026-04-08 04:41:56
1584,191,ADD_TO_CART,2026-05-11 11:29:00
1585,200,VIEW,2025-04-20 05:14:49
1585,207,VIEW,2025-04-24 03:58:25
1585,197,SEARCH,2025-05-09 18:14:09
1585,181,VIEW,2025-06-10 01:37:30
1585,201,VIEW,2025-06-13 02:46:46
1585,202,VIEW,2025-07-07 00:10:17
1585,202,VIEW,2025-07-10 13:59:15
1585,202,ADD_TO_CART,2025-07-14 09:34:56
1585,189,SEARCH,2025-07-23 10:04:04
1585,184,VIEW,2025-07-27 09:33:10
1585,201,VIEW,2025-08-01 11:35:15
1585,217,VIEW,2025-08-01 17:49:09
1585,180,SEARCH,2025-08-05 22:16:01
1585,194,VIEW,2025-08-12 13:26:05
1585,201,FAVORITE,2025-08-17 17:07:26
1585,184,ADD_TO_CART,2025-08-23 13:17:12
1585,182,VIEW,2025-08-30 11:36:44
1585,182,VIEW,2025-09-03 16:31:44
1585,217,SEARCH,2025-09-11 15:47:09
1585,197,VIEW,2025-09-14 11:05:21
1585,197,VIEW,2025-09-20 09:25:51
1585,197,VIEW,2025-09-21 19:24:08
1585,193,VIEW,2025-09-24 21:36:46
1585,218,VIEW,2025-09-25 11:34:47
1585,197,VIEW,2025-09-26 05:47:40
1585,185,VIEW,2025-09-26 20:34:54
1585,198,VIEW,2025-09-28 23:21:44
1585,207,VIEW,2025-10-03 10:13:00
1585,180,VIEW,2025-10-16 22:31:38
1585,182,VIEW,2025-10-29 15:59:21
1585,182,VIEW,2025-10-30 01:29:44
1585,197,VIEW,2025-11-04 12:14:34
1585,208,SEARCH,2025-11-23 10:25:51
1585,181,VIEW,2025-11-25 21:32:48
1585,198,VIEW,2025-11-26 10:26:25
1585,211,ADD_TO_CART,2025-11-28 14:14:47
1585,198,ADD_TO_CART,2025-12-02 00:44:00
1585,199,VIEW,2025-12-19 04:12:13
1585,199,VIEW,2025-12-21 02:49:56
1585,189,SEARCH,2026-01-01 08:41:57
1585,198,VIEW,2026-01-02 07:57:11
1585,211,VIEW,2026-01-07 09:07:20
1585,180,VIEW,2026-01-10 07:09:49
1585,181,VIEW,2026-01-11 18:24:27
1585,198,VIEW,2026-01-26 23:29:55
1585,201,VIEW,2026-01-27 14:20:37
1585,217,VIEW,2026-01-31 20:20:10
1585,180,VIEW,2026-02-10 22:42:19
1585,202,VIEW,2026-02-16 19:19:50
1585,199,SHARE,2026-02-18 21:33:34
1585,180,VIEW,2026-03-11 10:02:02
1585,199,VIEW,2026-03-23 00:09:43
1585,198,VIEW,2026-03-31 22:27:04
1585,201,VIEW,2026-04-03 07:04:01
1585,212,SEARCH,2026-04-05 09:32:23
1585,202,ADD_TO_CART,2026-04-06 15:44:00
1586,187,VIEW,2025-07-13 19:18:32
1586,193,SHARE,2025-08-22 05:10:35
1586,204,VIEW,2025-08-31 10:48:07
1586,186,VIEW,2025-09-30 00:08:46
1586,213,FAVORITE,2025-10-15 08:47:37
1586,187,SEARCH,2025-10-27 07:50:12
1586,218,SEARCH,2025-11-06 13:57:12
1586,201,VIEW,2025-11-09 03:00:50
1586,199,VIEW,2025-11-11 05:14:29
1586,201,VIEW,2025-11-14 23:51:53
1586,215,VIEW,2025-11-19 06:39:45
1586,184,VIEW,2025-11-25 20:21:19
1586,190,SEARCH,2025-11-27 23:01:29
1586,185,VIEW,2025-12-03 16:01:20
1586,204,VIEW,2025-12-13 00:47:58
1586,187,VIEW,2025-12-15 06:18:12
1586,205,SEARCH,2026-01-01 17:16:05
1586,201,ADD_TO_CART,2026-01-03 07:23:16
1586,202,SEARCH,2026-01-04 07:09:04
1586,187,SEARCH,2026-01-13 00:44:00
1586,202,VIEW,2026-01-28 02:26:34
1586,182,FAVORITE,2026-02-01 23:37:06
1586,200,VIEW,2026-02-18 07:28:55
1586,182,SEARCH,2026-02-27 19:04:54
1586,187,VIEW,2026-03-01 19:03:39
1586,202,VIEW,2026-03-18 19:06:50
1586,202,FAVORITE,2026-03-22 08:31:33
1586,210,VIEW,2026-04-01 15:49:13
1586,203,VIEW,2026-04-02 03:05:27
1586,183,VIEW,2026-04-10 12:09:06
1586,212,VIEW,2026-04-14 04:47:16
1586,200,VIEW,2026-04-21 09:20:38
1586,202,VIEW,2026-04-28 20:16:39
1586,184,VIEW,2026-05-29 13:38:25
1586,211,VIEW,2026-05-31 09:03:22
1586,183,VIEW,2026-06-02 10:52:44
1586,200,ADD_TO_CART,2026-06-20 11:13:00
1587,180,VIEW,2025-10-05 21:34:52
1587,202,VIEW,2025-10-17 19:54:28
1587,186,SEARCH,2025-10-23 01:17:17
1587,209,VIEW,2025-10-24 01:45:29
1587,189,VIEW,2025-11-02 17:23:12
1587,217,SEARCH,2025-11-05 11:04:20
1587,209,VIEW,2025-11-07 02:17:18
1587,207,VIEW,2025-11-09 22:58:33
1587,210,ADD_TO_CART,2025-11-14 06:57:53
1587,196,VIEW,2025-11-15 05:05:24
1587,190,VIEW,2025-12-02 21:47:40
1587,193,SEARCH,2025-12-03 18:12:05
1587,189,VIEW,2025-12-08 15:44:43
1587,191,VIEW,2025-12-08 19:25:35
1587,194,VIEW,2025-12-09 08:44:45
1587,209,VIEW,2025-12-14 15:44:10
1587,206,VIEW,2025-12-18 15:46:00
1588,211,SEARCH,2025-06-19 15:20:04
1588,187,VIEW,2025-07-16 03:43:50
1588,215,SEARCH,2025-07-18 14:54:47
1588,203,VIEW,2025-07-18 23:31:36
1588,187,VIEW,2025-07-23 02:30:43
1588,205,VIEW,2025-08-09 16:47:54
1588,195,VIEW,2025-09-11 21:03:48
1588,203,ADD_TO_CART,2025-09-21 03:21:12
1588,187,VIEW,2025-09-24 18:42:08
1588,194,VIEW,2025-10-04 08:15:55
1588,202,VIEW,2025-10-09 06:48:47
1588,186,SEARCH,2025-10-14 03:58:55
1588,205,SEARCH,2025-10-21 00:11:18
1588,203,VIEW,2025-11-01 02:12:09
1588,187,ADD_TO_CART,2025-11-01 17:36:21
1588,192,VIEW,2025-11-07 04:59:16
1588,186,VIEW,2025-11-07 13:55:25
1588,204,VIEW,2025-11-13 21:44:01
1588,186,SEARCH,2025-11-14 15:12:55
1588,195,VIEW,2025-11-17 16:18:57
1588,188,ADD_TO_CART,2025-11-21 06:44:38
1588,205,SEARCH,2025-11-22 23:24:33
1588,217,VIEW,2025-11-27 23:26:54
1588,187,VIEW,2025-12-02 02:15:40
1588,187,VIEW,2025-12-06 05:17:51
1588,210,VIEW,2025-12-09 07:34:50
1588,187,VIEW,2025-12-13 04:13:36
1588,204,SEARCH,2025-12-25 13:49:23
1588,210,VIEW,2025-12-29 21:44:09
1588,205,ADD_TO_CART,2025-12-30 10:14:15
1588,196,VIEW,2026-01-02 22:41:07
1588,186,VIEW,2026-01-03 18:15:19
1588,193,SEARCH,2026-01-08 13:14:11
1588,203,VIEW,2026-01-08 13:31:33
1588,185,VIEW,2026-01-10 03:15:10
1588,194,SEARCH,2026-01-20 09:38:10
1588,203,ADD_TO_CART,2026-01-31 22:51:24
1588,193,VIEW,2026-02-01 11:08:04
1588,215,SEARCH,2026-02-01 19:10:03
1588,204,SEARCH,2026-02-06 09:51:00
1588,203,VIEW,2026-02-08 20:51:04
1588,203,SEARCH,2026-02-09 11:54:27
1588,203,FAVORITE,2026-02-15 11:37:21
1588,188,VIEW,2026-02-17 06:49:52
1588,203,VIEW,2026-02-19 14:28:27
1588,196,VIEW,2026-02-25 07:57:19
1588,217,VIEW,2026-03-06 07:44:04
1588,217,VIEW,2026-03-06 16:46:13
1588,186,VIEW,2026-03-10 23:25:38
1588,203,SEARCH,2026-03-11 20:23:58
1588,187,VIEW,2026-03-12 20:41:33
1588,217,VIEW,2026-03-18 14:13:40
1588,187,VIEW,2026-04-11 07:24:44
1588,203,VIEW,2026-04-11 08:38:04
1588,185,VIEW,2026-04-13 01:50:24
1588,191,SEARCH,2026-04-24 21:41:43
1588,205,SHARE,2026-05-02 11:23:04
1588,204,VIEW,2026-05-07 12:46:53
1588,186,VIEW,2026-05-14 01:14:44
1588,199,VIEW,2026-05-21 11:18:16
1588,203,VIEW,2026-06-02 01:42:37
1588,199,VIEW,2026-06-02 15:12:10
1588,189,FAVORITE,2026-06-07 03:01:25
1588,202,VIEW,2026-06-10 17:56:33
1588,188,VIEW,2026-06-29 05:31:30
1588,186,VIEW,2026-06-29 11:02:00
1589,201,SEARCH,2026-01-28 09:15:49
1589,202,VIEW,2026-02-08 10:32:13
1589,192,SEARCH,2026-02-09 06:00:04
1589,216,VIEW,2026-02-09 13:48:56
1589,202,VIEW,2026-02-11 11:19:19
1589,184,VIEW,2026-02-12 13:41:36
1589,182,SEARCH,2026-02-13 06:15:22
1589,202,VIEW,2026-02-20 22:47:50
1589,184,ADD_TO_CART,2026-02-26 17:17:41
1589,195,VIEW,2026-03-05 20:55:19
1589,193,VIEW,2026-03-08 06:14:07
1589,184,VIEW,2026-03-08 18:22:46
1589,200,SEARCH,2026-03-20 22:49:40
1589,195,SEARCH,2026-03-21 12:48:45
1589,211,VIEW,2026-03-25 02:30:25
1589,187,SEARCH,2026-03-26 20:16:53
1589,205,VIEW,2026-03-28 10:05:26
1589,184,VIEW,2026-04-02 14:04:43
1589,198,VIEW,2026-04-03 15:54:20
1589,210,VIEW,2026-04-04 17:30:19
1589,208,VIEW,2026-04-05 05:04:30
1589,184,VIEW,2026-04-09 07:09:04
1589,194,VIEW,2026-04-11 08:23:52
1589,201,FAVORITE,2026-04-16 02:16:21
1589,202,VIEW,2026-04-22 03:11:59
1589,208,ADD_TO_CART,2026-04-23 16:13:06
1589,189,VIEW,2026-04-27 02:51:52
1589,201,SEARCH,2026-05-02 18:11:41
1589,184,VIEW,2026-05-04 05:19:57
1589,201,ADD_TO_CART,2026-05-06 05:41:14
1589,210,VIEW,2026-05-07 05:54:56
1589,197,VIEW,2026-05-07 17:06:41
1589,216,VIEW,2026-05-09 09:35:07
1589,204,FAVORITE,2026-05-10 11:25:07
1589,187,ADD_TO_CART,2026-05-11 02:23:31
1589,210,VIEW,2026-05-11 03:00:06
1589,209,VIEW,2026-05-13 16:01:14
1589,197,VIEW,2026-05-16 00:32:30
1589,202,SEARCH,2026-05-18 18:50:48
1589,200,VIEW,2026-05-20 16:50:01
1589,201,VIEW,2026-05-22 22:21:36
1589,208,ADD_TO_CART,2026-05-23 17:48:27
1589,213,SEARCH,2026-05-27 19:44:42
1589,202,VIEW,2026-05-29 17:48:22
1589,183,VIEW,2026-05-31 21:12:12
1589,189,SEARCH,2026-06-02 09:40:26
1589,188,VIEW,2026-06-04 11:53:23
1589,217,SEARCH,2026-06-11 14:59:10
1589,205,SEARCH,2026-06-11 21:02:24
1589,201,VIEW,2026-06-15 23:55:51
1589,181,VIEW,2026-06-16 17:28:54
1589,184,VIEW,2026-06-17 02:41:06
1589,215,VIEW,2026-06-18 03:49:33
1589,184,VIEW,2026-06-25 04:15:54
1589,201,VIEW,2026-06-27 19:28:03
1589,200,SEARCH,2026-06-28 09:52:00
1590,218,VIEW,2024-07-18 23:34:19
1590,204,FAVORITE,2024-08-17 14:52:31
1590,204,SEARCH,2024-08-18 13:50:52
1590,186,SEARCH,2024-08-29 13:02:17
1590,196,SEARCH,2024-08-31 01:53:48
1590,188,VIEW,2024-09-06 02:35:45
1590,196,SEARCH,2024-09-08 04:52:14
1590,203,VIEW,2024-09-17 09:10:48
1590,188,VIEW,2024-09-17 23:14:00
1590,184,ADD_TO_CART,2024-10-05 03:07:44
1590,215,VIEW,2024-10-14 00:03:21
1590,208,VIEW,2024-11-18 13:19:35
1590,217,FAVORITE,2024-12-10 03:08:39
1590,209,SEARCH,2024-12-18 10:46:37
1590,185,VIEW,2024-12-30 13:03:40
1590,185,VIEW,2025-01-14 16:58:12
1590,203,VIEW,2025-01-17 18:11:06
1590,211,VIEW,2025-01-21 18:22:25
1590,187,VIEW,2025-01-26 01:08:57
1590,203,ADD_TO_CART,2025-01-31 15:07:45
1590,185,VIEW,2025-02-08 16:15:22
1590,187,VIEW,2025-03-09 07:33:14
1590,205,VIEW,2025-03-16 05:19:08
1590,214,VIEW,2025-04-08 01:20:16
1590,215,VIEW,2025-04-08 07:36:14
1590,188,VIEW,2025-04-13 11:42:10
1590,194,ADD_TO_CART,2025-04-16 18:43:33
1590,188,VIEW,2025-05-11 20:01:31
1590,190,VIEW,2025-05-13 13:07:02
1590,203,VIEW,2025-05-23 04:01:18
1590,200,SEARCH,2025-06-06 23:40:13
1590,186,ADD_TO_CART,2025-06-17 20:41:25
1590,198,ADD_TO_CART,2025-06-19 12:20:18
1590,196,FAVORITE,2025-06-20 22:59:26
1590,185,ADD_TO_CART,2025-06-27 17:46:19
1590,186,SEARCH,2025-06-28 18:30:26
1590,183,VIEW,2025-07-11 14:10:59
1590,188,VIEW,2025-07-14 13:04:43
1590,202,VIEW,2025-07-29 03:15:59
1590,195,VIEW,2025-08-04 13:32:14
1590,203,ADD_TO_CART,2025-08-24 04:20:54
1590,185,VIEW,2025-08-24 06:08:29
1590,216,ADD_TO_CART,2025-09-02 19:06:35
1590,216,VIEW,2025-09-02 19:35:54
1590,185,VIEW,2025-09-19 22:26:24
1590,194,VIEW,2025-09-20 21:12:06
1590,188,SEARCH,2025-09-24 03:16:16
1590,186,VIEW,2025-10-21 05:48:27
1590,218,SEARCH,2025-10-29 13:24:27
1590,217,VIEW,2025-11-12 11:52:55
1590,188,SHARE,2025-11-16 20:50:38
1590,187,SEARCH,2025-12-16 12:45:53
1590,195,VIEW,2026-01-08 11:19:15
1590,185,VIEW,2026-01-12 19:17:51
1590,205,VIEW,2026-01-21 05:29:14
1590,188,VIEW,2026-02-14 12:48:32
1590,204,VIEW,2026-02-21 23:50:37
1590,188,SEARCH,2026-02-22 15:43:17
1590,203,SEARCH,2026-02-24 16:09:37
1590,216,VIEW,2026-02-25 20:18:27
1590,203,VIEW,2026-03-05 23:17:23
1590,187,ADD_TO_CART,2026-03-07 07:11:40
1590,193,VIEW,2026-03-13 13:52:31
1590,190,SEARCH,2026-03-14 15:10:26
1590,187,SEARCH,2026-03-23 18:23:27
1590,187,ADD_TO_CART,2026-04-16 16:21:19
1590,188,VIEW,2026-04-19 04:08:20
1590,202,SEARCH,2026-04-25 14:45:49
1590,203,VIEW,2026-05-08 04:57:14
1590,202,VIEW,2026-05-11 12:18:04
1590,203,VIEW,2026-05-22 05:49:54
1590,204,SEARCH,2026-05-25 17:21:18
1590,189,SEARCH,2026-06-06 16:57:42
1590,212,VIEW,2026-06-13 11:06:00
1591,189,SEARCH,2024-12-14 17:56:56
1591,215,VIEW,2024-12-25 22:06:28
1591,217,SEARCH,2025-01-12 19:12:16
1591,207,SEARCH,2025-01-16 12:00:28
1591,193,VIEW,2025-02-23 01:21:30
1591,208,ADD_TO_CART,2025-03-28 21:31:18
1591,217,VIEW,2025-05-11 21:12:40
1591,207,VIEW,2025-05-16 04:49:55
1591,216,VIEW,2025-06-15 07:45:59
1591,196,VIEW,2025-06-28 22:54:50
1591,218,ADD_TO_CART,2025-07-02 11:25:39
1591,207,VIEW,2025-07-09 12:51:37
1591,208,SEARCH,2025-07-17 22:48:10
1591,211,VIEW,2025-08-02 16:00:22
1591,196,VIEW,2025-08-03 06:56:37
1591,207,VIEW,2025-08-12 10:18:11
1591,216,VIEW,2025-09-18 09:03:47
1591,208,FAVORITE,2025-10-07 13:33:10
1591,207,FAVORITE,2025-10-21 23:56:10
1591,208,VIEW,2025-11-20 03:19:00
1591,211,VIEW,2025-12-16 00:27:18
1591,207,VIEW,2025-12-23 23:23:38
1591,196,SEARCH,2026-02-09 21:33:54
1591,196,ADD_TO_CART,2026-02-23 11:19:35
1591,217,ADD_TO_CART,2026-03-07 15:41:57
1591,211,VIEW,2026-03-29 00:19:33
1591,192,VIEW,2026-04-20 18:31:25
1591,215,VIEW,2026-04-28 17:36:51
1591,209,ADD_TO_CART,2026-05-06 14:31:03
1591,207,SEARCH,2026-05-08 16:16:56
1591,207,VIEW,2026-05-13 15:39:47
1591,206,SEARCH,2026-05-17 16:10:21
1591,194,SEARCH,2026-05-27 10:20:48
1591,207,ADD_TO_CART,2026-06-02 04:55:23
1591,209,ADD_TO_CART,2026-06-19 18:59:00
1592,195,SEARCH,2025-11-25 01:00:22
1592,195,ADD_TO_CART,2025-11-25 09:00:32
1592,207,SHARE,2025-12-01 12:47:00
1592,183,VIEW,2025-12-02 06:17:06
1592,196,VIEW,2025-12-03 17:33:18
1592,195,VIEW,2025-12-08 20:05:51
1592,195,VIEW,2025-12-09 10:37:33
1592,199,FAVORITE,2025-12-11 01:40:31
1592,217,FAVORITE,2025-12-20 03:14:48
1592,212,SEARCH,2025-12-22 14:02:59
1592,195,VIEW,2026-01-02 10:48:02
1592,196,VIEW,2026-01-11 10:06:57
1592,206,VIEW,2026-01-24 06:44:04
1592,196,VIEW,2026-01-28 12:28:58
1592,196,VIEW,2026-01-29 08:11:57
1592,203,VIEW,2026-01-30 09:52:27
1592,185,VIEW,2026-01-31 20:32:14
1592,203,VIEW,2026-02-03 00:19:20
1592,216,VIEW,2026-02-03 00:30:20
1592,183,VIEW,2026-02-03 10:05:38
1592,217,VIEW,2026-02-11 08:35:44
1592,216,VIEW,2026-02-13 11:47:53
1592,185,VIEW,2026-02-20 12:01:02
1592,204,VIEW,2026-02-21 10:54:50
1592,212,VIEW,2026-02-23 08:27:44
1592,217,VIEW,2026-02-26 05:03:23
1592,186,ADD_TO_CART,2026-03-08 03:06:46
1592,217,VIEW,2026-03-17 01:34:53
1592,204,VIEW,2026-03-20 05:32:38
1592,195,SEARCH,2026-03-27 09:07:35
1592,217,VIEW,2026-03-31 11:13:06
1592,216,VIEW,2026-04-02 15:20:30
1592,196,VIEW,2026-04-04 08:20:16
1592,199,VIEW,2026-04-10 07:56:27
1592,216,VIEW,2026-04-30 04:20:58
1592,192,SEARCH,2026-05-04 15:40:58
1592,217,VIEW,2026-05-04 19:25:31
1592,195,VIEW,2026-05-05 07:12:58
1592,209,ADD_TO_CART,2026-05-05 18:34:55
1592,203,VIEW,2026-05-06 02:22:06
1592,196,VIEW,2026-05-07 14:01:14
1592,183,VIEW,2026-05-07 23:57:39
1592,204,SEARCH,2026-05-15 16:25:55
1592,217,VIEW,2026-05-22 23:06:48
1592,185,VIEW,2026-05-24 05:48:32
1592,187,VIEW,2026-05-25 13:31:34
1592,190,VIEW,2026-05-28 05:38:40
1592,188,SEARCH,2026-06-04 10:56:50
1592,187,SHARE,2026-06-21 11:43:00
1593,203,VIEW,2026-03-07 10:35:22
1593,207,SEARCH,2026-03-10 08:52:08
1593,207,VIEW,2026-03-10 12:01:56
1593,207,VIEW,2026-03-16 00:20:45
1593,201,SEARCH,2026-03-16 12:38:56
1593,206,SEARCH,2026-03-18 01:24:58
1593,184,SEARCH,2026-03-19 06:35:36
1593,184,VIEW,2026-03-20 00:24:21
1593,187,SEARCH,2026-03-20 04:09:14
1593,207,VIEW,2026-03-23 12:29:00
1593,207,VIEW,2026-03-24 11:18:32
1593,213,VIEW,2026-03-25 00:55:55
1593,184,SEARCH,2026-03-27 01:09:52
1593,202,VIEW,2026-03-28 07:06:26
1593,194,VIEW,2026-03-30 00:26:06
1593,208,ADD_TO_CART,2026-03-30 04:12:23
1593,206,VIEW,2026-03-30 14:54:41
1593,202,VIEW,2026-03-30 15:11:23
1593,207,VIEW,2026-03-31 22:48:49
1593,202,ADD_TO_CART,2026-04-04 08:39:35
1593,193,VIEW,2026-04-04 13:39:36
1593,208,VIEW,2026-04-04 13:44:33
1593,179,SEARCH,2026-04-04 20:22:18
1593,180,VIEW,2026-04-05 03:13:46
1593,185,VIEW,2026-04-06 09:31:03
1593,193,VIEW,2026-04-06 16:08:15
1593,208,VIEW,2026-04-08 06:07:09
1593,183,VIEW,2026-04-10 11:59:02
1593,206,SEARCH,2026-04-12 05:36:49
1593,208,SEARCH,2026-04-12 05:55:25
1593,217,SEARCH,2026-04-12 14:23:56
1593,189,SEARCH,2026-04-12 18:10:54
1593,209,VIEW,2026-04-14 14:21:10
1593,184,SEARCH,2026-04-15 22:32:52
1593,207,VIEW,2026-04-16 22:28:35
1593,213,SEARCH,2026-04-17 00:14:26
1593,204,ADD_TO_CART,2026-04-18 08:31:18
1593,218,VIEW,2026-04-18 11:27:37
1593,184,ADD_TO_CART,2026-04-20 11:48:18
1593,208,VIEW,2026-04-22 13:27:35
1593,185,SEARCH,2026-04-24 21:15:12
1593,191,SHARE,2026-04-24 22:31:36
1593,209,SEARCH,2026-04-25 04:06:52
1593,207,VIEW,2026-04-29 01:24:28
1593,188,SEARCH,2026-04-29 04:44:20
1593,184,VIEW,2026-04-29 07:21:16
1593,207,ADD_TO_CART,2026-04-30 18:20:25
1593,207,VIEW,2026-04-30 21:55:43
1593,201,VIEW,2026-05-01 06:14:44
1593,207,VIEW,2026-05-01 16:02:15
1593,201,SEARCH,2026-05-03 16:44:48
1593,203,VIEW,2026-05-04 17:11:32
1593,207,SEARCH,2026-05-05 17:09:10
1593,189,ADD_TO_CART,2026-05-09 14:06:10
1593,203,ADD_TO_CART,2026-05-09 23:44:58
1593,207,FAVORITE,2026-05-10 03:57:33
1593,193,VIEW,2026-05-11 11:06:39
1593,206,ADD_TO_CART,2026-05-13 10:07:55
1593,182,VIEW,2026-05-13 15:00:34
1593,189,VIEW,2026-05-15 14:16:46
1593,208,VIEW,2026-05-16 21:44:22
1593,207,VIEW,2026-05-18 03:28:02
1593,207,SEARCH,2026-05-18 22:55:46
1593,200,ADD_TO_CART,2026-05-21 22:55:13
1593,202,SEARCH,2026-05-22 04:47:41
1593,182,VIEW,2026-05-23 13:28:01
1593,213,VIEW,2026-05-24 10:08:13
1593,189,VIEW,2026-05-26 05:22:50
1593,197,VIEW,2026-05-27 12:50:32
1593,206,VIEW,2026-05-28 15:43:00
1593,207,SEARCH,2026-05-29 23:30:21
1593,207,SHARE,2026-05-30 06:37:53
1593,208,ADD_TO_CART,2026-05-31 19:47:05
1593,183,VIEW,2026-06-02 07:44:09
1593,200,FAVORITE,2026-06-02 12:15:00
1593,218,VIEW,2026-06-03 17:39:00
1594,213,ADD_TO_CART,2025-04-08 01:22:00
1594,194,VIEW,2025-04-22 13:58:10
1594,213,SEARCH,2025-05-05 01:38:25
1594,217,ADD_TO_CART,2025-05-06 19:42:01
1594,186,VIEW,2025-05-14 16:17:13
1594,181,VIEW,2025-05-19 17:25:31
1594,194,VIEW,2025-05-20 17:54:25
1594,207,FAVORITE,2025-05-21 04:07:49
1594,214,SEARCH,2025-05-21 04:50:21
1594,214,VIEW,2025-06-16 00:19:50
1594,203,ADD_TO_CART,2025-06-26 17:08:28
1594,189,VIEW,2025-07-19 01:11:44
1594,218,SEARCH,2025-07-19 13:37:35
1594,181,VIEW,2025-07-20 20:02:04
1594,202,ADD_TO_CART,2025-07-30 10:35:48
1594,213,ADD_TO_CART,2025-08-05 21:58:18
1594,213,VIEW,2025-08-12 13:02:24
1594,194,SEARCH,2025-09-01 14:37:56
1594,205,ADD_TO_CART,2025-09-10 19:34:12
1594,193,VIEW,2025-09-12 18:27:01
1594,204,SEARCH,2025-09-13 07:58:37
1594,194,VIEW,2025-09-14 00:25:37
1594,204,SEARCH,2025-09-16 03:33:19
1594,203,VIEW,2025-09-25 09:24:03
1594,185,VIEW,2025-10-10 21:35:31
1594,213,SEARCH,2025-10-31 10:32:58
1594,194,FAVORITE,2025-11-09 16:29:04
1594,192,FAVORITE,2025-11-11 08:59:16
1594,192,VIEW,2025-11-17 21:14:39
1594,193,VIEW,2025-11-26 11:48:01
1594,216,ADD_TO_CART,2025-11-28 10:38:50
1594,214,VIEW,2025-11-29 04:49:06
1594,198,VIEW,2025-12-06 06:34:20
1594,206,VIEW,2025-12-08 02:07:07
1594,213,VIEW,2025-12-30 05:37:36
1594,214,VIEW,2026-01-05 01:52:00
1594,213,VIEW,2026-01-06 04:23:56
1594,193,VIEW,2026-01-12 03:21:26
1594,214,VIEW,2026-01-19 17:15:46
1594,214,VIEW,2026-01-27 14:20:51
1594,185,VIEW,2026-02-04 13:33:45
1594,204,SEARCH,2026-02-26 10:46:21
1594,191,VIEW,2026-02-26 23:20:07
1594,187,FAVORITE,2026-03-11 00:37:45
1594,179,VIEW,2026-03-18 12:27:29
1594,193,VIEW,2026-03-25 13:31:50
1594,193,VIEW,2026-04-09 12:02:27
1594,199,FAVORITE,2026-04-12 08:46:44
1594,183,VIEW,2026-05-02 06:59:23
1594,194,VIEW,2026-05-09 16:50:55
1594,212,VIEW,2026-05-11 08:21:57
1594,186,FAVORITE,2026-06-22 12:14:00
1595,212,ADD_TO_CART,2025-04-02 15:57:25
1595,200,VIEW,2025-04-03 04:48:57
1595,188,VIEW,2025-04-14 00:48:30
1595,205,VIEW,2025-04-18 05:21:14
1595,211,VIEW,2025-04-28 12:09:38
1595,216,ADD_TO_CART,2025-05-04 11:00:07
1595,212,VIEW,2025-05-08 14:14:35
1595,207,VIEW,2025-05-14 13:49:03
1595,181,VIEW,2025-05-23 14:12:08
1595,191,VIEW,2025-05-24 19:01:10
1595,187,ADD_TO_CART,2025-06-10 23:02:51
1595,186,VIEW,2025-06-20 21:37:04
1595,205,VIEW,2025-06-25 21:33:01
1595,186,VIEW,2025-06-29 23:13:22
1595,187,SEARCH,2025-07-06 09:50:30
1595,201,VIEW,2025-07-09 18:29:06
1595,185,SEARCH,2025-07-14 15:31:17
1595,217,VIEW,2025-07-15 07:13:39
1595,211,VIEW,2025-07-19 03:24:48
1595,190,SEARCH,2025-07-22 00:34:13
1595,192,SEARCH,2025-07-22 16:15:44
1595,203,VIEW,2025-07-26 01:42:08
1595,202,ADD_TO_CART,2025-07-31 12:32:36
1595,193,VIEW,2025-08-08 20:00:29
1595,183,VIEW,2025-08-13 09:25:19
1595,209,VIEW,2025-09-05 02:26:15
1595,194,VIEW,2025-09-11 10:59:51
1595,184,SHARE,2025-09-14 08:34:44
1595,196,VIEW,2025-09-16 05:05:32
1595,184,VIEW,2025-09-17 21:55:15
1595,205,VIEW,2025-09-20 18:15:05
1595,212,VIEW,2025-09-23 13:22:19
1595,194,FAVORITE,2025-09-27 08:46:58
1595,192,SEARCH,2025-10-16 06:08:18
1595,184,ADD_TO_CART,2025-10-16 23:33:12
1595,200,VIEW,2025-10-27 23:30:51
1595,211,VIEW,2025-10-28 06:29:53
1595,207,VIEW,2025-10-28 11:59:50
1595,203,FAVORITE,2025-11-06 09:37:29
1595,212,VIEW,2025-11-08 21:51:53
1595,218,VIEW,2025-11-11 08:55:04
1595,188,VIEW,2025-11-13 16:39:41
1595,216,VIEW,2025-11-16 18:27:05
1595,205,VIEW,2025-11-22 16:10:49
1595,179,VIEW,2025-11-24 02:15:58
1595,188,VIEW,2025-11-25 13:13:15
1595,213,SEARCH,2025-11-26 17:06:04
1595,182,VIEW,2025-11-28 22:40:59
1595,217,SEARCH,2025-12-14 15:45:22
1595,211,SEARCH,2025-12-25 10:45:27
1595,212,FAVORITE,2025-12-30 11:57:23
1595,209,VIEW,2026-01-02 04:27:54
1595,180,FAVORITE,2026-01-06 05:52:18
1595,192,VIEW,2026-01-15 23:55:17
1595,211,SEARCH,2026-01-18 04:27:08
1595,211,VIEW,2026-01-26 15:34:52
1595,192,ADD_TO_CART,2026-01-31 02:31:54
1595,179,SHARE,2026-02-05 18:10:38
1595,184,SEARCH,2026-02-12 23:56:45
1595,217,VIEW,2026-02-14 16:18:19
1595,209,ADD_TO_CART,2026-02-22 04:49:47
1595,207,SEARCH,2026-02-27 11:31:26
1595,186,VIEW,2026-03-01 02:43:16
1595,188,VIEW,2026-03-16 09:16:51
1595,204,VIEW,2026-03-17 01:59:38
1595,188,VIEW,2026-03-18 10:32:54
1595,193,VIEW,2026-04-01 17:40:46
1595,209,VIEW,2026-04-02 19:39:25
1595,206,FAVORITE,2026-04-08 07:16:16
1595,212,SEARCH,2026-04-09 15:48:56
1595,187,FAVORITE,2026-04-14 04:52:11
1595,191,VIEW,2026-04-21 20:06:24
1595,188,VIEW,2026-05-04 07:17:55
1595,217,VIEW,2026-05-20 09:51:08
1595,193,VIEW,2026-05-23 18:28:00
1596,181,VIEW,2024-11-05 17:57:59
1596,181,VIEW,2024-11-16 05:39:48
1596,198,VIEW,2024-12-08 13:37:24
1596,184,VIEW,2024-12-12 10:20:03
1596,192,ADD_TO_CART,2024-12-14 02:18:38
1596,218,VIEW,2025-01-06 14:37:28
1596,180,ADD_TO_CART,2025-01-15 20:25:21
1596,207,SEARCH,2025-01-20 19:54:48
1596,203,VIEW,2025-03-01 02:48:57
1596,193,VIEW,2025-03-02 03:45:53
1596,181,VIEW,2025-03-08 19:19:18
1596,207,SEARCH,2025-03-21 11:54:09
1596,194,FAVORITE,2025-05-07 08:13:27
1596,196,VIEW,2025-05-11 06:13:35
1596,201,ADD_TO_CART,2025-05-13 09:34:09
1596,198,SEARCH,2025-05-18 18:35:29
1596,179,VIEW,2025-06-02 06:15:53
1596,180,VIEW,2025-06-05 15:23:14
1596,179,VIEW,2025-06-13 16:16:54
1596,180,VIEW,2025-06-13 19:28:57
1596,180,VIEW,2025-06-22 20:42:05
1596,193,VIEW,2025-07-06 08:49:14
1596,198,SEARCH,2025-07-16 17:27:25
1596,181,SEARCH,2025-07-22 02:00:59
1596,207,VIEW,2025-07-31 17:12:56
1596,180,VIEW,2025-08-05 23:29:51
1596,194,VIEW,2025-08-28 13:17:50
1596,213,VIEW,2025-09-02 22:52:00
1596,194,ADD_TO_CART,2025-09-04 04:18:08
1596,204,VIEW,2025-09-20 21:48:45
1596,180,SEARCH,2025-10-27 22:48:52
1596,202,SEARCH,2025-11-06 20:30:33
1596,194,ADD_TO_CART,2025-12-18 03:33:05
1596,197,VIEW,2025-12-28 00:24:39
1596,180,VIEW,2026-01-09 13:35:23
1596,205,VIEW,2026-01-28 21:05:22
1596,179,SEARCH,2026-02-12 13:21:02
1596,180,VIEW,2026-03-15 06:21:35
1596,217,VIEW,2026-03-20 21:01:45
1596,180,VIEW,2026-03-20 21:25:31
1596,197,VIEW,2026-03-24 08:37:28
1596,198,VIEW,2026-03-26 10:15:15
1596,180,ADD_TO_CART,2026-04-17 23:42:57
1596,199,VIEW,2026-04-20 22:24:56
1596,179,VIEW,2026-04-28 06:34:34
1596,181,VIEW,2026-05-28 16:24:43
1596,194,VIEW,2026-06-02 12:10:00
1597,189,VIEW,2024-03-03 17:36:53
1597,215,VIEW,2024-05-12 15:53:00
1597,210,SEARCH,2024-05-22 01:46:40
1597,206,VIEW,2024-06-16 08:53:41
1597,193,SEARCH,2024-06-25 03:47:37
1597,211,VIEW,2024-07-05 06:33:25
1597,187,SEARCH,2024-08-22 23:34:29
1597,181,VIEW,2024-08-24 10:39:18
1597,212,VIEW,2024-10-04 23:24:54
1597,193,VIEW,2024-10-14 06:26:50
1597,207,VIEW,2024-10-25 00:00:19
1597,194,VIEW,2024-10-31 05:40:11
1597,188,VIEW,2024-11-28 14:32:20
1597,183,VIEW,2025-02-11 03:10:21
1597,208,VIEW,2025-03-30 04:44:35
1597,193,VIEW,2025-05-09 22:51:17
1597,194,VIEW,2025-05-27 11:22:11
1597,213,VIEW,2025-06-09 08:38:49
1597,187,VIEW,2025-06-20 14:13:49
1597,194,SEARCH,2025-08-05 13:48:23
1597,194,VIEW,2025-08-10 23:50:31
1597,202,VIEW,2025-08-17 11:45:52
1597,194,VIEW,2025-10-05 08:09:13
1597,208,ADD_TO_CART,2025-11-10 03:53:31
1597,199,VIEW,2025-11-27 08:28:58
1597,194,VIEW,2026-01-19 07:20:15
1597,192,SHARE,2026-04-21 00:10:00
1597,193,SEARCH,2026-04-26 14:52:47
1597,194,ADD_TO_CART,2026-06-06 17:35:00
1598,179,VIEW,2026-01-23 11:36:21
1598,205,ADD_TO_CART,2026-01-27 10:37:53
1598,201,VIEW,2026-01-28 22:25:44
1598,185,VIEW,2026-02-01 10:28:20
1598,203,VIEW,2026-02-09 10:15:09
1598,201,VIEW,2026-02-10 02:09:37
1598,187,VIEW,2026-02-10 05:12:40
1598,202,VIEW,2026-02-11 12:11:39
1598,212,ADD_TO_CART,2026-02-13 08:42:48
1598,201,VIEW,2026-02-14 21:00:48
1598,205,VIEW,2026-02-15 13:06:57
1598,195,SEARCH,2026-02-21 08:38:00
1598,199,VIEW,2026-02-23 07:19:05
1598,191,ADD_TO_CART,2026-03-01 20:01:53
1598,207,ADD_TO_CART,2026-03-09 18:04:35
1598,204,VIEW,2026-03-17 12:39:19
1598,203,SEARCH,2026-03-19 06:00:04
1598,205,VIEW,2026-03-20 18:35:34
1598,203,VIEW,2026-03-21 11:49:06
1598,194,VIEW,2026-03-29 22:16:27
1598,188,SEARCH,2026-03-30 12:37:04
1598,205,VIEW,2026-04-01 09:22:57
1598,189,VIEW,2026-04-01 21:20:20
1598,199,VIEW,2026-04-02 18:32:11
1598,212,VIEW,2026-04-12 15:34:18
1598,205,VIEW,2026-04-16 14:14:53
1598,205,SEARCH,2026-04-16 21:03:29
1598,204,VIEW,2026-04-18 06:32:12
1598,196,VIEW,2026-04-18 19:40:52
1598,187,VIEW,2026-04-23 19:55:12
1598,185,VIEW,2026-04-30 22:24:28
1598,203,VIEW,2026-05-03 00:52:49
1598,186,ADD_TO_CART,2026-05-04 00:33:06
1598,189,SEARCH,2026-05-05 06:58:16
1598,203,VIEW,2026-05-09 05:07:34
1598,205,VIEW,2026-05-19 22:55:54
1598,187,SEARCH,2026-05-23 13:13:31
1598,185,VIEW,2026-05-24 19:12:25
1598,186,VIEW,2026-05-28 17:00:28
1598,181,VIEW,2026-05-30 05:45:24
1598,197,VIEW,2026-06-10 16:44:09
1598,197,VIEW,2026-06-13 01:54:22
1598,204,VIEW,2026-06-15 17:47:26
1598,186,VIEW,2026-06-26 22:17:26
1598,185,VIEW,2026-06-28 11:40:46
1598,181,VIEW,2026-06-28 15:33:24
1598,213,VIEW,2026-07-02 21:11:46
1598,203,VIEW,2026-07-04 16:56:16
1598,188,VIEW,2026-07-07 05:06:15
1598,202,SEARCH,2026-07-08 09:20:50
1598,215,VIEW,2026-07-13 14:31:18
1598,203,VIEW,2026-07-15 11:36:00
1599,193,SEARCH,2025-08-11 07:46:42
1599,197,SEARCH,2025-08-12 09:04:05
1599,210,FAVORITE,2025-09-09 17:40:45
1599,210,VIEW,2025-09-10 07:43:10
1599,181,VIEW,2025-09-11 17:22:44
1599,209,VIEW,2025-09-26 11:51:27
1599,190,SHARE,2025-09-26 13:27:41
1599,209,VIEW,2025-09-29 04:22:56
1599,193,VIEW,2025-10-03 15:33:03
1599,189,ADD_TO_CART,2025-10-15 08:40:46
1599,179,VIEW,2025-10-26 14:10:30
1599,209,VIEW,2025-11-04 05:10:53
1599,189,ADD_TO_CART,2025-11-08 00:22:54
1599,191,VIEW,2025-11-10 23:06:10
1599,197,VIEW,2025-11-26 06:07:53
1599,200,VIEW,2025-11-30 14:08:46
1599,181,VIEW,2025-12-05 22:44:04
1599,209,SEARCH,2025-12-06 05:43:26
1599,209,VIEW,2025-12-09 03:36:45
1599,186,ADD_TO_CART,2025-12-12 01:25:47
1599,189,VIEW,2025-12-15 22:37:41
1599,210,ADD_TO_CART,2025-12-25 00:16:05
1599,189,SEARCH,2025-12-25 13:09:26
1599,217,VIEW,2025-12-28 07:35:11
1599,210,VIEW,2025-12-29 03:58:50
1599,190,ADD_TO_CART,2026-01-07 22:39:18
1599,185,VIEW,2026-01-08 16:44:43
1599,210,VIEW,2026-01-14 15:47:33
1599,217,SEARCH,2026-01-15 00:00:46
1599,180,SEARCH,2026-01-19 12:15:26
1599,188,SEARCH,2026-01-20 19:45:24
1599,210,VIEW,2026-01-23 05:58:10
1599,203,SEARCH,2026-01-24 09:48:14
1599,199,VIEW,2026-02-04 20:51:28
1599,209,SEARCH,2026-02-15 20:26:13
1599,181,VIEW,2026-02-16 04:46:46
1599,189,ADD_TO_CART,2026-02-16 15:52:19
1599,189,VIEW,2026-02-21 04:44:43
1599,209,VIEW,2026-02-22 11:59:25
1599,210,VIEW,2026-03-05 11:58:11
1599,198,VIEW,2026-03-06 04:05:20
1599,182,VIEW,2026-03-08 02:23:27
1599,197,VIEW,2026-03-15 12:07:01
1599,181,FAVORITE,2026-03-17 20:21:34
1599,189,VIEW,2026-03-25 12:17:08
1599,191,VIEW,2026-03-27 22:17:21
1599,217,SHARE,2026-03-30 02:54:59
1599,184,ADD_TO_CART,2026-04-11 14:38:55
1599,210,SEARCH,2026-04-12 20:18:25
1599,209,SEARCH,2026-04-30 14:54:52
1599,206,VIEW,2026-05-02 20:57:07
1599,211,SEARCH,2026-05-05 06:21:13
1599,189,ADD_TO_CART,2026-05-07 17:01:44
1599,194,ADD_TO_CART,2026-05-08 13:05:10
1599,209,SEARCH,2026-05-12 05:33:47
1599,200,SEARCH,2026-05-13 08:12:56
1599,209,SEARCH,2026-05-14 21:50:08
1599,199,ADD_TO_CART,2026-05-15 23:12:56
1599,209,FAVORITE,2026-05-22 16:37:04
1599,209,VIEW,2026-06-08 14:32:35
1599,196,VIEW,2026-06-10 17:52:39
1599,194,SEARCH,2026-06-19 20:12:17
1599,191,VIEW,2026-06-21 11:57:37
1599,194,SEARCH,2026-06-23 02:16:36
1599,209,SEARCH,2026-06-24 16:30:17
1599,209,VIEW,2026-07-06 00:37:26
1599,190,SEARCH,2026-07-06 10:20:39
1599,184,VIEW,2026-07-08 14:11:55
1599,209,VIEW,2026-07-16 15:30:00
1600,203,VIEW,2026-02-03 19:41:50
1600,213,SEARCH,2026-02-04 17:33:36
1600,185,VIEW,2026-02-07 19:04:33
1600,203,SEARCH,2026-02-15 17:42:42
1600,187,VIEW,2026-02-17 20:18:20
1600,205,SEARCH,2026-02-20 12:32:30
1600,187,ADD_TO_CART,2026-02-22 16:31:29
1600,210,ADD_TO_CART,2026-02-25 13:20:14
1600,213,ADD_TO_CART,2026-03-01 07:06:39
1600,196,VIEW,2026-03-02 09:39:45
1600,203,VIEW,2026-03-03 20:25:30
1600,212,ADD_TO_CART,2026-03-06 00:24:14
1600,213,VIEW,2026-03-06 18:08:21
1600,207,SEARCH,2026-03-10 03:27:54
1600,216,SEARCH,2026-03-10 23:04:07
1600,186,VIEW,2026-03-15 01:10:20
1600,188,SEARCH,2026-03-18 07:34:59
1600,204,FAVORITE,2026-03-18 12:43:36
1600,203,SEARCH,2026-03-21 03:29:20
1600,196,VIEW,2026-03-21 07:20:39
1600,188,ADD_TO_CART,2026-03-21 09:16:44
1600,204,VIEW,2026-03-26 05:22:24
1600,186,SHARE,2026-03-28 09:48:35
1600,207,VIEW,2026-03-28 17:35:14
1600,203,VIEW,2026-03-30 12:56:53
1600,185,VIEW,2026-03-31 02:45:16
1600,201,VIEW,2026-04-01 06:17:00
1600,186,VIEW,2026-04-01 17:12:04
1600,196,ADD_TO_CART,2026-04-03 17:43:14
1600,185,VIEW,2026-04-04 12:27:04
1600,205,VIEW,2026-04-06 09:41:01
1600,213,ADD_TO_CART,2026-04-08 17:18:30
1600,203,VIEW,2026-04-08 19:32:31
1600,188,SEARCH,2026-04-09 18:38:02
1600,204,FAVORITE,2026-04-11 19:24:38
1600,194,ADD_TO_CART,2026-04-14 20:32:59
1600,218,SEARCH,2026-04-14 21:54:58
1600,189,VIEW,2026-04-17 10:40:05
1600,187,SEARCH,2026-04-17 11:28:53
1600,188,VIEW,2026-04-18 08:56:07
1600,212,VIEW,2026-04-20 02:44:58
1600,203,SEARCH,2026-04-20 18:59:27
1600,202,ADD_TO_CART,2026-04-24 21:06:34
1600,187,VIEW,2026-04-26 10:28:21
1600,216,SEARCH,2026-04-26 10:45:06
1600,185,VIEW,2026-05-02 11:12:38
1600,188,VIEW,2026-05-02 18:31:38
1600,216,VIEW,2026-05-02 19:30:07
1600,192,SEARCH,2026-05-06 04:32:58
1600,203,ADD_TO_CART,2026-05-09 07:01:14
1600,184,SEARCH,2026-05-13 01:39:18
1600,217,SEARCH,2026-05-15 05:43:02
1600,185,VIEW,2026-05-15 16:12:58
1600,202,FAVORITE,2026-05-16 20:45:16
1600,203,ADD_TO_CART,2026-05-19 22:24:35
1600,187,VIEW,2026-05-21 09:55:21
1600,187,VIEW,2026-05-21 16:15:33
1600,194,ADD_TO_CART,2026-05-23 21:29:44
1600,217,VIEW,2026-05-24 18:51:17
1600,217,ADD_TO_CART,2026-05-26 21:53:23
1600,186,VIEW,2026-06-03 15:25:00
1600,198,VIEW,2026-06-06 11:55:25
1600,195,VIEW,2026-06-09 18:31:24
1600,186,VIEW,2026-06-10 14:40:16
1600,192,VIEW,2026-06-14 14:15:00
1601,194,VIEW,2024-06-16 20:43:13
1601,193,SEARCH,2024-06-22 03:32:40
1601,213,FAVORITE,2024-06-24 20:43:49
1601,214,VIEW,2024-07-03 15:34:22
1601,194,VIEW,2024-07-27 03:25:24
1601,201,SEARCH,2024-07-31 04:44:35
1601,194,VIEW,2024-08-17 13:06:33
1601,201,FAVORITE,2024-08-22 22:57:58
1601,207,ADD_TO_CART,2024-08-28 17:51:15
1601,214,FAVORITE,2024-09-25 06:55:14
1601,191,ADD_TO_CART,2024-10-12 10:50:33
1601,194,ADD_TO_CART,2024-10-18 04:09:13
1601,202,SEARCH,2024-10-20 19:22:00
1601,217,VIEW,2024-11-08 02:19:10
1601,193,ADD_TO_CART,2024-11-08 10:59:35
1601,179,FAVORITE,2024-11-13 13:08:48
1601,210,SEARCH,2024-11-28 03:04:48
1601,208,VIEW,2024-12-19 22:05:53
1601,182,VIEW,2024-12-29 16:20:28
1601,194,VIEW,2025-01-09 03:28:37
1601,207,VIEW,2025-01-18 06:51:45
1601,189,VIEW,2025-01-22 10:36:00
1601,201,VIEW,2025-01-27 00:46:40
1601,208,VIEW,2025-02-01 19:38:33
1601,198,ADD_TO_CART,2025-02-04 21:04:51
1601,214,VIEW,2025-02-25 12:54:56
1601,193,SEARCH,2025-03-02 16:17:15
1601,194,FAVORITE,2025-03-15 15:48:44
1601,211,VIEW,2025-04-05 09:12:52
1601,183,ADD_TO_CART,2025-04-11 02:50:41
1601,185,VIEW,2025-04-18 12:29:02
1601,213,VIEW,2025-05-03 08:07:09
1601,193,VIEW,2025-05-05 21:22:18
1601,214,VIEW,2025-06-05 17:55:52
1601,193,VIEW,2025-07-05 15:51:20
1601,213,VIEW,2025-07-25 17:40:43
1601,193,VIEW,2025-08-13 07:14:03
1601,213,VIEW,2025-08-20 17:41:03
1601,217,SEARCH,2025-09-14 16:01:28
1601,187,ADD_TO_CART,2025-09-17 20:13:44
1601,205,ADD_TO_CART,2025-10-05 13:58:00
1601,194,VIEW,2025-10-19 02:02:43
1601,214,ADD_TO_CART,2025-11-05 02:20:53
1601,207,VIEW,2025-11-07 19:30:56
1601,183,VIEW,2025-11-18 00:37:55
1601,196,FAVORITE,2025-11-26 08:26:35
1601,180,VIEW,2025-12-03 00:27:05
1601,194,VIEW,2025-12-28 07:17:25
1601,182,SEARCH,2026-01-15 20:33:05
1601,194,VIEW,2026-01-20 02:24:59
1601,193,VIEW,2026-02-05 01:10:13
1601,209,VIEW,2026-02-13 19:10:56
1601,186,VIEW,2026-03-06 10:26:50
1601,200,VIEW,2026-03-31 13:30:44
1601,194,SEARCH,2026-04-09 04:20:47
1601,193,VIEW,2026-04-14 21:27:22
1601,213,ADD_TO_CART,2026-04-21 16:48:52
1601,209,VIEW,2026-05-08 19:22:22
1601,181,SEARCH,2026-05-16 04:21:50
1601,193,VIEW,2026-06-07 19:26:34
1601,192,VIEW,2026-06-18 09:25:00
1602,194,SEARCH,2025-08-25 20:54:32
1602,194,FAVORITE,2025-09-04 15:27:49
1602,213,VIEW,2025-09-05 15:34:23
1602,193,ADD_TO_CART,2025-09-09 18:24:40
1602,213,VIEW,2025-09-17 02:03:32
1602,200,VIEW,2025-09-17 12:43:45
1602,193,VIEW,2025-09-21 23:17:31
1602,193,ADD_TO_CART,2025-09-27 12:12:22
1602,193,VIEW,2025-10-05 22:01:20
1602,196,VIEW,2025-10-21 18:01:47
1602,193,VIEW,2025-11-02 05:30:03
1602,187,VIEW,2025-11-17 07:51:16
1602,186,VIEW,2025-11-23 19:28:53
1602,213,SHARE,2025-12-01 12:28:47
1602,203,ADD_TO_CART,2026-01-01 08:25:52
1602,194,VIEW,2026-01-02 18:07:55
1602,209,VIEW,2026-01-04 04:14:24
1602,209,SEARCH,2026-01-04 22:32:19
1602,213,VIEW,2026-01-20 01:15:25
1602,192,VIEW,2026-02-08 06:38:34
1602,213,VIEW,2026-02-23 13:25:56
1602,192,SHARE,2026-02-27 17:21:53
1602,198,VIEW,2026-03-05 17:42:05
1602,194,FAVORITE,2026-03-06 09:41:28
1602,213,ADD_TO_CART,2026-03-11 05:21:53
1602,214,VIEW,2026-03-11 14:22:54
1602,214,VIEW,2026-03-15 14:40:07
1602,210,VIEW,2026-03-18 04:22:55
1602,194,SEARCH,2026-04-06 03:09:12
1602,193,FAVORITE,2026-04-27 04:04:46
1602,192,VIEW,2026-04-30 06:13:50
1602,197,VIEW,2026-04-30 19:03:36
1602,202,SEARCH,2026-05-18 10:18:08
1602,207,VIEW,2026-05-18 20:11:08
1602,213,SEARCH,2026-05-21 01:54:10
1602,193,VIEW,2026-05-24 03:41:01
1602,213,ADD_TO_CART,2026-05-25 12:59:37
1602,193,VIEW,2026-06-13 11:47:08
1602,193,VIEW,2026-06-15 20:54:23
1602,214,SEARCH,2026-06-15 22:37:57
1602,210,SEARCH,2026-06-18 17:46:00
1603,190,VIEW,2025-03-10 08:38:43
1603,193,VIEW,2025-03-15 07:25:26
1603,194,VIEW,2025-03-20 11:28:59
1603,200,ADD_TO_CART,2025-04-04 15:25:34
1603,213,SEARCH,2025-05-15 04:00:22
1603,214,ADD_TO_CART,2025-06-01 23:27:26
1603,202,VIEW,2025-07-09 19:19:22
1603,198,FAVORITE,2025-08-14 09:07:03
1603,193,VIEW,2025-09-23 07:33:53
1603,214,VIEW,2025-10-01 17:19:56
1603,194,VIEW,2025-10-16 12:51:34
1603,193,ADD_TO_CART,2025-11-07 03:38:33
1603,213,SEARCH,2026-02-13 11:36:29
1603,184,VIEW,2026-02-13 12:06:00
1604,190,VIEW,2025-09-14 15:17:15
1604,205,VIEW,2025-10-09 06:58:41
1604,202,VIEW,2025-10-18 16:40:38
1604,183,FAVORITE,2025-10-25 17:56:23
1604,203,VIEW,2025-10-26 04:10:45
1604,187,VIEW,2025-11-14 15:12:13
1604,183,VIEW,2025-11-22 02:48:46
1604,202,VIEW,2025-11-26 19:36:21
1604,183,VIEW,2025-12-05 10:30:15
1604,186,FAVORITE,2025-12-05 21:43:19
1604,201,VIEW,2025-12-06 10:24:31
1604,192,VIEW,2025-12-06 10:45:10
1604,198,SEARCH,2025-12-17 01:10:26
1604,202,ADD_TO_CART,2025-12-22 01:24:35
1604,195,VIEW,2026-01-03 08:18:04
1604,183,VIEW,2026-01-18 21:47:47
1604,200,VIEW,2026-01-26 15:55:03
1604,202,VIEW,2026-01-30 02:39:58
1604,211,SEARCH,2026-01-31 18:24:20
1604,184,VIEW,2026-02-06 15:45:43
1604,183,FAVORITE,2026-02-12 00:36:19
1604,184,VIEW,2026-02-16 09:43:49
1604,202,VIEW,2026-02-17 05:32:25
1604,202,VIEW,2026-02-17 18:04:54
1604,185,VIEW,2026-02-25 07:59:24
1604,201,SEARCH,2026-03-03 05:44:51
1604,217,VIEW,2026-03-13 11:16:51
1604,201,SHARE,2026-03-16 09:14:56
1604,183,VIEW,2026-03-30 17:49:07
1604,189,SEARCH,2026-03-30 20:12:15
1604,186,VIEW,2026-03-31 15:57:07
1604,201,VIEW,2026-04-04 01:28:19
1604,201,VIEW,2026-04-15 08:50:24
1604,188,VIEW,2026-04-17 01:57:22
1604,196,VIEW,2026-04-17 14:59:26
1604,197,VIEW,2026-05-02 12:59:24
1604,193,ADD_TO_CART,2026-05-03 18:36:00
1605,205,SHARE,2025-12-08 06:27:06
1605,211,VIEW,2025-12-11 17:36:16
1605,206,VIEW,2025-12-16 13:19:37
1605,209,VIEW,2025-12-20 16:36:27
1605,187,SEARCH,2026-01-03 00:22:17
1605,185,VIEW,2026-01-06 04:07:18
1605,212,SEARCH,2026-01-08 15:18:02
1605,192,VIEW,2026-01-13 13:21:48
1605,211,FAVORITE,2026-01-15 00:20:48
1605,204,VIEW,2026-01-22 01:50:53
1605,205,VIEW,2026-01-26 06:24:05
1605,211,VIEW,2026-01-28 03:15:24
1605,192,VIEW,2026-02-05 06:32:23
1605,211,VIEW,2026-02-13 20:31:51
1605,218,VIEW,2026-02-18 14:14:27
1605,189,VIEW,2026-02-24 06:46:03
1605,192,SEARCH,2026-02-26 13:30:28
1605,188,SEARCH,2026-03-02 05:44:03
1605,187,VIEW,2026-03-02 10:41:59
1605,181,VIEW,2026-03-14 23:48:52
1605,211,SEARCH,2026-03-16 18:49:49
1605,212,ADD_TO_CART,2026-03-24 13:26:45
1605,203,ADD_TO_CART,2026-03-29 18:34:48
1605,194,ADD_TO_CART,2026-03-30 15:08:39
1605,205,VIEW,2026-04-02 21:39:02
1605,192,VIEW,2026-04-03 15:00:45
1605,211,VIEW,2026-04-06 17:18:23
1605,192,VIEW,2026-04-07 01:43:07
1605,181,VIEW,2026-04-07 21:35:32
1605,182,VIEW,2026-04-10 07:58:04
1605,185,VIEW,2026-04-14 12:54:23
1605,211,VIEW,2026-04-16 05:29:47
1605,192,VIEW,2026-04-20 07:25:03
1605,207,ADD_TO_CART,2026-04-22 00:08:21
1605,192,SEARCH,2026-05-01 06:33:30
1605,192,ADD_TO_CART,2026-05-02 02:41:09
1605,211,VIEW,2026-05-04 03:22:35
1605,211,FAVORITE,2026-05-05 01:51:25
1605,185,VIEW,2026-05-07 04:11:13
1605,192,VIEW,2026-05-07 19:01:15
1605,211,VIEW,2026-05-10 11:13:30
1605,216,VIEW,2026-05-17 03:46:28
1605,212,VIEW,2026-05-18 12:35:51
1605,212,VIEW,2026-05-20 22:26:28
1605,195,VIEW,2026-05-26 11:13:45
1605,211,VIEW,2026-05-28 16:22:44
1605,187,VIEW,2026-06-06 00:15:06
1605,192,VIEW,2026-06-09 03:20:52
1605,214,VIEW,2026-06-15 13:54:56
1605,212,ADD_TO_CART,2026-06-20 19:32:52
1605,209,FAVORITE,2026-06-25 13:59:00
1606,192,VIEW,2025-09-24 05:39:09
1606,209,SHARE,2025-10-07 17:05:11
1606,211,VIEW,2025-10-08 12:34:21
1606,189,VIEW,2025-11-02 17:40:01
1606,212,SEARCH,2025-11-11 15:02:52
1606,218,VIEW,2025-11-22 13:55:07
1606,192,VIEW,2025-11-22 16:12:49
1606,217,VIEW,2025-11-24 14:08:53
1606,192,VIEW,2025-11-27 23:36:39
1606,218,VIEW,2025-11-28 19:26:32
1606,216,VIEW,2025-12-07 18:10:25
1606,212,VIEW,2025-12-08 02:41:15
1606,198,VIEW,2025-12-10 04:56:34
1606,212,VIEW,2025-12-29 00:44:53
1606,192,VIEW,2026-01-03 14:13:27
1606,208,VIEW,2026-01-10 02:43:26
1606,212,SEARCH,2026-02-03 00:27:35
1606,212,VIEW,2026-02-03 03:46:35
1606,192,VIEW,2026-02-13 22:20:27
1606,215,VIEW,2026-02-15 19:57:49
1606,182,VIEW,2026-02-19 07:17:51
1606,209,SEARCH,2026-02-21 13:11:45
1606,183,SEARCH,2026-03-05 20:53:26
1606,188,VIEW,2026-03-18 05:22:33
1606,199,SEARCH,2026-03-20 22:55:48
1606,218,VIEW,2026-03-22 16:43:25
1606,218,FAVORITE,2026-03-27 08:42:57
1606,211,VIEW,2026-04-03 22:22:05
1606,190,VIEW,2026-04-05 10:10:01
1606,181,VIEW,2026-04-08 04:56:47
1606,216,VIEW,2026-04-10 17:57:15
1606,212,VIEW,2026-04-12 19:33:14
1606,189,ADD_TO_CART,2026-04-15 16:49:46
1606,201,VIEW,2026-04-26 04:01:13
1606,206,SHARE,2026-04-27 16:38:30
1606,211,SEARCH,2026-04-29 11:54:51
1606,192,VIEW,2026-05-27 05:34:20
1606,199,VIEW,2026-05-30 01:20:47
1606,195,VIEW,2026-05-30 18:52:55
1606,205,VIEW,2026-06-30 05:04:58
1606,205,ADD_TO_CART,2026-07-03 15:39:00
1607,198,VIEW,2024-09-12 22:13:55
1607,218,VIEW,2024-09-30 03:50:56
1607,218,SEARCH,2024-10-05 03:14:30
1607,218,SEARCH,2024-10-16 14:41:53
1607,190,VIEW,2024-10-27 08:32:40
1607,183,SEARCH,2024-11-07 05:22:17
1607,183,ADD_TO_CART,2024-11-10 12:17:44
1607,213,VIEW,2024-11-11 16:48:12
1607,183,VIEW,2024-11-16 04:38:03
1607,181,VIEW,2024-11-16 21:12:35
1607,215,VIEW,2024-12-07 13:17:41
1607,218,SEARCH,2025-01-08 14:45:57
1607,194,VIEW,2025-01-12 08:31:15
1607,208,VIEW,2025-01-23 00:35:04
1607,199,VIEW,2025-02-06 07:44:00
1607,217,VIEW,2025-02-14 07:42:07
1607,209,SEARCH,2025-02-19 18:24:33
1607,184,VIEW,2025-02-22 05:36:13
1607,201,ADD_TO_CART,2025-03-12 22:16:42
1607,201,VIEW,2025-03-14 03:41:42
1607,204,VIEW,2025-04-10 08:24:28
1607,180,VIEW,2025-04-19 00:14:34
1607,218,SEARCH,2025-05-01 13:36:22
1607,202,SHARE,2025-05-15 19:04:19
1607,203,VIEW,2025-05-17 22:17:46
1607,218,VIEW,2025-05-20 08:41:41
1607,218,FAVORITE,2025-06-22 08:49:54
1607,204,SEARCH,2025-06-27 20:51:15
1607,188,VIEW,2025-07-05 21:21:12
1607,213,VIEW,2025-07-11 06:39:00
1607,195,VIEW,2025-07-28 20:27:22
1607,200,VIEW,2025-08-09 03:55:43
1607,207,VIEW,2025-08-28 03:48:24
1607,184,VIEW,2025-09-01 21:23:35
1607,215,VIEW,2025-09-17 22:55:43
1607,190,VIEW,2025-09-21 00:53:18
1607,200,VIEW,2025-10-15 12:29:13
1607,183,VIEW,2025-11-12 22:23:23
1607,194,ADD_TO_CART,2025-11-14 21:03:32
1607,196,SEARCH,2025-12-06 03:30:49
1607,208,VIEW,2025-12-17 02:21:53
1607,199,VIEW,2026-01-14 19:12:17
1607,193,ADD_TO_CART,2026-01-16 04:18:49
1607,202,VIEW,2026-01-31 03:47:37
1607,218,VIEW,2026-02-25 21:10:42
1607,205,VIEW,2026-03-17 13:56:51
1607,197,SEARCH,2026-05-25 12:46:50
1607,183,VIEW,2026-05-28 03:33:34
1607,218,SEARCH,2026-06-29 02:37:55
1607,218,VIEW,2026-07-05 12:11:00
1608,181,VIEW,2025-01-31 23:23:09
1608,187,VIEW,2025-02-10 18:29:43
1608,193,VIEW,2025-02-11 16:59:07
1608,215,VIEW,2025-03-01 06:45:08
1608,217,VIEW,2025-03-05 09:02:17
1608,186,FAVORITE,2025-03-23 16:17:35
1608,204,SEARCH,2025-04-18 04:12:41
1608,211,SEARCH,2025-04-26 19:53:38
1608,185,VIEW,2025-05-17 02:34:23
1608,197,VIEW,2025-05-23 04:44:37
1608,212,SEARCH,2025-05-27 13:35:46
1608,204,VIEW,2025-05-31 20:09:46
1608,186,SEARCH,2025-06-26 12:51:28
1608,205,VIEW,2025-07-10 03:03:00
1608,189,ADD_TO_CART,2025-07-15 19:03:23
1608,187,VIEW,2025-07-17 09:28:11
1608,195,SEARCH,2025-08-09 14:52:40
1608,204,VIEW,2025-08-10 23:59:50
1608,203,ADD_TO_CART,2025-08-14 11:53:07
1608,204,SHARE,2025-08-22 04:04:36
1608,186,VIEW,2025-09-08 09:14:37
1608,203,SEARCH,2025-10-09 00:24:27
1608,205,VIEW,2025-10-21 03:56:08
1608,187,VIEW,2025-11-15 22:21:01
1608,218,VIEW,2025-11-19 06:28:26
1608,186,FAVORITE,2025-11-25 06:58:14
1608,186,VIEW,2025-12-04 16:56:58
1608,211,VIEW,2025-12-22 07:02:45
1608,194,SEARCH,2026-01-08 03:44:15
1608,206,VIEW,2026-01-28 00:32:35
1608,211,VIEW,2026-02-03 10:29:06
1608,210,VIEW,2026-02-05 23:55:20
1608,184,VIEW,2026-02-10 09:26:13
1608,203,VIEW,2026-02-13 15:39:27
1608,185,VIEW,2026-02-13 16:39:22
1608,209,FAVORITE,2026-03-09 00:34:22
1608,187,VIEW,2026-03-09 03:51:15
1608,203,VIEW,2026-03-09 21:03:31
1608,211,VIEW,2026-03-19 12:37:21
1608,205,VIEW,2026-03-24 17:54:53
1608,180,VIEW,2026-03-30 00:47:38
1608,203,VIEW,2026-04-10 10:42:49
1608,212,ADD_TO_CART,2026-04-14 12:24:58
1608,203,VIEW,2026-04-16 12:12:51
1608,188,VIEW,2026-04-25 06:09:34
1608,195,ADD_TO_CART,2026-05-10 21:47:30
1608,192,VIEW,2026-05-13 16:51:47
1608,188,VIEW,2026-05-25 20:31:22
1608,179,VIEW,2026-05-31 19:09:59
1608,185,VIEW,2026-06-12 14:56:27
1608,185,VIEW,2026-06-13 03:24:52
1608,203,VIEW,2026-06-24 09:03:43
1608,203,SEARCH,2026-07-08 22:03:23
1608,185,SEARCH,2026-07-11 09:34:00
1609,199,SEARCH,2024-07-20 09:12:47
1609,199,SEARCH,2024-09-07 00:50:46
1609,208,VIEW,2024-12-09 00:40:15
1609,183,VIEW,2024-12-25 11:31:59
1609,206,FAVORITE,2025-01-12 01:22:56
1609,199,VIEW,2025-03-21 13:32:47
1609,217,VIEW,2025-04-13 20:18:57
1609,181,SEARCH,2025-06-08 15:54:25
1609,181,SHARE,2025-06-16 21:45:53
1609,207,VIEW,2025-07-02 04:02:16
1609,180,VIEW,2025-08-10 09:17:23
1609,192,FAVORITE,2025-08-16 14:37:00
1610,181,VIEW,2025-05-30 21:51:13
1610,218,ADD_TO_CART,2025-06-04 10:22:18
1610,215,VIEW,2025-06-15 10:51:02
1610,196,VIEW,2025-07-08 04:25:25
1610,187,VIEW,2025-07-11 08:51:35
1610,213,ADD_TO_CART,2025-07-11 15:33:52
1610,210,VIEW,2025-07-14 13:53:45
1610,218,VIEW,2025-07-21 20:50:43
1610,190,VIEW,2025-07-25 12:11:45
1610,201,SEARCH,2025-08-11 14:26:25
1610,218,VIEW,2025-08-19 15:51:40
1610,182,VIEW,2025-08-25 09:35:11
1610,217,VIEW,2025-08-31 08:06:32
1610,196,VIEW,2025-09-18 11:15:51
1610,192,SEARCH,2025-10-28 08:36:45
1610,181,VIEW,2025-10-30 01:29:03
1610,190,ADD_TO_CART,2025-10-31 21:43:52
1610,182,VIEW,2025-11-02 04:35:42
1610,201,SEARCH,2025-11-03 02:40:58
1610,189,VIEW,2025-11-04 05:00:21
1610,210,VIEW,2025-11-06 06:25:24
1610,218,VIEW,2025-11-11 15:20:30
1610,201,VIEW,2025-11-15 01:10:08
1610,218,VIEW,2025-11-18 13:38:36
1610,214,SEARCH,2025-12-01 20:30:18
1610,205,VIEW,2025-12-04 00:15:33
1610,217,VIEW,2025-12-07 22:07:56
1610,218,ADD_TO_CART,2025-12-11 06:14:17
1610,198,VIEW,2025-12-16 12:19:12
1610,210,VIEW,2025-12-27 01:05:55
1610,206,VIEW,2026-01-14 07:22:48
1610,203,VIEW,2026-01-25 20:38:55
1610,189,SEARCH,2026-01-28 01:39:33
1610,189,ADD_TO_CART,2026-01-29 21:29:45
1610,210,VIEW,2026-02-06 19:21:17
1610,218,VIEW,2026-02-18 02:25:35
1610,193,FAVORITE,2026-02-18 10:19:04
1610,218,VIEW,2026-03-02 06:14:11
1610,209,VIEW,2026-03-08 22:03:34
1610,209,VIEW,2026-03-19 01:53:40
1610,186,VIEW,2026-03-20 08:07:49
1610,218,VIEW,2026-03-23 10:46:14
1610,212,VIEW,2026-03-31 09:45:22
1610,190,ADD_TO_CART,2026-04-13 11:24:26
1610,190,SEARCH,2026-04-27 21:06:29
1610,205,VIEW,2026-04-29 01:26:43
1610,183,SHARE,2026-04-30 19:05:33
1610,218,ADD_TO_CART,2026-05-09 09:12:56
1610,210,VIEW,2026-05-10 05:14:22
1610,201,VIEW,2026-05-22 07:37:13
1610,218,VIEW,2026-06-02 11:02:00
1611,203,VIEW,2024-12-24 15:49:58
1611,216,ADD_TO_CART,2025-01-21 00:35:45
1611,214,VIEW,2025-01-23 11:05:10
1611,188,VIEW,2025-01-25 09:44:59
1611,188,VIEW,2025-01-28 11:33:33
1611,196,SHARE,2025-02-04 03:55:51
1611,186,VIEW,2025-02-19 16:37:02
1611,182,VIEW,2025-02-28 05:41:38
1611,192,VIEW,2025-03-10 07:24:54
1611,215,SEARCH,2025-03-15 11:24:48
1611,207,VIEW,2025-03-17 07:22:31
1611,207,SEARCH,2025-03-18 18:10:30
1611,199,VIEW,2025-04-03 03:05:48
1611,205,VIEW,2025-05-22 11:39:15
1611,214,VIEW,2025-06-05 21:27:24
1611,203,VIEW,2025-06-08 08:17:41
1611,211,SHARE,2025-06-11 09:43:08
1611,182,ADD_TO_CART,2025-06-20 16:28:42
1611,188,VIEW,2025-06-28 02:29:11
1611,187,VIEW,2025-07-06 20:23:29
1611,186,ADD_TO_CART,2025-07-17 20:58:26
1611,180,VIEW,2025-07-22 07:01:07
1611,203,ADD_TO_CART,2025-08-03 17:32:35
1611,179,VIEW,2025-08-10 22:12:29
1611,189,SEARCH,2025-08-15 04:16:07
1611,216,VIEW,2025-09-03 06:51:32
1611,186,SEARCH,2025-09-16 06:19:39
1611,203,VIEW,2025-09-29 05:10:49
1611,198,VIEW,2025-10-05 01:03:25
1611,212,VIEW,2025-10-09 14:03:58
1611,201,FAVORITE,2025-10-12 11:08:51
1611,201,VIEW,2025-10-19 14:35:28
1611,203,VIEW,2025-11-02 07:43:30
1611,217,VIEW,2025-11-04 14:54:18
1611,203,VIEW,2025-11-14 10:15:12
1611,212,VIEW,2025-11-23 02:49:28
1611,187,VIEW,2025-11-25 19:25:07
1611,208,VIEW,2025-11-26 17:39:37
1611,204,VIEW,2025-12-01 04:50:35
1611,185,SEARCH,2025-12-07 15:35:50
1611,196,SEARCH,2025-12-08 01:24:25
1611,199,VIEW,2025-12-21 23:16:54
1611,197,VIEW,2025-12-25 16:23:54
1611,209,VIEW,2026-01-05 21:58:54
1611,205,VIEW,2026-01-12 17:59:13
1611,188,SEARCH,2026-01-15 15:56:19
1611,218,VIEW,2026-01-19 12:31:00
1611,203,VIEW,2026-01-21 19:51:20
1611,210,ADD_TO_CART,2026-01-30 20:34:09
1611,185,SEARCH,2026-02-03 13:41:12
1611,186,VIEW,2026-02-05 05:19:37
1611,188,VIEW,2026-02-07 12:23:34
1611,192,VIEW,2026-02-17 04:55:31
1611,210,VIEW,2026-02-21 12:35:19
1611,217,VIEW,2026-03-02 04:35:08
1611,207,ADD_TO_CART,2026-03-03 16:27:22
1611,204,FAVORITE,2026-03-07 16:45:48
1611,188,VIEW,2026-04-04 03:24:47
1611,205,VIEW,2026-04-06 00:29:07
1611,187,VIEW,2026-04-10 12:42:48
1611,188,VIEW,2026-04-30 03:31:29
1611,207,VIEW,2026-04-30 05:40:33
1611,218,VIEW,2026-05-05 12:28:55
1611,210,SEARCH,2026-05-08 17:05:52
1611,203,ADD_TO_CART,2026-05-22 17:28:05
1611,187,VIEW,2026-06-17 13:19:09
1611,199,VIEW,2026-06-19 10:09:00
1612,203,VIEW,2025-03-19 16:22:50
1612,195,VIEW,2025-04-25 10:19:52
1612,215,VIEW,2025-04-29 03:39:23
1612,198,VIEW,2025-05-08 12:21:09
1612,217,VIEW,2025-05-23 11:05:29
1612,213,VIEW,2025-05-29 21:55:12
1612,207,ADD_TO_CART,2025-06-14 14:08:22
1612,184,VIEW,2025-07-27 04:37:54
1612,215,VIEW,2025-07-31 01:33:01
1612,217,SEARCH,2025-08-12 03:50:02
1612,216,SEARCH,2025-08-21 01:19:53
1612,216,VIEW,2025-09-06 04:57:48
1612,200,VIEW,2025-09-26 04:26:59
1612,215,VIEW,2025-11-24 13:50:00
1613,211,ADD_TO_CART,2024-12-19 10:46:33
1613,197,VIEW,2025-03-01 03:27:32
1613,207,VIEW,2025-03-17 11:54:58
1613,191,VIEW,2025-04-07 01:11:35
1613,208,VIEW,2025-04-16 08:11:43
1613,207,SHARE,2025-04-22 04:50:25
1613,202,ADD_TO_CART,2025-05-19 01:40:01
1613,209,VIEW,2025-06-09 03:14:23
1613,208,SHARE,2025-06-10 03:58:51
1613,183,VIEW,2025-06-18 06:34:11
1613,206,VIEW,2025-07-05 14:38:10
1613,211,VIEW,2025-08-11 14:08:24
1613,201,ADD_TO_CART,2025-08-16 05:43:00
1613,202,VIEW,2025-08-25 13:13:29
1613,207,SEARCH,2025-08-27 15:24:12
1613,207,VIEW,2025-08-28 19:43:29
1613,189,SHARE,2025-09-09 00:48:52
1613,211,FAVORITE,2025-10-15 02:05:28
1613,206,ADD_TO_CART,2025-10-21 23:10:18
1613,201,FAVORITE,2025-11-18 19:50:47
1613,207,VIEW,2025-12-09 13:14:21
1613,198,VIEW,2025-12-12 19:42:58
1613,208,VIEW,2025-12-20 07:12:55
1613,207,VIEW,2026-01-24 04:46:57
1613,214,VIEW,2026-01-25 01:59:11
1613,195,VIEW,2026-02-23 13:29:22
1613,212,SEARCH,2026-02-25 01:12:31
1613,194,SEARCH,2026-02-26 02:44:16
1613,208,VIEW,2026-03-05 06:57:54
1613,208,VIEW,2026-03-08 16:18:00
1613,207,SEARCH,2026-03-31 13:25:32
1613,212,VIEW,2026-04-21 15:36:22
1613,207,VIEW,2026-04-30 05:44:13
1613,179,SEARCH,2026-06-06 12:33:47
1613,208,VIEW,2026-06-11 01:37:27
1613,208,VIEW,2026-06-24 10:26:00
1614,202,SEARCH,2024-11-12 12:45:38
1614,183,VIEW,2024-11-28 18:51:48
1614,183,VIEW,2024-12-05 14:45:16
1614,212,VIEW,2024-12-22 02:29:40
1614,202,VIEW,2025-01-02 00:32:31
1614,204,ADD_TO_CART,2025-01-05 01:36:20
1614,183,VIEW,2025-01-14 20:07:37
1614,192,VIEW,2025-01-15 01:41:50
1614,216,VIEW,2025-01-16 12:18:32
1614,195,VIEW,2025-01-24 23:27:37
1614,195,SEARCH,2025-02-13 12:39:30
1614,202,VIEW,2025-02-20 16:36:19
1614,202,VIEW,2025-02-21 20:29:51
1614,183,FAVORITE,2025-02-23 23:47:13
1614,202,VIEW,2025-02-26 19:23:24
1614,201,VIEW,2025-03-17 21:11:26
1614,183,SEARCH,2025-03-24 09:30:26
1614,202,SEARCH,2025-03-27 19:08:47
1614,201,VIEW,2025-04-05 16:32:38
1614,182,VIEW,2025-04-06 02:25:25
1614,202,VIEW,2025-04-09 21:09:01
1614,183,SEARCH,2025-04-24 22:09:32
1614,213,SHARE,2025-05-02 07:26:34
1614,184,VIEW,2025-05-03 09:56:38
1614,183,VIEW,2025-05-05 03:30:24
1614,183,SEARCH,2025-05-26 13:01:40
1614,182,SEARCH,2025-05-28 08:33:55
1614,203,VIEW,2025-06-07 11:16:39
1614,201,VIEW,2025-06-14 04:00:39
1614,205,VIEW,2025-06-17 13:37:16
1614,211,VIEW,2025-06-20 19:43:00
1614,184,VIEW,2025-07-02 16:00:00
1614,196,VIEW,2025-07-03 13:16:06
1614,185,VIEW,2025-07-12 05:25:00
1614,188,ADD_TO_CART,2025-07-12 21:33:28
1614,202,VIEW,2025-07-18 06:55:04
1614,202,VIEW,2025-07-19 18:16:27
1614,182,VIEW,2025-07-21 18:04:57
1614,212,SEARCH,2025-07-25 04:32:48
1614,182,SEARCH,2025-07-30 01:25:51
1614,207,SEARCH,2025-07-30 05:06:32
1614,213,VIEW,2025-08-02 06:22:01
1614,184,VIEW,2025-08-12 00:08:17
1614,187,SEARCH,2025-08-22 10:43:26
1614,184,VIEW,2025-08-25 02:53:17
1614,211,VIEW,2025-09-11 23:10:08
1614,208,SHARE,2025-09-14 06:51:59
1614,198,VIEW,2025-09-15 17:42:43
1614,213,VIEW,2025-09-19 02:24:50
1614,202,SEARCH,2025-09-27 22:24:17
1614,211,ADD_TO_CART,2025-10-10 06:57:16
1614,211,FAVORITE,2025-10-20 21:07:55
1614,215,VIEW,2025-10-21 12:40:12
1614,186,SEARCH,2025-10-31 11:23:13
1614,187,ADD_TO_CART,2025-11-03 10:01:23
1614,202,VIEW,2025-11-15 18:51:49
1614,193,ADD_TO_CART,2025-11-22 16:35:02
1614,184,SEARCH,2025-11-24 01:29:06
1614,180,VIEW,2025-11-24 09:50:34
1614,201,VIEW,2025-12-07 05:55:27
1614,202,SEARCH,2025-12-10 09:50:18
1614,184,SEARCH,2025-12-11 01:32:24
1614,201,VIEW,2025-12-16 22:45:34
1614,212,VIEW,2025-12-22 22:29:06
1614,202,VIEW,2025-12-28 00:06:31
1614,192,VIEW,2025-12-31 10:00:26
1614,200,VIEW,2026-01-06 22:32:58
1614,183,VIEW,2026-01-10 16:45:32
1614,215,ADD_TO_CART,2026-02-05 13:35:30
1614,183,VIEW,2026-02-16 08:13:00
1614,184,SEARCH,2026-03-02 03:55:12
1614,200,SEARCH,2026-03-08 09:33:53
1614,183,VIEW,2026-03-27 07:50:51
1614,196,VIEW,2026-04-12 22:16:16
1614,182,VIEW,2026-04-13 08:29:38
1614,212,VIEW,2026-04-25 08:07:33
1614,201,VIEW,2026-04-25 21:17:59
1614,211,VIEW,2026-04-28 17:53:00
1615,209,VIEW,2024-09-25 03:54:47
1615,216,VIEW,2024-09-27 19:25:48
1615,185,VIEW,2024-10-13 05:34:01
1615,209,SEARCH,2024-10-22 05:22:03
1615,207,VIEW,2024-10-30 17:45:59
1615,217,VIEW,2024-12-20 15:03:21
1615,211,SEARCH,2024-12-28 13:30:35
1615,206,VIEW,2024-12-29 22:32:48
1615,202,VIEW,2025-01-13 15:59:49
1615,202,VIEW,2025-01-18 07:41:06
1615,207,VIEW,2025-02-16 15:02:45
1615,187,VIEW,2025-02-28 18:03:59
1615,192,VIEW,2025-03-09 17:18:41
1615,192,SEARCH,2025-04-07 10:43:37
1615,212,VIEW,2025-04-18 09:25:39
1615,211,FAVORITE,2025-07-05 08:06:24
1615,196,VIEW,2025-07-21 00:06:11
1615,211,SEARCH,2025-08-05 05:15:56
1615,203,VIEW,2025-08-22 01:14:19
1615,212,FAVORITE,2025-08-30 09:38:03
1615,211,VIEW,2025-09-13 02:21:04
1615,212,VIEW,2025-09-14 15:40:17
1615,211,VIEW,2025-09-15 02:34:58
1615,212,VIEW,2025-10-23 02:10:50
1615,218,SEARCH,2025-10-25 06:17:27
1615,212,ADD_TO_CART,2025-10-26 11:35:53
1615,185,SEARCH,2025-11-08 00:48:42
1615,184,VIEW,2025-11-08 22:03:12
1615,211,VIEW,2025-11-19 01:51:45
1615,195,SEARCH,2026-01-10 06:15:08
1615,212,VIEW,2026-01-26 16:50:43
1615,202,VIEW,2026-02-13 20:44:24
1615,184,VIEW,2026-02-21 21:41:17
1615,212,VIEW,2026-04-10 16:33:02
1615,190,ADD_TO_CART,2026-05-01 10:46:00
1616,193,VIEW,2024-05-09 13:12:52
1616,197,SEARCH,2024-05-11 19:55:27
1616,210,VIEW,2024-07-06 23:02:53
1616,185,VIEW,2024-07-09 08:17:50
1616,209,SEARCH,2024-08-20 17:48:11
1616,204,VIEW,2024-09-05 09:50:00
1616,215,VIEW,2024-09-12 14:00:43
1616,216,VIEW,2024-09-15 21:09:56
1616,195,VIEW,2024-09-28 19:04:53
1616,193,SEARCH,2024-10-13 06:27:57
1616,217,VIEW,2024-10-27 13:08:01
1616,196,SEARCH,2024-11-05 23:59:02
1616,216,SEARCH,2024-11-22 14:23:10
1616,186,VIEW,2024-12-06 17:23:55
1616,189,VIEW,2024-12-14 00:17:05
1616,215,VIEW,2025-01-26 14:45:44
1616,189,VIEW,2025-02-01 18:36:46
1616,194,VIEW,2025-02-13 21:20:55
1616,195,ADD_TO_CART,2025-02-25 13:20:16
1616,195,VIEW,2025-03-15 16:21:02
1616,205,VIEW,2025-03-28 05:46:28
1616,215,VIEW,2025-04-04 07:27:20
1616,217,VIEW,2025-04-05 05:02:44
1616,217,VIEW,2025-04-21 03:57:07
1616,211,VIEW,2025-05-10 09:08:59
1616,216,SEARCH,2025-05-28 13:49:46
1616,196,FAVORITE,2025-06-04 22:24:24
1616,191,VIEW,2025-06-08 20:05:02
1616,217,VIEW,2025-06-19 13:52:20
1616,217,VIEW,2025-06-19 18:02:58
1616,215,VIEW,2025-06-25 07:35:43
1616,218,VIEW,2025-07-01 13:33:08
1616,217,VIEW,2025-07-15 09:23:29
1616,203,SEARCH,2025-07-24 15:41:46
1616,203,VIEW,2025-07-25 12:47:48
1616,215,SEARCH,2025-07-27 10:07:40
1616,215,SEARCH,2025-07-30 14:21:50
1616,196,SEARCH,2025-08-21 08:31:44
1616,196,SEARCH,2025-08-22 13:29:06
1616,188,VIEW,2025-09-05 13:16:02
1616,204,VIEW,2025-09-06 19:47:39
1616,217,VIEW,2025-09-15 11:08:50
1616,189,VIEW,2025-09-20 18:42:25
1616,217,SEARCH,2025-09-20 21:01:02
1616,189,VIEW,2025-10-13 07:31:27
1616,195,VIEW,2025-12-01 19:10:26
1616,195,VIEW,2025-12-19 05:22:26
1616,215,FAVORITE,2026-01-10 16:49:58
1616,194,VIEW,2026-01-11 08:44:54
1616,210,SEARCH,2026-01-29 09:25:00
1616,199,VIEW,2026-02-05 06:33:31
1616,215,SHARE,2026-02-15 02:02:41
1616,195,VIEW,2026-03-14 18:00:46
1616,208,VIEW,2026-03-16 11:00:37
1616,218,SEARCH,2026-04-14 04:09:03
1616,200,SEARCH,2026-04-15 00:08:15
1616,203,VIEW,2026-05-01 08:44:17
1616,203,ADD_TO_CART,2026-05-02 15:34:20
1616,211,VIEW,2026-05-18 16:55:05
1616,195,SEARCH,2026-05-19 14:15:34
1616,188,VIEW,2026-06-07 06:06:15
1616,195,ADD_TO_CART,2026-06-12 20:00:31
1616,195,ADD_TO_CART,2026-06-18 06:31:42
1616,198,VIEW,2026-07-04 16:25:00
1617,181,VIEW,2024-07-11 04:07:02
1617,209,VIEW,2024-07-18 03:01:52
1617,190,VIEW,2024-08-13 17:04:17
1617,196,VIEW,2024-09-19 06:06:01
1617,189,FAVORITE,2024-09-23 16:34:34
1617,195,VIEW,2024-09-30 11:04:01
1617,215,VIEW,2024-10-02 23:01:32
1617,179,VIEW,2024-10-17 23:12:15
1617,210,FAVORITE,2024-10-19 20:22:09
1617,190,VIEW,2024-10-30 06:15:53
1617,201,ADD_TO_CART,2024-10-31 07:41:54
1617,196,VIEW,2024-11-05 22:49:14
1617,195,SEARCH,2024-11-23 17:18:46
1617,209,SEARCH,2024-11-30 20:05:18
1617,202,VIEW,2024-12-06 23:02:17
1617,191,VIEW,2024-12-09 23:19:31
1617,189,VIEW,2025-01-23 12:12:13
1617,209,VIEW,2025-03-15 04:26:37
1617,217,VIEW,2025-03-20 19:33:19
1617,199,VIEW,2025-03-21 16:42:45
1617,189,VIEW,2025-03-30 12:22:31
1617,189,VIEW,2025-04-22 05:18:27
1617,183,SEARCH,2025-05-12 09:25:16
1617,218,VIEW,2025-05-22 14:15:16
1617,210,ADD_TO_CART,2025-06-03 11:19:07
1617,210,SEARCH,2025-06-14 15:13:17
1617,215,VIEW,2025-07-11 13:21:28
1617,191,VIEW,2025-07-22 00:30:50
1617,216,VIEW,2025-07-27 01:40:30
1617,189,SHARE,2025-08-01 04:49:07
1617,181,VIEW,2025-08-01 13:01:31
1617,209,ADD_TO_CART,2025-08-14 17:33:24
1617,189,VIEW,2025-08-29 10:17:10
1617,210,VIEW,2025-09-01 07:31:38
1617,192,SEARCH,2025-09-28 10:44:03
1617,189,VIEW,2025-10-13 16:11:54
1617,210,FAVORITE,2025-10-16 11:38:27
1617,196,VIEW,2025-11-18 05:57:34
1617,190,SEARCH,2025-11-22 01:10:26
1617,210,VIEW,2025-11-23 00:19:01
1617,192,VIEW,2025-12-03 09:15:46
1617,215,VIEW,2025-12-05 10:02:18
1617,190,VIEW,2025-12-13 22:39:22
1617,212,SHARE,2025-12-17 15:50:18
1617,187,VIEW,2026-01-08 11:14:47
1617,190,VIEW,2026-01-18 18:41:00
1617,209,VIEW,2026-01-19 04:05:22
1617,189,SEARCH,2026-01-22 16:00:00
1617,217,VIEW,2026-01-23 06:06:15
1617,205,VIEW,2026-01-29 17:33:03
1617,215,FAVORITE,2026-02-04 20:53:01
1617,204,VIEW,2026-03-08 08:51:16
1617,195,VIEW,2026-03-14 23:24:43
1617,210,SHARE,2026-03-20 16:20:41
1617,199,SHARE,2026-04-02 06:31:32
1617,196,SEARCH,2026-04-16 23:52:36
1617,189,VIEW,2026-04-21 23:02:05
1617,198,SEARCH,2026-04-26 09:21:23
1617,191,VIEW,2026-06-02 00:46:20
1617,192,FAVORITE,2026-06-02 17:28:28
1617,189,VIEW,2026-07-18 09:34:39
1617,209,ADD_TO_CART,2026-07-24 16:42:00
1618,204,VIEW,2025-02-14 03:53:09
1618,209,VIEW,2025-02-19 05:25:37
1618,200,VIEW,2025-02-23 23:27:10
1618,193,VIEW,2025-02-25 22:02:16
1618,197,VIEW,2025-02-28 11:22:30
1618,200,ADD_TO_CART,2025-03-13 18:20:29
1618,208,ADD_TO_CART,2025-03-15 12:54:26
1618,181,SHARE,2025-04-01 12:46:21
1618,184,SEARCH,2025-04-09 00:33:04
1618,180,VIEW,2025-04-11 09:52:34
1618,183,VIEW,2025-05-18 07:22:54
1618,202,SEARCH,2025-05-31 16:52:39
1618,213,ADD_TO_CART,2025-06-06 16:20:02
1618,200,VIEW,2025-06-30 05:56:58
1618,210,VIEW,2025-07-09 22:55:56
1618,182,VIEW,2025-07-17 00:45:20
1618,186,SEARCH,2025-07-18 07:26:40
1618,183,VIEW,2025-08-01 14:59:33
1618,194,FAVORITE,2025-08-03 02:09:25
1618,200,SHARE,2025-08-07 01:05:19
1618,209,VIEW,2025-08-18 18:14:57
1618,182,VIEW,2025-08-20 19:44:00
1618,201,VIEW,2025-08-25 11:46:05
1618,198,VIEW,2025-08-25 12:56:24
1618,193,ADD_TO_CART,2025-09-06 16:32:52
1618,182,VIEW,2025-09-23 11:17:37
1618,202,VIEW,2025-09-23 22:01:10
1618,201,ADD_TO_CART,2025-09-24 14:55:32
1618,218,VIEW,2025-10-08 13:46:13
1618,202,VIEW,2025-10-09 12:00:22
1618,214,FAVORITE,2025-10-20 20:23:05
1618,194,VIEW,2025-11-07 23:13:14
1618,200,VIEW,2025-11-16 02:08:29
1618,191,SHARE,2025-12-01 08:33:50
1618,202,SEARCH,2025-12-01 22:41:51
1618,200,VIEW,2025-12-07 19:10:11
1618,186,VIEW,2025-12-11 18:30:27
1618,201,SEARCH,2025-12-19 02:14:04
1618,193,VIEW,2025-12-24 22:06:54
1618,193,VIEW,2025-12-24 22:43:59
1618,192,VIEW,2026-01-17 20:09:00
1618,200,VIEW,2026-02-06 10:19:38
1618,202,ADD_TO_CART,2026-02-19 18:46:58
1618,193,SEARCH,2026-03-05 18:18:32
1618,183,SEARCH,2026-03-10 01:14:34
1618,201,SEARCH,2026-03-19 15:09:46
1618,211,ADD_TO_CART,2026-03-20 16:38:16
1618,186,ADD_TO_CART,2026-03-22 00:34:13
1618,207,VIEW,2026-04-09 16:03:47
1618,193,VIEW,2026-04-14 22:20:53
1618,206,VIEW,2026-04-16 20:29:23
1618,199,VIEW,2026-04-25 04:10:34
1618,184,SEARCH,2026-04-28 10:20:04
1618,194,VIEW,2026-04-29 15:38:56
1618,209,VIEW,2026-05-02 14:42:13
1618,182,FAVORITE,2026-05-08 09:36:43
1618,210,SEARCH,2026-05-20 02:18:40
1618,195,VIEW,2026-05-23 05:16:04
1618,218,VIEW,2026-06-04 07:41:15
1618,184,VIEW,2026-06-13 11:30:48
1618,202,SEARCH,2026-07-03 21:43:45
1618,183,SEARCH,2026-07-12 20:52:48
1618,218,VIEW,2026-07-16 15:15:00
1619,207,VIEW,2024-12-05 03:27:44
1619,217,VIEW,2024-12-09 14:42:30
1619,204,SEARCH,2024-12-14 10:10:37
1619,182,SHARE,2025-02-02 14:06:51
1619,208,SHARE,2025-02-02 19:07:24
1619,189,VIEW,2025-03-08 22:44:20
1619,196,SEARCH,2025-03-17 04:59:04
1619,193,SEARCH,2025-04-06 13:26:11
1619,216,SEARCH,2025-05-05 15:35:45
1619,216,VIEW,2025-05-08 07:23:43
1619,203,ADD_TO_CART,2025-05-09 07:57:01
1619,217,FAVORITE,2025-05-11 03:37:17
1619,205,VIEW,2025-06-03 11:10:24
1619,194,SEARCH,2025-06-07 17:48:27
1619,195,VIEW,2025-06-28 22:30:53
1619,214,VIEW,2025-07-11 17:38:21
1619,216,VIEW,2025-07-11 23:45:23
1619,193,VIEW,2025-07-14 12:46:47
1619,215,VIEW,2025-07-16 20:53:34
1619,213,SEARCH,2025-08-07 09:39:12
1619,194,VIEW,2025-08-14 05:50:48
1619,216,VIEW,2025-08-31 22:11:03
1619,217,VIEW,2025-09-01 03:49:00
1619,216,SEARCH,2025-09-02 21:24:46
1619,193,SEARCH,2025-09-03 10:49:04
1619,217,SEARCH,2025-09-08 18:20:36
1619,199,FAVORITE,2025-09-24 05:57:48
1619,196,VIEW,2025-09-26 20:29:39
1619,217,VIEW,2025-09-27 16:13:48
1619,195,FAVORITE,2025-10-10 22:31:27
1619,194,VIEW,2025-10-12 09:34:21
1619,184,VIEW,2025-10-25 14:53:46
1619,214,SEARCH,2025-10-25 23:09:51
1619,216,VIEW,2025-10-27 18:00:36
1619,194,SEARCH,2025-10-29 21:56:52
1619,187,VIEW,2025-11-15 02:48:33
1619,206,SEARCH,2025-11-17 02:39:18
1619,195,VIEW,2025-11-20 02:46:53
1619,195,VIEW,2025-12-02 23:49:32
1619,217,VIEW,2025-12-03 00:00:15
1619,215,VIEW,2025-12-22 09:10:39
1619,211,SEARCH,2026-01-02 18:52:02
1619,195,VIEW,2026-01-03 21:28:45
1619,218,SEARCH,2026-01-24 15:31:34
1619,213,SEARCH,2026-03-10 15:15:36
1619,195,SEARCH,2026-03-18 11:15:36
1619,202,SEARCH,2026-03-28 06:31:20
1619,207,SEARCH,2026-03-30 12:45:34
1619,195,VIEW,2026-04-18 04:20:21
1619,205,SEARCH,2026-04-19 05:31:52
1619,195,VIEW,2026-04-21 13:33:31
1619,215,VIEW,2026-04-23 12:19:46
1619,195,VIEW,2026-05-08 09:25:31
1619,212,VIEW,2026-05-25 10:40:59
1619,196,VIEW,2026-05-30 22:28:40
1619,203,VIEW,2026-06-06 02:26:00
1619,181,VIEW,2026-06-16 18:29:56
1619,203,SEARCH,2026-06-27 11:19:00
1620,182,VIEW,2026-01-04 06:20:12
1620,182,VIEW,2026-01-16 23:13:51
1620,195,VIEW,2026-01-18 14:21:53
1620,201,FAVORITE,2026-01-24 03:44:07
1620,201,VIEW,2026-02-01 12:59:48
1620,186,FAVORITE,2026-02-06 11:16:07
1620,202,SEARCH,2026-02-09 16:12:34
1620,201,SEARCH,2026-02-13 00:10:58
1620,182,SEARCH,2026-02-14 10:25:41
1620,183,VIEW,2026-02-20 15:03:13
1620,208,VIEW,2026-02-26 08:27:58
1620,209,VIEW,2026-02-26 21:56:26
1620,215,SEARCH,2026-03-03 03:25:10
1620,209,VIEW,2026-03-05 11:39:33
1620,184,SEARCH,2026-03-12 15:09:20
1620,182,VIEW,2026-03-17 00:01:57
1620,212,ADD_TO_CART,2026-03-29 00:09:08
1620,200,VIEW,2026-04-01 04:57:36
1620,190,VIEW,2026-04-01 23:34:08
1620,182,VIEW,2026-04-20 03:57:24
1620,189,VIEW,2026-05-05 05:06:08
1620,200,VIEW,2026-05-15 06:59:56
1620,186,VIEW,2026-05-20 04:37:19
1620,210,VIEW,2026-05-24 07:24:48
1620,209,VIEW,2026-06-11 14:46:26
1620,206,VIEW,2026-06-16 12:59:00
1621,183,FAVORITE,2025-01-14 20:48:49
1621,183,SEARCH,2025-03-03 05:38:17
1621,179,SEARCH,2025-03-14 16:26:57
1621,197,VIEW,2025-04-04 08:17:31
1621,201,SHARE,2025-04-12 10:51:57
1621,183,ADD_TO_CART,2025-04-13 19:36:10
1621,182,VIEW,2025-05-16 04:13:12
1621,201,ADD_TO_CART,2025-05-16 18:22:46
1621,179,VIEW,2025-05-17 16:04:24
1621,211,VIEW,2025-06-03 11:10:53
1621,202,SEARCH,2025-06-09 07:56:23
1621,198,VIEW,2025-06-09 14:51:16
1621,183,VIEW,2025-06-12 08:04:11
1621,207,VIEW,2025-06-14 20:59:21
1621,183,SEARCH,2025-06-29 23:48:21
1621,183,VIEW,2025-07-03 02:13:19
1621,209,VIEW,2025-07-07 00:30:03
1621,184,VIEW,2025-07-07 02:51:38
1621,187,VIEW,2025-07-18 07:48:14
1621,201,VIEW,2025-07-30 09:04:26
1621,183,VIEW,2025-08-03 15:28:34
1621,179,FAVORITE,2025-08-04 15:00:39
1621,180,VIEW,2025-08-11 20:32:24
1621,201,VIEW,2025-08-19 11:17:06
1621,182,VIEW,2025-08-23 17:31:25
1621,213,VIEW,2025-09-02 22:10:11
1621,181,VIEW,2025-09-03 09:45:19
1621,183,VIEW,2025-09-04 09:24:13
1621,184,VIEW,2025-09-13 14:48:08
1621,195,ADD_TO_CART,2025-09-16 00:02:24
1621,201,SEARCH,2025-09-17 00:52:44
1621,200,VIEW,2025-09-21 05:21:24
1621,209,VIEW,2025-09-29 05:03:53
1621,180,VIEW,2025-10-09 12:32:18
1621,214,VIEW,2025-11-01 18:28:30
1621,192,VIEW,2025-11-05 05:46:06
1621,200,VIEW,2025-11-09 15:04:48
1621,199,VIEW,2025-11-10 18:59:41
1621,198,VIEW,2025-11-14 00:33:00
1621,179,VIEW,2025-11-16 09:43:23
1621,207,VIEW,2025-11-23 14:35:44
1621,200,VIEW,2025-11-23 19:44:30
1621,184,VIEW,2025-11-25 04:36:05
1621,184,VIEW,2025-11-25 15:32:48
1621,199,VIEW,2025-11-26 20:04:34
1621,180,SEARCH,2025-12-11 05:49:39
1621,208,ADD_TO_CART,2025-12-13 05:56:46
1621,202,SEARCH,2025-12-28 18:42:59
1621,216,VIEW,2026-01-04 06:12:53
1621,194,VIEW,2026-01-15 13:43:03
1621,201,VIEW,2026-01-22 17:32:19
1621,182,SEARCH,2026-03-02 07:38:55
1621,182,VIEW,2026-03-03 10:41:07
1621,201,SHARE,2026-03-07 16:08:19
1621,202,FAVORITE,2026-03-18 03:28:55
1621,194,VIEW,2026-03-20 05:20:51
1621,202,VIEW,2026-04-15 02:11:05
1621,187,VIEW,2026-04-15 16:09:00
1622,210,SEARCH,2025-05-15 21:29:48
1622,190,VIEW,2025-06-04 20:18:18
1622,191,ADD_TO_CART,2025-06-30 09:05:46
1622,190,VIEW,2025-07-10 02:02:12
1622,186,VIEW,2025-09-03 04:29:22
1622,199,VIEW,2025-09-15 04:16:54
1622,209,VIEW,2025-09-22 22:17:12
1622,189,VIEW,2025-09-26 01:39:45
1622,198,VIEW,2025-10-18 08:04:04
1622,209,VIEW,2025-10-18 17:37:44
1622,190,VIEW,2025-10-24 15:11:03
1622,209,VIEW,2025-11-07 18:24:17
1622,186,VIEW,2025-11-20 11:15:40
1622,209,VIEW,2025-11-23 11:20:36
1622,183,VIEW,2025-12-10 17:48:39
1622,197,FAVORITE,2025-12-24 15:32:43
1622,209,SEARCH,2026-01-06 19:00:20
1622,209,SEARCH,2026-01-21 13:03:29
1622,210,FAVORITE,2026-02-06 20:40:46
1622,181,SEARCH,2026-02-11 12:44:14
1622,210,SEARCH,2026-02-12 06:25:56
1622,209,SEARCH,2026-02-14 00:55:21
1622,199,VIEW,2026-03-12 16:14:59
1622,181,FAVORITE,2026-03-14 16:12:20
1622,206,VIEW,2026-03-28 18:39:05
1622,189,VIEW,2026-03-31 16:49:28
1622,209,SEARCH,2026-04-03 23:53:26
1622,207,VIEW,2026-04-25 10:00:26
1622,202,VIEW,2026-05-11 02:02:18
1622,209,VIEW,2026-06-02 09:03:05
1622,197,VIEW,2026-06-08 01:50:50
1622,201,SEARCH,2026-06-09 04:34:19
1622,190,VIEW,2026-06-12 11:44:28
1622,217,VIEW,2026-06-13 14:08:12
1622,209,VIEW,2026-06-14 17:10:31
1622,191,VIEW,2026-06-15 16:12:18
1622,210,VIEW,2026-06-18 05:06:35
1622,192,VIEW,2026-06-18 19:11:39
1622,209,VIEW,2026-06-24 11:59:01
1622,199,ADD_TO_CART,2026-07-07 22:53:54
1622,190,SHARE,2026-07-09 06:59:46
1622,199,VIEW,2026-07-20 15:27:00
1623,194,SEARCH,2026-05-11 15:26:33
1623,213,VIEW,2026-05-12 22:45:24
1623,193,VIEW,2026-05-13 04:34:44
1623,203,VIEW,2026-05-19 01:24:09
1623,180,SEARCH,2026-05-19 04:53:20
1623,214,VIEW,2026-05-22 12:34:33
1623,197,VIEW,2026-05-22 15:35:44
1623,193,VIEW,2026-05-23 02:15:40
1623,198,VIEW,2026-05-23 18:47:27
1623,192,VIEW,2026-05-23 23:42:01
1623,189,VIEW,2026-05-24 19:35:10
1623,204,VIEW,2026-05-25 06:20:56
1623,180,VIEW,2026-05-26 06:05:19
1623,214,ADD_TO_CART,2026-05-26 07:26:40
1623,194,VIEW,2026-05-26 12:09:42
1623,193,ADD_TO_CART,2026-05-27 01:39:52
1623,193,VIEW,2026-05-28 08:42:56
1623,203,SEARCH,2026-05-31 12:18:36
1623,193,ADD_TO_CART,2026-06-01 03:23:25
1623,199,VIEW,2026-06-03 15:59:27
1623,179,VIEW,2026-06-04 20:30:41
1623,210,VIEW,2026-06-04 21:24:49
1623,213,VIEW,2026-06-08 00:58:26
1623,193,VIEW,2026-06-09 16:41:05
1623,213,VIEW,2026-06-11 11:16:14
1623,200,VIEW,2026-06-12 07:11:26
1623,193,FAVORITE,2026-06-16 15:02:15
1623,193,ADD_TO_CART,2026-06-16 18:50:31
1623,194,VIEW,2026-06-16 22:42:44
1623,193,ADD_TO_CART,2026-06-19 12:48:14
1623,181,VIEW,2026-06-20 06:27:53
1623,213,VIEW,2026-06-23 04:21:32
1623,194,SEARCH,2026-06-23 13:01:57
1623,179,VIEW,2026-06-23 15:48:04
1623,199,SEARCH,2026-06-23 16:49:38
1623,193,VIEW,2026-06-24 16:55:00
1624,218,VIEW,2025-02-24 14:27:47
1624,201,VIEW,2025-02-26 05:15:23
1624,217,VIEW,2025-02-26 21:29:02
1624,203,VIEW,2025-03-04 16:29:06
1624,212,VIEW,2025-03-07 00:50:03
1624,218,VIEW,2025-03-21 01:05:05
1624,189,SEARCH,2025-03-23 10:53:24
1624,218,SEARCH,2025-03-28 04:36:42
1624,198,VIEW,2025-04-03 14:30:42
1624,218,ADD_TO_CART,2025-04-15 12:24:26
1624,199,VIEW,2025-04-25 12:33:41
1624,218,ADD_TO_CART,2025-04-29 10:52:15
1624,201,VIEW,2025-05-05 15:21:03
1624,188,VIEW,2025-05-18 03:40:49
1624,186,FAVORITE,2025-05-18 22:01:22
1624,185,VIEW,2025-05-22 14:13:06
1624,186,VIEW,2025-05-31 16:20:31
1624,186,VIEW,2025-06-05 11:39:27
1624,218,FAVORITE,2025-06-10 18:06:57
1624,188,SEARCH,2025-06-11 08:18:25
1624,182,VIEW,2025-06-21 23:24:41
1624,202,VIEW,2025-07-10 01:23:35
1624,210,VIEW,2025-07-27 12:12:11
1624,188,FAVORITE,2025-07-27 18:50:20
1624,200,SHARE,2025-08-03 13:29:14
1624,195,FAVORITE,2025-08-07 01:02:27
1624,187,FAVORITE,2025-08-12 21:25:46
1624,195,VIEW,2025-08-15 12:47:47
1624,197,VIEW,2025-08-16 09:48:51
1624,181,VIEW,2025-09-06 21:32:33
1624,218,VIEW,2025-09-13 11:06:01
1624,189,VIEW,2025-10-07 23:30:09
1624,205,VIEW,2025-10-09 02:27:27
1624,218,ADD_TO_CART,2025-10-16 19:31:26
1624,210,VIEW,2025-10-23 23:47:22
1624,184,VIEW,2025-10-30 19:49:23
1624,194,VIEW,2025-11-02 06:15:52
1624,209,VIEW,2025-11-11 22:59:59
1624,183,VIEW,2025-11-17 19:52:41
1624,193,VIEW,2025-11-25 21:49:13
1624,209,FAVORITE,2025-11-28 18:19:50
1624,187,VIEW,2025-12-07 05:10:31
1624,218,VIEW,2025-12-24 10:50:30
1624,196,VIEW,2025-12-27 07:17:14
1624,218,VIEW,2026-01-03 13:14:33
1624,218,VIEW,2026-01-03 16:24:44
1624,200,ADD_TO_CART,2026-01-17 10:39:02
1624,216,VIEW,2026-01-27 16:41:20
1624,185,VIEW,2026-02-04 08:55:11
1624,195,ADD_TO_CART,2026-02-08 06:40:29
1624,204,VIEW,2026-02-11 18:47:31
1624,180,VIEW,2026-02-15 06:15:50
1624,210,SHARE,2026-02-22 09:36:18
1624,208,VIEW,2026-02-27 10:10:12
1624,218,SEARCH,2026-03-03 07:02:53
1624,195,ADD_TO_CART,2026-03-10 16:01:37
1624,186,VIEW,2026-03-13 13:16:53
1624,185,VIEW,2026-03-17 15:09:29
1624,189,ADD_TO_CART,2026-03-21 16:16:38
1624,197,SEARCH,2026-04-27 01:21:22
1624,194,VIEW,2026-05-05 18:45:55
1624,218,SHARE,2026-05-17 16:18:22
1624,193,VIEW,2026-05-19 05:30:11
1624,199,VIEW,2026-05-23 16:47:41
1624,196,SEARCH,2026-06-04 10:02:32
1624,189,SHARE,2026-06-05 04:33:26
1624,201,FAVORITE,2026-06-05 08:47:39
1624,181,VIEW,2026-06-06 13:48:53
1624,218,VIEW,2026-06-24 18:39:00
1625,194,VIEW,2024-07-22 18:04:37
1625,205,FAVORITE,2024-08-02 19:50:39
1625,217,SEARCH,2024-08-08 12:03:52
1625,190,VIEW,2024-08-28 22:17:53
1625,192,VIEW,2024-09-03 22:33:56
1625,184,VIEW,2024-10-02 19:52:10
1625,192,SHARE,2024-10-11 00:57:03
1625,196,SEARCH,2024-10-22 12:32:13
1625,202,VIEW,2024-11-02 17:57:54
1625,211,VIEW,2024-11-13 18:45:14
1625,208,VIEW,2024-11-30 03:28:04
1625,187,VIEW,2024-12-01 14:41:56
1625,210,SEARCH,2024-12-31 05:31:57
1625,211,SEARCH,2025-01-06 13:37:28
1625,207,ADD_TO_CART,2025-01-06 17:45:44
1625,192,VIEW,2025-01-11 22:52:05
1625,199,ADD_TO_CART,2025-02-01 13:49:24
1625,202,ADD_TO_CART,2025-02-07 02:58:45
1625,212,ADD_TO_CART,2025-02-20 21:02:31
1625,211,VIEW,2025-02-27 16:15:53
1625,193,VIEW,2025-03-09 13:19:16
1625,199,VIEW,2025-03-13 02:33:42
1625,210,VIEW,2025-03-15 10:05:29
1625,213,ADD_TO_CART,2025-03-29 15:13:17
1625,206,VIEW,2025-03-30 08:54:57
1625,203,FAVORITE,2025-04-12 02:11:33
1625,207,VIEW,2025-05-09 12:43:23
1625,193,SEARCH,2025-05-18 03:16:18
1625,201,VIEW,2025-05-18 14:32:13
1625,185,VIEW,2025-05-18 18:50:17
1625,192,ADD_TO_CART,2025-05-21 22:20:05
1625,212,VIEW,2025-05-25 15:39:50
1625,194,SEARCH,2025-06-05 15:54:28
1625,194,VIEW,2025-06-06 21:44:28
1625,218,ADD_TO_CART,2025-06-12 13:33:28
1625,212,VIEW,2025-06-25 10:27:00
1625,211,VIEW,2025-07-03 09:00:46
1625,212,VIEW,2025-07-09 03:06:23
1625,212,VIEW,2025-07-21 13:17:08
1625,213,ADD_TO_CART,2025-08-16 17:37:27
1625,212,SEARCH,2025-08-31 02:15:02
1625,180,VIEW,2025-09-06 14:38:19
1625,189,VIEW,2025-09-07 13:52:26
1625,215,SEARCH,2025-09-10 14:22:12
1625,202,VIEW,2025-09-22 11:59:38
1625,211,ADD_TO_CART,2025-09-30 03:48:56
1625,217,VIEW,2025-10-06 00:57:44
1625,212,ADD_TO_CART,2025-10-10 17:18:12
1625,201,SEARCH,2025-10-11 12:06:26
1625,184,VIEW,2025-10-11 16:02:04
1625,212,VIEW,2025-10-16 17:50:34
1625,180,VIEW,2025-11-04 07:44:11
1625,212,VIEW,2025-11-05 23:33:08
1625,198,VIEW,2025-11-21 11:37:53
1625,186,ADD_TO_CART,2025-11-29 12:40:05
1625,194,VIEW,2025-12-19 23:58:14
1625,194,VIEW,2025-12-20 07:35:54
1625,194,VIEW,2026-01-23 06:43:49
1625,209,VIEW,2026-01-25 21:22:33
1625,192,SEARCH,2026-02-11 06:57:34
1625,193,VIEW,2026-02-12 10:47:14
1625,206,VIEW,2026-02-22 02:47:42
1625,186,VIEW,2026-02-26 12:49:10
1625,196,VIEW,2026-03-04 07:46:30
1625,205,VIEW,2026-03-18 00:02:51
1625,202,SEARCH,2026-03-19 14:11:16
1625,211,VIEW,2026-04-28 09:39:24
1625,209,VIEW,2026-04-30 15:48:04
1625,211,VIEW,2026-05-10 14:58:22
1625,213,SEARCH,2026-06-07 18:52:00
1626,203,SEARCH,2024-12-01 11:08:15
1626,203,SEARCH,2025-02-02 04:13:49
1626,197,VIEW,2025-02-10 10:01:09
1626,192,VIEW,2025-02-16 03:24:36
1626,189,VIEW,2025-02-25 11:55:44
1626,184,SEARCH,2025-03-03 10:50:17
1626,212,SEARCH,2025-04-27 13:16:09
1626,192,VIEW,2025-05-26 19:21:51
1626,210,VIEW,2025-06-28 03:41:52
1626,206,VIEW,2025-07-16 18:36:36
1626,218,VIEW,2025-08-01 07:17:02
1626,218,SEARCH,2025-09-12 15:02:56
1626,211,ADD_TO_CART,2025-10-04 13:00:27
1626,207,VIEW,2025-10-17 01:39:17
1626,212,VIEW,2026-02-17 15:38:00
1627,194,VIEW,2025-04-04 21:33:51
1627,207,VIEW,2025-04-07 19:26:43
1627,191,ADD_TO_CART,2025-04-15 21:53:04
1627,218,FAVORITE,2025-04-19 21:54:03
1627,208,VIEW,2025-04-21 23:19:59
1627,213,VIEW,2025-05-03 14:01:46
1627,193,SEARCH,2025-05-08 12:48:46
1627,184,SEARCH,2025-05-08 22:31:37
1627,179,VIEW,2025-05-10 22:16:29
1627,198,VIEW,2025-05-14 05:02:08
1627,207,VIEW,2025-05-19 00:08:07
1627,198,VIEW,2025-05-28 04:16:50
1627,213,VIEW,2025-05-30 15:04:40
1627,184,VIEW,2025-06-17 02:20:19
1627,207,FAVORITE,2025-06-17 22:44:23
1627,193,VIEW,2025-07-08 18:21:51
1627,207,VIEW,2025-07-15 06:42:56
1627,207,VIEW,2025-07-17 17:41:43
1627,213,SEARCH,2025-08-04 04:42:09
1627,206,VIEW,2025-08-09 20:40:20
1627,207,VIEW,2025-08-14 14:34:16
1627,207,VIEW,2025-09-26 03:37:22
1627,214,VIEW,2025-10-06 13:07:23
1627,210,VIEW,2025-10-17 05:23:32
1627,207,VIEW,2025-10-17 14:42:11
1627,183,ADD_TO_CART,2025-10-21 12:56:33
1627,208,VIEW,2025-10-23 18:22:23
1627,206,VIEW,2025-10-29 19:31:12
1627,207,VIEW,2025-11-05 16:41:45
1627,192,VIEW,2025-11-06 15:09:41
1627,196,VIEW,2025-11-08 03:28:05
1627,181,VIEW,2025-11-14 02:15:35
1627,213,VIEW,2025-11-14 06:26:36
1627,206,VIEW,2025-11-15 09:51:57
1627,204,SHARE,2025-11-15 18:52:12
1627,193,SEARCH,2025-11-26 03:16:21
1627,206,VIEW,2025-11-28 05:22:57
1627,191,VIEW,2025-11-30 13:23:03
1627,207,ADD_TO_CART,2025-12-02 00:28:09
1627,207,VIEW,2025-12-26 01:46:40
1627,209,ADD_TO_CART,2025-12-26 23:47:25
1627,181,VIEW,2025-12-31 02:16:09
1627,211,VIEW,2026-01-09 09:23:22
1627,213,SEARCH,2026-01-09 12:18:26
1627,192,VIEW,2026-01-11 19:21:44
1627,206,VIEW,2026-01-15 00:59:50
1627,207,VIEW,2026-01-19 09:04:43
1627,207,VIEW,2026-01-26 18:44:18
1627,207,VIEW,2026-02-07 17:22:11
1627,196,ADD_TO_CART,2026-02-22 01:07:26
1627,191,FAVORITE,2026-02-27 00:15:31
1627,206,VIEW,2026-03-22 00:48:13
1627,209,VIEW,2026-03-29 05:28:09
1627,206,VIEW,2026-04-28 20:37:11
1627,207,VIEW,2026-05-02 01:05:13
1627,206,VIEW,2026-05-26 12:52:25
1627,214,ADD_TO_CART,2026-05-27 20:43:17
1627,206,SHARE,2026-05-31 23:02:14
1627,208,SEARCH,2026-06-02 12:04:26
1627,214,SEARCH,2026-06-16 07:32:47
1627,208,VIEW,2026-06-17 01:35:33
1627,217,SEARCH,2026-06-24 11:59:00
1628,196,ADD_TO_CART,2024-11-24 16:55:21
1628,194,SEARCH,2024-11-28 08:21:58
1628,196,VIEW,2024-12-09 07:04:56
1628,209,VIEW,2024-12-17 03:14:12
1628,184,VIEW,2024-12-30 07:58:03
1628,212,VIEW,2025-01-16 11:00:35
1628,209,VIEW,2025-01-31 02:14:42
1628,190,VIEW,2025-02-06 17:46:50
1628,186,VIEW,2025-02-18 04:12:48
1628,197,VIEW,2025-02-20 18:12:09
1628,184,VIEW,2025-02-23 18:21:48
1628,189,ADD_TO_CART,2025-02-24 15:29:31
1628,217,VIEW,2025-03-01 05:12:30
1628,209,VIEW,2025-03-25 13:02:07
1628,201,SHARE,2025-03-26 17:44:43
1628,183,VIEW,2025-03-30 11:36:14
1628,209,VIEW,2025-04-20 17:12:23
1628,189,VIEW,2025-04-20 18:15:22
1628,184,SEARCH,2025-04-21 00:31:02
1628,210,SEARCH,2025-05-02 03:19:18
1628,201,VIEW,2025-05-19 23:16:16
1628,189,SEARCH,2025-05-30 13:56:33
1628,181,VIEW,2025-06-06 19:45:20
1628,184,VIEW,2025-06-09 07:38:49
1628,217,VIEW,2025-06-15 05:16:13
1628,210,VIEW,2025-06-16 02:00:04
1628,209,VIEW,2025-06-18 08:53:16
1628,202,VIEW,2025-06-21 02:27:39
1628,214,SEARCH,2025-06-30 18:29:15
1628,210,VIEW,2025-07-24 20:39:04
1628,210,VIEW,2025-07-27 07:59:57
1628,180,VIEW,2025-08-01 05:25:31
1628,210,VIEW,2025-08-12 11:56:55
1628,218,VIEW,2025-08-16 10:27:26
1628,217,SEARCH,2025-08-22 00:45:06
1628,190,VIEW,2025-08-25 19:22:39
1628,181,VIEW,2025-09-10 12:01:03
1628,202,VIEW,2025-09-30 10:25:28
1628,190,VIEW,2025-10-15 10:07:13
1628,210,VIEW,2025-10-21 17:53:51
1628,189,SHARE,2025-10-23 16:21:47
1628,190,FAVORITE,2025-10-23 20:24:34
1628,210,SEARCH,2025-10-23 23:53:37
1628,190,VIEW,2025-11-05 00:55:04
1628,184,ADD_TO_CART,2025-11-08 14:58:11
1628,209,VIEW,2025-11-10 01:01:09
1628,210,FAVORITE,2025-11-15 00:32:08
1628,193,VIEW,2025-11-24 23:29:36
1628,209,SHARE,2025-12-06 21:14:25
1628,209,VIEW,2025-12-08 01:29:40
1628,189,VIEW,2025-12-18 23:04:11
1628,210,VIEW,2025-12-19 05:18:56
1628,210,ADD_TO_CART,2026-01-11 13:05:19
1628,209,VIEW,2026-01-12 18:03:15
1628,212,VIEW,2026-01-13 23:03:57
1628,196,VIEW,2026-01-20 07:50:25
1628,191,VIEW,2026-01-21 10:23:29
1628,184,VIEW,2026-01-29 18:53:21
1628,210,VIEW,2026-02-05 19:11:44
1628,190,VIEW,2026-02-08 03:35:38
1628,213,VIEW,2026-02-11 22:55:25
1628,209,VIEW,2026-02-17 03:48:17
1628,183,SEARCH,2026-02-25 18:32:54
1628,202,VIEW,2026-03-27 21:12:55
1628,191,VIEW,2026-04-12 14:45:44
1628,210,VIEW,2026-05-03 14:06:07
1628,209,VIEW,2026-05-12 06:09:09
1628,191,VIEW,2026-05-27 11:48:29
1628,210,VIEW,2026-05-29 03:03:21
1628,202,VIEW,2026-06-08 06:25:04
1628,204,FAVORITE,2026-06-09 05:39:15
1628,209,ADD_TO_CART,2026-06-14 14:58:03
1628,209,VIEW,2026-06-22 09:48:00
1629,211,VIEW,2026-03-14 16:26:36
1629,217,ADD_TO_CART,2026-03-17 15:32:38
1629,187,VIEW,2026-03-20 05:23:14
1629,194,VIEW,2026-03-28 09:59:58
1629,195,VIEW,2026-04-01 07:22:41
1629,183,FAVORITE,2026-04-03 06:49:32
1629,182,ADD_TO_CART,2026-04-03 10:12:59
1629,199,VIEW,2026-04-03 23:14:58
1629,182,VIEW,2026-04-09 10:01:35
1629,213,VIEW,2026-04-09 11:41:31
1629,183,SEARCH,2026-04-09 11:42:42
1629,217,VIEW,2026-04-10 22:08:20
1629,195,VIEW,2026-04-13 12:59:22
1629,184,VIEW,2026-04-16 22:17:57
1629,183,VIEW,2026-04-17 20:56:09
1629,200,SEARCH,2026-04-22 03:44:38
1629,193,VIEW,2026-04-22 11:20:27
1629,200,VIEW,2026-04-23 15:15:59
1629,181,VIEW,2026-04-24 18:29:54
1629,186,ADD_TO_CART,2026-04-26 13:51:46
1629,195,VIEW,2026-04-28 04:24:36
1629,182,SEARCH,2026-04-30 12:48:28
1629,195,VIEW,2026-05-01 03:01:07
1629,181,VIEW,2026-05-01 20:25:51
1629,194,VIEW,2026-05-05 01:56:04
1629,181,ADD_TO_CART,2026-05-05 10:39:51
1629,201,SEARCH,2026-05-07 05:30:47
1629,202,SEARCH,2026-05-11 00:20:01
1629,194,SEARCH,2026-05-12 11:44:04
1629,205,SEARCH,2026-05-12 15:17:45
1629,200,VIEW,2026-05-13 09:52:36
1629,187,ADD_TO_CART,2026-05-15 03:52:02
1629,194,SEARCH,2026-05-18 16:04:56
1629,182,VIEW,2026-05-27 14:25:07
1629,202,SEARCH,2026-05-29 00:04:40
1629,184,SEARCH,2026-06-05 02:21:10
1629,183,SEARCH,2026-06-07 12:15:04
1629,198,SEARCH,2026-06-07 16:26:07
1629,211,VIEW,2026-06-10 19:02:24
1629,203,VIEW,2026-06-13 22:08:53
1629,184,VIEW,2026-06-14 12:07:16
1629,213,FAVORITE,2026-06-14 18:10:36
1629,184,VIEW,2026-06-14 21:31:39
1629,184,VIEW,2026-06-17 10:40:44
1629,183,SHARE,2026-06-19 05:09:35
1629,208,VIEW,2026-06-20 10:10:00
1629,193,SEARCH,2026-06-23 16:24:00
1630,214,VIEW,2024-07-01 06:10:49
1630,185,VIEW,2024-07-07 11:21:25
1630,197,VIEW,2024-07-31 09:06:21
1630,194,VIEW,2024-08-09 04:34:09
1630,194,VIEW,2024-09-04 12:10:02
1630,187,VIEW,2024-09-05 11:21:55
1630,212,VIEW,2024-09-07 15:26:50
1630,204,ADD_TO_CART,2024-09-15 07:38:29
1630,203,VIEW,2024-09-20 23:01:45
1630,208,VIEW,2024-09-21 11:58:41
1630,186,VIEW,2024-10-01 19:52:12
1630,194,FAVORITE,2024-10-19 16:34:38
1630,186,VIEW,2024-10-30 20:51:02
1630,185,VIEW,2024-11-10 14:43:10
1630,187,SEARCH,2024-11-15 07:18:22
1630,194,VIEW,2024-11-16 21:52:00
1630,179,VIEW,2024-11-23 08:23:02
1630,185,VIEW,2024-12-15 18:37:28
1630,192,VIEW,2024-12-16 20:18:21
1630,200,SEARCH,2025-01-01 14:24:44
1630,186,SEARCH,2025-01-15 08:53:56
1630,203,VIEW,2025-01-23 20:17:09
1630,193,SEARCH,2025-02-01 12:10:28
1630,183,VIEW,2025-02-08 21:04:12
1630,186,VIEW,2025-02-27 01:20:13
1630,188,VIEW,2025-03-17 15:48:51
1630,203,VIEW,2025-03-31 11:30:47
1630,194,VIEW,2025-04-17 12:18:55
1630,210,ADD_TO_CART,2025-05-09 18:03:56
1630,204,FAVORITE,2025-06-04 02:14:16
1630,192,VIEW,2025-06-13 16:38:07
1630,203,VIEW,2025-06-16 09:35:08
1630,186,VIEW,2025-07-31 05:25:30
1630,201,VIEW,2025-08-17 09:04:52
1630,211,VIEW,2025-08-20 14:58:30
1630,190,VIEW,2025-08-29 03:36:49
1630,182,VIEW,2025-09-09 12:06:57
1630,203,VIEW,2025-09-13 15:28:33
1630,216,VIEW,2025-09-15 05:40:51
1630,188,VIEW,2025-09-16 02:59:32
1630,194,SEARCH,2025-09-28 20:03:04
1630,186,SEARCH,2025-10-15 18:10:01
1630,193,SEARCH,2025-10-23 21:19:52
1630,209,SEARCH,2025-10-28 01:11:47
1630,181,VIEW,2025-10-30 00:57:12
1630,202,SEARCH,2025-11-04 07:50:38
1630,185,SEARCH,2025-11-27 11:34:30
1630,185,ADD_TO_CART,2026-01-04 23:13:46
1630,192,VIEW,2026-01-05 18:27:13
1630,203,SHARE,2026-01-09 12:01:47
1630,192,VIEW,2026-01-11 06:31:23
1630,187,SEARCH,2026-01-23 10:02:00
1630,198,SEARCH,2026-03-13 08:27:48
1630,186,VIEW,2026-03-29 14:47:20
1630,205,FAVORITE,2026-04-11 22:22:59
1630,196,SEARCH,2026-04-29 19:45:34
1630,185,VIEW,2026-05-29 00:23:46
1630,182,VIEW,2026-06-08 01:21:34
1630,202,VIEW,2026-06-15 08:50:02
1630,213,ADD_TO_CART,2026-06-18 10:50:33
1630,187,SHARE,2026-06-26 16:13:42
1630,203,VIEW,2026-06-27 11:47:58
1630,205,VIEW,2026-06-29 18:21:03
1630,204,VIEW,2026-07-08 18:46:47
1630,203,VIEW,2026-07-09 19:13:19
1630,208,SEARCH,2026-07-29 14:33:00
1631,199,FAVORITE,2026-01-03 07:03:45
1631,209,VIEW,2026-01-04 12:38:20
1631,195,VIEW,2026-01-17 13:42:45
1631,190,VIEW,2026-01-21 05:15:15
1631,203,VIEW,2026-02-10 07:57:35
1631,189,ADD_TO_CART,2026-02-21 17:47:02
1631,210,VIEW,2026-02-22 01:44:10
1631,210,ADD_TO_CART,2026-02-23 18:06:56
1631,191,VIEW,2026-03-06 06:43:15
1631,210,VIEW,2026-03-06 17:45:17
1631,190,VIEW,2026-03-14 02:01:13
1631,209,SHARE,2026-03-18 01:01:59
1631,191,FAVORITE,2026-03-23 06:40:08
1631,210,VIEW,2026-03-29 21:24:46
1631,179,VIEW,2026-04-06 07:49:24
1631,187,SEARCH,2026-04-08 21:28:22
1631,181,SEARCH,2026-04-11 19:44:29
1631,195,VIEW,2026-04-18 15:32:14
1631,209,VIEW,2026-04-20 07:35:18
1631,189,VIEW,2026-04-21 09:09:43
1631,209,VIEW,2026-05-04 00:34:18
1631,205,SHARE,2026-05-07 00:10:01
1631,202,VIEW,2026-05-17 03:49:00
1631,210,FAVORITE,2026-05-24 17:27:20
1631,209,ADD_TO_CART,2026-05-24 20:19:04
1631,209,ADD_TO_CART,2026-06-01 14:48:46
1631,198,SEARCH,2026-06-03 09:58:35
1631,210,ADD_TO_CART,2026-06-04 15:18:25
1631,209,FAVORITE,2026-06-07 04:21:53
1631,199,VIEW,2026-06-07 21:04:00
1631,191,SEARCH,2026-06-20 01:49:29
1631,210,VIEW,2026-06-28 11:09:00
1632,179,ADD_TO_CART,2024-12-12 18:01:20
1632,217,ADD_TO_CART,2024-12-21 20:20:02
1632,182,VIEW,2024-12-26 22:15:38
1632,198,VIEW,2025-01-07 20:29:02
1632,198,VIEW,2025-01-31 21:54:22
1632,217,VIEW,2025-03-14 10:00:49
1632,217,FAVORITE,2025-04-06 15:33:02
1632,217,SEARCH,2025-05-15 19:31:44
1632,179,VIEW,2025-07-04 21:18:50
1632,217,VIEW,2025-07-13 05:55:30
1632,187,VIEW,2025-10-04 14:53:44
1632,205,ADD_TO_CART,2025-10-25 12:36:04
1632,198,ADD_TO_CART,2025-11-05 11:26:17
1632,197,ADD_TO_CART,2025-11-14 13:19:44
1632,179,VIEW,2025-12-19 12:12:32
1632,197,VIEW,2026-01-27 17:30:00
1633,187,VIEW,2025-12-25 18:22:06
1633,203,FAVORITE,2025-12-27 04:48:39
1633,201,SEARCH,2026-01-02 02:44:10
1633,196,VIEW,2026-01-03 21:51:03
1633,184,VIEW,2026-01-06 05:01:23
1633,202,VIEW,2026-01-10 16:02:19
1633,194,SEARCH,2026-01-10 18:53:58
1633,183,SEARCH,2026-01-12 20:42:55
1633,195,VIEW,2026-01-13 21:22:44
1633,203,VIEW,2026-01-28 10:27:38
1633,202,VIEW,2026-01-29 17:10:14
1633,210,VIEW,2026-01-31 10:44:03
1633,186,VIEW,2026-02-02 13:26:38
1633,184,VIEW,2026-02-03 12:45:42
1633,188,VIEW,2026-02-06 15:13:46
1633,205,VIEW,2026-02-07 04:06:43
1633,208,VIEW,2026-02-12 03:53:11
1633,182,VIEW,2026-02-13 03:53:44
1633,200,VIEW,2026-02-17 22:50:40
1633,184,VIEW,2026-02-19 22:04:14
1633,200,VIEW,2026-02-24 19:32:15
1633,184,VIEW,2026-02-25 06:46:52
1633,182,VIEW,2026-02-28 20:24:39
1633,202,VIEW,2026-03-01 14:31:40
1633,184,VIEW,2026-03-02 16:14:21
1633,208,FAVORITE,2026-03-05 00:41:10
1633,184,VIEW,2026-03-06 07:24:36
1633,187,SEARCH,2026-03-06 22:06:55
1633,213,VIEW,2026-03-07 20:56:38
1633,184,ADD_TO_CART,2026-03-16 02:06:24
1633,192,VIEW,2026-03-19 08:52:15
1633,194,VIEW,2026-03-19 16:08:32
1633,201,VIEW,2026-03-20 13:04:49
1633,194,ADD_TO_CART,2026-03-21 08:40:21
1633,184,VIEW,2026-03-26 09:15:28
1633,201,VIEW,2026-03-26 22:31:51
1633,216,VIEW,2026-03-29 01:37:45
1633,184,VIEW,2026-04-01 17:18:35
1633,203,ADD_TO_CART,2026-04-02 21:14:31
1633,184,FAVORITE,2026-04-07 16:53:26
1633,184,ADD_TO_CART,2026-04-08 06:49:28
1633,183,SEARCH,2026-04-13 11:26:59
1633,184,VIEW,2026-04-17 05:29:11
1633,218,FAVORITE,2026-04-18 21:50:58
1633,201,ADD_TO_CART,2026-04-18 22:41:51
1633,202,VIEW,2026-04-20 13:55:31
1633,194,VIEW,2026-04-21 14:12:05
1633,200,VIEW,2026-04-23 16:48:10
1633,188,ADD_TO_CART,2026-04-24 04:21:53
1633,201,SEARCH,2026-04-25 06:29:51
1633,189,SEARCH,2026-04-27 15:48:14
1633,184,VIEW,2026-04-27 16:35:23
1633,210,FAVORITE,2026-04-28 04:43:39
1633,207,VIEW,2026-04-28 07:08:20
1633,183,VIEW,2026-04-30 01:40:16
1633,184,VIEW,2026-05-01 22:26:04
1633,201,SEARCH,2026-05-04 14:29:13
1633,182,SHARE,2026-05-04 16:25:28
1633,202,VIEW,2026-05-05 12:00:06
1633,187,FAVORITE,2026-05-10 20:37:23
1633,202,VIEW,2026-05-11 13:04:42
1633,184,SEARCH,2026-05-13 08:28:45
1633,201,SEARCH,2026-05-16 10:49:42
1633,201,VIEW,2026-05-18 04:14:41
1633,211,VIEW,2026-05-23 12:06:18
1633,204,VIEW,2026-05-26 09:43:47
1633,205,VIEW,2026-06-02 03:13:37
1633,183,VIEW,2026-06-04 08:50:11
1633,202,SEARCH,2026-06-04 14:13:40
1633,204,FAVORITE,2026-06-05 04:11:18
1633,202,ADD_TO_CART,2026-06-08 01:41:32
1633,209,VIEW,2026-06-10 23:01:08
1633,200,SEARCH,2026-06-12 09:19:00
1634,194,VIEW,2024-05-13 09:21:04
1634,201,FAVORITE,2024-08-26 13:55:24
1634,218,SEARCH,2024-08-28 04:35:27
1634,193,VIEW,2024-09-05 20:17:44
1634,194,VIEW,2024-09-21 20:49:51
1634,208,SEARCH,2024-10-14 02:17:52
1634,188,VIEW,2024-10-16 19:17:45
1634,213,VIEW,2024-11-05 15:23:52
1634,194,VIEW,2024-11-14 10:05:29
1634,218,VIEW,2024-11-21 10:06:36
1634,213,VIEW,2024-11-24 11:16:29
1634,193,VIEW,2024-12-26 08:15:36
1634,194,VIEW,2024-12-26 19:32:22
1634,194,VIEW,2025-01-31 00:07:59
1634,184,VIEW,2025-02-03 18:16:54
1634,213,SEARCH,2025-03-17 22:13:33
1634,193,ADD_TO_CART,2025-03-26 08:23:20
1634,193,SEARCH,2025-04-18 12:25:11
1634,194,VIEW,2025-04-28 01:16:58
1634,207,SHARE,2025-05-28 08:40:28
1634,207,VIEW,2025-06-08 19:51:51
1634,193,VIEW,2025-06-12 14:17:49
1634,184,VIEW,2025-06-26 08:38:32
1634,193,VIEW,2025-07-26 21:43:25
1634,192,VIEW,2025-08-08 18:03:10
1634,208,ADD_TO_CART,2025-08-19 13:36:13
1634,201,VIEW,2025-09-03 13:45:28
1634,214,VIEW,2025-11-18 23:41:15
1634,208,VIEW,2025-12-14 13:11:56
1634,182,VIEW,2026-01-04 16:34:31
1634,213,VIEW,2026-01-10 17:53:50
1634,185,SEARCH,2026-02-06 02:01:17
1634,207,VIEW,2026-03-16 21:36:56
1634,213,VIEW,2026-04-13 11:36:15
1634,213,VIEW,2026-04-26 15:45:00
1635,180,SEARCH,2025-03-11 07:03:59
1635,217,VIEW,2025-03-21 01:12:19
1635,181,SEARCH,2025-03-27 02:20:32
1635,198,VIEW,2025-05-04 07:02:57
1635,197,VIEW,2025-05-18 06:54:32
1635,201,VIEW,2025-05-19 16:54:46
1635,209,VIEW,2025-06-01 16:01:11
1635,199,SEARCH,2025-06-26 18:04:06
1635,196,SEARCH,2025-07-04 16:35:59
1635,184,SHARE,2025-07-09 16:41:53
1635,181,FAVORITE,2025-07-13 06:19:15
1635,216,SEARCH,2025-07-23 14:08:02
1635,193,SEARCH,2025-08-12 04:50:49
1635,201,VIEW,2025-08-23 08:21:01
1635,182,SEARCH,2025-08-24 21:07:13
1635,208,ADD_TO_CART,2025-08-26 14:06:35
1635,198,VIEW,2025-08-30 16:14:21
1635,199,ADD_TO_CART,2025-09-03 05:38:03
1635,194,VIEW,2025-09-04 07:41:37
1635,197,VIEW,2025-09-19 10:54:56
1635,198,ADD_TO_CART,2025-10-06 18:24:27
1635,181,VIEW,2025-10-07 22:20:35
1635,184,VIEW,2025-10-09 04:06:16
1635,180,SEARCH,2025-10-23 02:31:05
1635,200,ADD_TO_CART,2025-11-03 08:10:14
1635,199,VIEW,2025-11-12 00:20:23
1635,201,VIEW,2025-11-12 17:30:26
1635,195,VIEW,2025-11-28 13:16:31
1635,199,FAVORITE,2025-12-22 07:14:10
1635,192,VIEW,2025-12-26 04:22:51
1635,202,VIEW,2025-12-27 08:17:36
1635,209,FAVORITE,2025-12-27 17:37:25
1635,216,VIEW,2025-12-28 08:04:01
1635,179,VIEW,2026-01-20 13:15:50
1635,193,ADD_TO_CART,2026-01-21 12:40:21
1635,183,VIEW,2026-01-22 03:49:14
1635,211,VIEW,2026-01-31 13:38:09
1635,202,VIEW,2026-02-04 11:21:24
1635,182,FAVORITE,2026-02-04 20:44:14
1635,184,ADD_TO_CART,2026-02-08 16:50:14
1635,199,SEARCH,2026-02-09 11:31:17
1635,198,FAVORITE,2026-02-09 16:54:16
1635,188,VIEW,2026-02-14 00:03:22
1635,190,VIEW,2026-02-14 08:06:05
1635,198,VIEW,2026-02-23 19:04:57
1635,210,FAVORITE,2026-02-24 12:10:14
1635,199,VIEW,2026-02-25 09:08:01
1635,212,SEARCH,2026-02-26 16:53:22
1635,180,VIEW,2026-03-01 19:07:14
1635,188,VIEW,2026-03-14 20:08:16
1635,199,VIEW,2026-03-19 13:18:18
1635,198,FAVORITE,2026-03-19 14:08:45
1635,184,VIEW,2026-04-03 09:43:50
1635,195,VIEW,2026-04-08 01:37:44
1635,199,VIEW,2026-04-25 17:57:56
1635,199,VIEW,2026-05-14 14:09:39
1635,195,SEARCH,2026-05-16 14:20:08
1635,181,SEARCH,2026-05-22 20:14:58
1635,200,VIEW,2026-06-14 21:04:45
1635,198,SHARE,2026-06-24 00:47:28
1635,189,VIEW,2026-06-26 10:48:21
1635,192,SEARCH,2026-07-02 15:12:00
1636,179,VIEW,2025-05-17 16:37:35
1636,185,VIEW,2025-05-24 12:40:46
1636,209,VIEW,2025-05-25 14:40:45
1636,181,VIEW,2025-05-25 18:42:02
1636,210,VIEW,2025-06-06 01:38:33
1636,197,ADD_TO_CART,2025-06-11 06:12:21
1636,181,VIEW,2025-06-24 04:03:03
1636,198,ADD_TO_CART,2025-07-01 13:14:45
1636,209,VIEW,2025-07-05 23:37:04
1636,218,VIEW,2025-07-10 13:55:00
1636,190,VIEW,2025-07-11 18:00:43
1636,201,VIEW,2025-07-26 15:40:12
1636,181,FAVORITE,2025-07-31 07:20:55
1636,179,SEARCH,2025-08-02 14:52:33
1636,186,VIEW,2025-08-04 09:06:44
1636,181,SEARCH,2025-08-05 10:35:55
1636,192,VIEW,2025-08-10 14:09:25
1636,189,SEARCH,2025-08-10 22:23:29
1636,209,ADD_TO_CART,2025-08-11 05:32:42
1636,209,VIEW,2025-08-11 11:38:18
1636,218,VIEW,2025-08-16 21:45:30
1636,181,VIEW,2025-08-17 07:43:25
1636,209,SEARCH,2025-08-21 22:23:01
1636,199,SEARCH,2025-08-23 07:28:54
1636,180,VIEW,2025-09-01 11:26:09
1636,191,VIEW,2025-09-03 19:37:28
1636,199,ADD_TO_CART,2025-09-08 05:04:40
1636,209,VIEW,2025-09-09 01:07:53
1636,199,VIEW,2025-09-10 11:21:38
1636,182,SEARCH,2025-09-17 16:37:19
1636,191,VIEW,2025-09-26 22:01:58
1636,209,VIEW,2025-09-27 00:33:12
1636,190,VIEW,2025-10-15 18:40:46
1636,199,ADD_TO_CART,2025-10-18 10:29:26
1636,210,VIEW,2025-10-26 06:10:01
1636,202,SEARCH,2025-10-30 10:32:31
1636,197,VIEW,2025-11-07 08:52:04
1636,188,VIEW,2025-11-10 18:10:44
1636,190,ADD_TO_CART,2025-11-10 21:25:05
1636,198,SEARCH,2025-11-16 15:08:47
1636,208,ADD_TO_CART,2025-11-26 22:38:18
1636,210,VIEW,2025-11-26 23:54:26
1636,198,VIEW,2025-11-28 17:48:25
1636,209,VIEW,2025-11-28 21:33:12
1636,213,VIEW,2025-11-29 09:50:55
1636,191,VIEW,2025-12-01 08:41:51
1636,183,VIEW,2025-12-05 19:54:04
1636,194,FAVORITE,2025-12-06 11:28:39
1636,179,VIEW,2025-12-23 12:59:19
1636,199,VIEW,2025-12-24 22:14:10
1636,182,VIEW,2025-12-28 20:54:22
1636,209,VIEW,2025-12-29 01:41:24
1636,197,SEARCH,2026-01-05 10:31:21
1636,180,VIEW,2026-01-07 15:42:12
1636,188,SEARCH,2026-01-08 07:54:47
1636,198,SEARCH,2026-01-16 04:50:02
1636,196,SEARCH,2026-01-16 12:24:09
1636,199,SEARCH,2026-01-19 18:16:30
1636,201,VIEW,2026-01-26 01:38:35
1636,213,VIEW,2026-01-29 04:31:18
1636,197,VIEW,2026-02-01 18:44:43
1636,210,VIEW,2026-02-01 20:18:44
1636,187,VIEW,2026-02-03 14:17:25
1636,180,VIEW,2026-02-06 23:55:48
1636,187,VIEW,2026-02-14 05:36:47
1636,189,VIEW,2026-02-14 08:01:12
1636,201,VIEW,2026-02-16 02:00:55
1636,198,ADD_TO_CART,2026-02-19 04:45:41
1636,205,SHARE,2026-02-20 05:13:45
1636,180,VIEW,2026-02-22 10:26:53
1636,210,VIEW,2026-02-24 22:26:15
1636,211,ADD_TO_CART,2026-02-25 20:59:56
1636,209,VIEW,2026-02-27 19:05:44
1636,181,VIEW,2026-03-03 09:48:43
1636,181,ADD_TO_CART,2026-03-03 19:29:45
1636,198,VIEW,2026-03-03 22:08:11
1636,198,VIEW,2026-03-15 08:37:49
1636,197,SEARCH,2026-03-20 02:16:49
1636,210,VIEW,2026-03-28 04:13:04
1636,199,ADD_TO_CART,2026-03-30 15:23:51
1636,196,ADD_TO_CART,2026-03-31 01:33:22
1636,212,VIEW,2026-04-09 16:32:44
1636,209,ADD_TO_CART,2026-04-16 09:26:43
1636,192,VIEW,2026-04-17 06:28:10
1636,209,ADD_TO_CART,2026-04-18 05:13:56
1636,213,VIEW,2026-05-11 02:45:23
1636,179,VIEW,2026-05-16 17:30:36
1636,195,SEARCH,2026-06-01 09:39:00
1637,214,SEARCH,2026-03-03 06:48:57
1637,193,VIEW,2026-03-13 04:27:35
1637,207,VIEW,2026-03-17 03:48:40
1637,207,VIEW,2026-03-27 13:00:25
1637,208,SEARCH,2026-03-29 18:14:18
1637,186,VIEW,2026-03-31 23:22:35
1637,184,ADD_TO_CART,2026-04-01 23:12:59
1637,202,ADD_TO_CART,2026-04-02 03:09:40
1637,202,SEARCH,2026-04-02 18:23:31
1637,187,SEARCH,2026-04-08 12:15:33
1637,181,VIEW,2026-04-18 07:15:23
1637,218,SHARE,2026-04-22 11:32:47
1637,208,ADD_TO_CART,2026-04-26 03:35:55
1637,207,VIEW,2026-05-05 00:20:36
1637,195,VIEW,2026-05-07 03:14:18
1637,213,VIEW,2026-05-07 12:35:34
1637,190,VIEW,2026-05-11 19:14:25
1637,208,SEARCH,2026-05-14 09:20:12
1637,187,VIEW,2026-05-21 04:00:33
1637,208,ADD_TO_CART,2026-05-24 07:20:00
1637,188,VIEW,2026-05-25 10:29:50
1637,218,VIEW,2026-05-27 03:25:41
1637,207,VIEW,2026-06-01 16:10:04
1637,183,VIEW,2026-06-02 18:14:00
1637,183,SEARCH,2026-06-04 17:31:44
1637,206,VIEW,2026-06-05 18:26:40
1637,206,VIEW,2026-06-09 19:51:41
1637,207,SEARCH,2026-06-18 23:31:43
1637,207,SEARCH,2026-06-19 11:32:33
1637,202,VIEW,2026-06-20 08:50:06
1637,214,VIEW,2026-06-21 09:11:00
1637,201,ADD_TO_CART,2026-06-26 09:56:00
1638,188,SEARCH,2026-04-30 21:29:10
1638,193,ADD_TO_CART,2026-05-02 21:21:09
1638,210,VIEW,2026-05-04 17:49:32
1638,212,FAVORITE,2026-05-11 12:38:05
1638,189,VIEW,2026-05-12 06:03:46
1638,191,VIEW,2026-05-16 02:20:24
1638,196,ADD_TO_CART,2026-05-24 23:05:27
1638,208,VIEW,2026-05-25 12:22:19
1638,209,VIEW,2026-05-27 01:31:06
1638,210,ADD_TO_CART,2026-05-29 01:37:55
1638,217,VIEW,2026-05-31 14:33:40
1638,201,SHARE,2026-06-03 21:32:22
1638,188,VIEW,2026-06-09 09:10:34
1638,190,VIEW,2026-06-12 06:47:07
1638,191,SEARCH,2026-06-16 11:20:04
1638,186,ADD_TO_CART,2026-06-20 07:02:50
1638,186,VIEW,2026-06-20 10:23:27
1638,209,FAVORITE,2026-06-28 08:05:39
1638,188,SHARE,2026-06-28 18:10:00
1638,205,VIEW,2026-06-29 13:00:44
1638,209,VIEW,2026-07-15 09:44:00
1639,217,VIEW,2025-07-04 23:53:30
1639,194,SHARE,2025-08-14 08:26:10
1639,203,SEARCH,2025-09-19 14:55:46
1639,195,VIEW,2025-09-22 03:21:59
1639,195,VIEW,2025-09-22 13:41:22
1639,193,VIEW,2025-09-30 13:15:45
1639,217,VIEW,2025-11-05 07:28:36
1639,218,VIEW,2025-11-23 15:03:59
1639,193,VIEW,2025-12-09 17:29:02
1639,193,ADD_TO_CART,2025-12-19 01:54:07
1639,194,VIEW,2026-01-10 12:56:53
1639,210,VIEW,2026-01-13 20:27:58
1639,194,VIEW,2026-01-22 04:56:29
1639,206,VIEW,2026-01-28 08:53:40
1639,216,FAVORITE,2026-02-14 18:03:08
1639,218,VIEW,2026-03-06 22:36:19
1639,211,VIEW,2026-03-13 03:56:39
1639,194,VIEW,2026-03-23 19:35:22
1639,190,VIEW,2026-03-31 17:15:32
1639,214,VIEW,2026-04-04 19:02:36
1639,194,VIEW,2026-04-21 17:12:36
1639,213,VIEW,2026-05-22 04:35:21
1639,187,VIEW,2026-06-09 02:55:53
1639,179,VIEW,2026-06-10 09:48:46
1639,189,VIEW,2026-06-11 15:42:00
1640,184,ADD_TO_CART,2024-05-21 18:20:25
1640,201,VIEW,2024-06-09 12:29:59
1640,201,VIEW,2024-06-17 03:37:58
1640,196,FAVORITE,2024-07-02 02:00:56
1640,203,VIEW,2024-07-08 09:43:53
1640,179,ADD_TO_CART,2024-07-14 16:05:18
1640,217,VIEW,2024-07-27 05:57:47
1640,203,VIEW,2024-08-02 16:39:42
1640,193,ADD_TO_CART,2024-08-23 18:09:24
1640,202,VIEW,2024-09-15 07:32:52
1640,200,FAVORITE,2024-09-17 07:53:50
1640,210,VIEW,2024-09-28 09:31:36
1640,183,VIEW,2024-10-14 05:09:32
1640,213,SEARCH,2024-10-21 22:59:38
1640,200,VIEW,2024-10-22 19:09:09
1640,201,VIEW,2024-10-28 20:55:10
1640,210,SEARCH,2024-11-01 13:52:01
1640,201,VIEW,2025-01-07 00:25:44
1640,202,VIEW,2025-01-18 02:10:08
1640,198,VIEW,2025-01-21 09:13:43
1640,203,VIEW,2025-02-23 15:32:34
1640,183,FAVORITE,2025-03-03 13:14:39
1640,205,VIEW,2025-04-27 14:50:40
1640,195,SEARCH,2025-05-01 15:20:44
1640,183,VIEW,2025-05-23 00:03:39
1640,185,VIEW,2025-05-30 16:54:15
1640,191,SEARCH,2025-06-14 03:54:25
1640,182,ADD_TO_CART,2025-06-20 12:40:26
1640,202,VIEW,2025-07-27 05:08:43
1640,202,VIEW,2025-08-07 03:44:52
1640,183,VIEW,2025-08-26 14:13:34
1640,200,VIEW,2025-08-31 00:05:27
1640,200,VIEW,2025-08-31 00:08:55
1640,183,SEARCH,2025-09-04 05:23:50
1640,199,VIEW,2025-09-10 10:03:05
1640,201,SHARE,2025-09-26 08:33:32
1640,201,VIEW,2025-09-27 03:37:47
1640,182,VIEW,2025-10-27 19:32:34
1640,203,VIEW,2025-11-11 11:31:32
1640,211,SEARCH,2025-11-29 04:34:49
1640,201,ADD_TO_CART,2025-11-30 05:21:10
1640,200,SEARCH,2026-01-02 11:03:48
1640,202,SEARCH,2026-02-22 17:49:57
1640,217,VIEW,2026-03-25 10:59:58
1640,199,VIEW,2026-03-29 08:09:40
1640,183,SEARCH,2026-04-03 02:23:02
1640,202,SEARCH,2026-05-01 10:37:00
1641,188,VIEW,2025-11-19 11:34:32
1641,201,VIEW,2025-12-13 11:27:20
1641,184,SEARCH,2025-12-16 07:19:09
1641,184,FAVORITE,2025-12-18 23:56:31
1641,211,VIEW,2025-12-19 17:25:31
1641,212,VIEW,2026-01-24 18:11:59
1641,192,VIEW,2026-01-28 16:34:54
1641,187,VIEW,2026-02-08 21:17:38
1641,183,SEARCH,2026-02-10 06:13:49
1641,180,SEARCH,2026-03-03 12:05:09
1641,209,SEARCH,2026-03-24 19:56:04
1641,189,SEARCH,2026-03-26 03:28:59
1641,184,VIEW,2026-03-29 16:22:14
1641,212,SEARCH,2026-04-04 14:48:08
1641,211,FAVORITE,2026-04-20 11:28:47
1641,192,VIEW,2026-04-25 19:17:33
1641,217,SEARCH,2026-04-26 14:52:53
1641,193,VIEW,2026-05-01 13:57:36
1641,209,SEARCH,2026-05-04 14:00:16
1641,215,SEARCH,2026-05-06 01:40:38
1641,201,ADD_TO_CART,2026-05-14 22:03:39
1641,218,FAVORITE,2026-05-18 13:40:06
1641,190,VIEW,2026-05-20 23:11:32
1641,201,FAVORITE,2026-05-30 10:12:54
1641,211,VIEW,2026-06-03 00:46:49
1641,201,FAVORITE,2026-06-13 13:50:00
1642,210,VIEW,2024-10-30 06:42:04
1642,183,VIEW,2024-11-05 07:37:13
1642,183,VIEW,2024-11-27 13:25:47
1642,202,VIEW,2024-11-28 03:14:26
1642,184,VIEW,2024-11-29 02:35:56
1642,194,ADD_TO_CART,2024-12-13 20:34:12
1642,183,VIEW,2024-12-20 02:54:43
1642,190,VIEW,2024-12-20 15:10:13
1642,184,VIEW,2024-12-31 04:41:42
1642,182,FAVORITE,2025-01-02 03:31:00
1642,218,ADD_TO_CART,2025-01-12 03:58:18
1642,218,VIEW,2025-01-18 19:52:19
1642,189,SEARCH,2025-01-24 03:11:43
1642,183,VIEW,2025-02-27 19:30:55
1642,207,VIEW,2025-03-07 07:50:55
1642,200,VIEW,2025-04-03 12:36:58
1642,184,SEARCH,2025-04-26 12:46:27
1642,182,ADD_TO_CART,2025-04-28 03:33:03
1642,192,VIEW,2025-05-06 15:38:38
1642,216,VIEW,2025-05-14 04:55:53
1642,201,VIEW,2025-06-04 13:48:05
1642,211,FAVORITE,2025-06-06 20:27:12
1642,201,VIEW,2025-06-10 22:45:33
1642,201,VIEW,2025-06-24 19:41:51
1642,184,FAVORITE,2025-07-03 13:30:37
1642,210,VIEW,2025-07-07 17:10:49
1642,201,SEARCH,2025-07-13 15:31:36
1642,180,VIEW,2025-07-18 22:08:29
1642,198,SEARCH,2025-07-24 00:36:52
1642,218,VIEW,2025-07-28 13:15:18
1642,211,SEARCH,2025-07-30 06:19:46
1642,184,VIEW,2025-08-02 06:04:41
1642,180,VIEW,2025-08-11 19:34:47
1642,202,VIEW,2025-08-13 15:16:04
1642,213,VIEW,2025-08-14 18:25:01
1642,208,SHARE,2025-08-16 14:25:24
1642,183,SEARCH,2025-09-06 11:48:14
1642,218,VIEW,2025-09-10 23:28:39
1642,202,VIEW,2025-09-25 13:32:00
1642,218,SEARCH,2025-10-03 03:18:21
1642,201,VIEW,2025-10-20 13:51:13
1642,182,VIEW,2025-10-27 02:49:53
1642,193,SEARCH,2025-11-04 19:27:22
1642,202,VIEW,2025-11-05 05:31:34
1642,201,VIEW,2025-11-05 05:37:42
1642,202,ADD_TO_CART,2025-11-15 12:27:30
1642,183,VIEW,2025-12-12 07:17:11
1642,189,ADD_TO_CART,2025-12-12 20:49:45
1642,209,VIEW,2025-12-16 00:54:07
1642,218,VIEW,2026-01-04 01:56:07
1642,179,VIEW,2026-01-17 15:56:19
1642,192,SEARCH,2026-01-19 01:38:58
1642,184,VIEW,2026-01-20 20:19:26
1642,202,SEARCH,2026-01-20 22:55:26
1642,202,VIEW,2026-01-21 03:39:36
1642,182,VIEW,2026-01-29 09:23:42
1642,184,ADD_TO_CART,2026-02-14 17:26:20
1642,218,VIEW,2026-02-23 11:12:13
1642,198,FAVORITE,2026-02-24 21:20:16
1642,184,VIEW,2026-02-27 11:31:30
1642,201,ADD_TO_CART,2026-03-07 03:26:56
1642,202,SEARCH,2026-03-08 16:53:07
1642,183,VIEW,2026-03-14 07:47:29
1642,184,VIEW,2026-03-28 02:16:22
1642,218,ADD_TO_CART,2026-04-02 20:20:38
1642,195,SEARCH,2026-04-13 05:35:51
1642,184,VIEW,2026-05-01 10:22:04
1642,184,SEARCH,2026-05-02 17:34:09
1642,179,SEARCH,2026-05-06 04:13:06
1642,182,SEARCH,2026-05-10 09:02:52
1642,183,VIEW,2026-05-11 16:50:38
1642,179,VIEW,2026-05-12 08:00:21
1642,183,SEARCH,2026-05-24 23:54:53
1642,202,VIEW,2026-06-28 10:37:00
1643,200,VIEW,2026-01-04 09:07:22
1643,208,VIEW,2026-01-10 01:21:32
1643,208,VIEW,2026-01-21 21:43:16
1643,184,VIEW,2026-01-24 03:30:36
1643,186,VIEW,2026-01-26 23:15:15
1643,194,VIEW,2026-01-28 21:22:56
1643,203,SEARCH,2026-02-14 21:45:23
1643,184,VIEW,2026-02-19 01:48:22
1643,198,VIEW,2026-02-21 07:59:10
1643,187,VIEW,2026-02-22 20:04:57
1643,197,VIEW,2026-02-23 18:04:18
1643,181,SEARCH,2026-02-24 01:02:04
1643,202,VIEW,2026-02-25 16:28:23
1643,210,VIEW,2026-02-26 17:29:37
1643,197,VIEW,2026-03-19 04:58:57
1643,183,SEARCH,2026-03-19 23:46:55
1643,184,VIEW,2026-04-01 20:24:10
1643,212,VIEW,2026-04-06 06:21:50
1643,184,VIEW,2026-04-12 01:46:51
1643,182,VIEW,2026-04-13 17:59:20
1643,201,VIEW,2026-04-17 04:12:41
1643,192,VIEW,2026-04-17 08:28:24
1643,209,FAVORITE,2026-04-22 05:11:40
1643,201,VIEW,2026-04-27 00:34:51
1643,193,SEARCH,2026-04-27 18:58:54
1643,201,SEARCH,2026-05-01 00:57:44
1643,204,VIEW,2026-05-02 11:29:58
1643,189,VIEW,2026-05-09 23:59:14
1643,184,VIEW,2026-05-20 17:30:00
1643,201,VIEW,2026-05-27 13:45:08
1643,197,VIEW,2026-05-29 22:42:09
1643,192,SHARE,2026-06-01 03:07:55
1643,188,VIEW,2026-06-04 11:32:06
1643,181,ADD_TO_CART,2026-06-05 03:31:46
1643,183,VIEW,2026-06-06 01:53:30
1643,179,SEARCH,2026-06-08 10:15:56
1643,201,VIEW,2026-06-09 03:24:54
1643,202,SEARCH,2026-06-10 18:31:00
1644,184,VIEW,2024-04-27 07:47:55
1644,179,VIEW,2024-07-23 09:01:27
1644,198,VIEW,2024-07-28 09:11:14
1644,210,SEARCH,2024-08-07 10:42:03
1644,197,VIEW,2024-09-07 20:34:02
1644,181,VIEW,2024-10-04 09:22:31
1644,195,VIEW,2024-12-01 14:56:55
1644,204,VIEW,2024-12-25 19:33:37
1644,187,VIEW,2025-01-24 14:29:20
1644,198,SEARCH,2025-01-29 18:55:42
1644,211,SHARE,2025-01-30 00:35:38
1644,198,VIEW,2025-02-10 03:03:23
1644,181,VIEW,2025-02-27 22:12:37
1644,180,VIEW,2025-03-31 05:32:55
1644,201,VIEW,2025-05-14 20:34:47
1644,190,VIEW,2025-06-17 19:54:08
1644,179,VIEW,2025-07-15 09:15:56
1644,218,FAVORITE,2025-08-20 14:19:45
1644,180,ADD_TO_CART,2025-08-26 09:41:43
1644,183,VIEW,2025-09-07 20:48:23
1644,180,VIEW,2025-09-17 13:05:05
1644,188,VIEW,2025-09-21 09:33:20
1644,180,VIEW,2025-09-22 23:37:56
1644,180,FAVORITE,2025-09-30 15:01:32
1644,213,VIEW,2025-10-06 15:40:34
1644,198,VIEW,2025-11-02 00:49:50
1644,215,SEARCH,2025-11-07 18:22:50
1644,193,FAVORITE,2025-12-03 16:05:54
1644,204,VIEW,2026-01-17 21:20:26
1644,180,VIEW,2026-02-02 12:50:04
1644,181,VIEW,2026-02-02 18:52:57
1644,190,VIEW,2026-02-06 16:03:33
1644,197,VIEW,2026-03-02 08:18:18
1644,196,SEARCH,2026-03-17 02:17:43
1644,217,VIEW,2026-04-29 15:07:23
1644,198,SEARCH,2026-05-31 09:41:00
1645,207,VIEW,2024-07-03 15:06:12
1645,208,VIEW,2024-08-11 18:53:45
1645,194,SEARCH,2024-10-11 04:29:18
1645,207,VIEW,2024-11-22 06:35:58
1645,214,SEARCH,2024-12-08 16:51:15
1645,207,VIEW,2024-12-29 17:34:39
1645,193,VIEW,2025-05-23 05:50:20
1645,207,ADD_TO_CART,2025-06-14 15:42:53
1645,216,SEARCH,2025-06-29 11:42:14
1645,208,SHARE,2025-06-29 13:33:54
1645,193,ADD_TO_CART,2025-07-14 03:56:18
1645,193,VIEW,2025-08-25 01:54:19
1645,212,ADD_TO_CART,2025-10-07 01:10:11
1645,188,SEARCH,2025-11-10 15:58:26
1645,212,VIEW,2025-11-13 11:35:25
1645,210,VIEW,2025-11-22 12:30:10
1645,211,ADD_TO_CART,2026-01-31 16:10:31
1645,207,SEARCH,2026-02-07 13:52:08
1645,203,VIEW,2026-03-07 12:48:50
1645,207,SEARCH,2026-03-08 07:56:09
1645,209,VIEW,2026-03-09 03:57:27
1645,207,SEARCH,2026-03-20 08:20:11
1645,206,VIEW,2026-04-06 09:00:00
1645,206,FAVORITE,2026-04-23 01:48:18
1645,208,VIEW,2026-04-29 04:32:10
1645,207,VIEW,2026-06-07 05:01:58
1645,208,VIEW,2026-07-20 16:54:00
1646,211,VIEW,2025-09-03 11:35:35
1646,198,VIEW,2025-09-15 15:48:47
1646,192,VIEW,2025-09-19 11:11:33
1646,180,VIEW,2025-09-24 05:19:14
1646,180,ADD_TO_CART,2025-09-28 04:43:31
1646,197,FAVORITE,2025-09-29 17:43:05
1646,179,VIEW,2025-10-01 23:41:31
1646,185,VIEW,2025-10-12 01:36:15
1646,198,FAVORITE,2025-10-14 12:21:09
1646,199,FAVORITE,2025-10-15 20:16:23
1646,183,SEARCH,2025-10-21 23:08:49
1646,198,VIEW,2025-11-10 01:32:30
1646,180,VIEW,2025-11-12 17:52:25
1646,201,SEARCH,2025-11-13 11:42:10
1646,197,SEARCH,2025-11-22 08:20:32
1646,184,VIEW,2025-11-23 22:42:17
1646,197,VIEW,2025-12-06 10:42:10
1646,199,VIEW,2025-12-11 14:41:07
1646,198,ADD_TO_CART,2025-12-17 21:35:03
1646,186,VIEW,2025-12-21 12:24:01
1646,185,VIEW,2025-12-23 16:04:01
1646,179,VIEW,2025-12-24 00:37:55
1646,217,VIEW,2025-12-24 03:21:09
1646,198,SEARCH,2025-12-27 05:18:16
1646,186,ADD_TO_CART,2025-12-28 09:58:38
1646,198,VIEW,2025-12-31 12:02:26
1646,217,VIEW,2026-01-01 03:07:15
1646,181,VIEW,2026-01-08 09:03:31
1646,213,SEARCH,2026-01-08 16:48:34
1646,180,VIEW,2026-01-16 22:54:55
1646,204,VIEW,2026-01-27 17:40:23
1646,191,VIEW,2026-02-04 18:59:56
1646,185,ADD_TO_CART,2026-02-05 05:34:36
1646,181,VIEW,2026-02-12 12:43:39
1646,198,FAVORITE,2026-02-13 03:27:13
1646,192,VIEW,2026-02-14 22:05:11
1646,203,VIEW,2026-02-16 17:12:51
1646,207,VIEW,2026-02-20 15:42:04
1646,209,FAVORITE,2026-02-20 18:33:08
1646,197,VIEW,2026-02-22 17:45:27
1646,179,VIEW,2026-02-24 05:11:48
1646,191,VIEW,2026-03-03 20:53:21
1646,198,VIEW,2026-03-04 18:34:51
1646,181,FAVORITE,2026-03-05 09:55:19
1646,199,SEARCH,2026-03-08 00:08:44
1646,180,VIEW,2026-03-15 05:07:09
1646,193,VIEW,2026-03-19 02:51:56
1646,185,VIEW,2026-03-30 02:14:40
1646,211,SEARCH,2026-03-30 14:37:18
1646,188,SEARCH,2026-04-03 13:20:05
1646,217,VIEW,2026-04-07 13:00:40
1646,197,SEARCH,2026-04-13 14:46:10
1646,194,VIEW,2026-04-17 07:49:46
1646,198,VIEW,2026-04-18 02:55:32
1646,215,VIEW,2026-04-21 00:35:08
1646,181,SHARE,2026-04-24 14:44:16
1646,185,VIEW,2026-05-02 00:18:14
1646,181,VIEW,2026-05-05 13:39:06
1646,197,VIEW,2026-05-10 10:16:01
1646,180,VIEW,2026-05-14 05:21:35
1646,179,VIEW,2026-05-16 07:11:50
1646,195,VIEW,2026-06-02 09:53:06
1646,199,VIEW,2026-06-04 13:20:08
1646,181,VIEW,2026-06-05 20:37:04
1646,190,SEARCH,2026-06-16 05:05:22
1646,199,VIEW,2026-06-17 00:03:44
1646,199,ADD_TO_CART,2026-06-24 20:47:44
1646,179,VIEW,2026-06-27 03:52:46
1646,180,VIEW,2026-06-29 12:32:38
1646,203,SEARCH,2026-07-06 12:39:00
1647,205,VIEW,2025-10-29 23:39:51
1647,186,VIEW,2025-11-09 05:40:32
1647,187,VIEW,2025-11-17 20:38:51
1647,205,ADD_TO_CART,2025-12-09 15:28:06
1647,204,SEARCH,2025-12-11 04:33:57
1647,188,VIEW,2025-12-14 03:52:45
1647,194,VIEW,2025-12-16 03:17:31
1647,199,VIEW,2025-12-19 23:41:06
1647,205,VIEW,2025-12-20 07:18:44
1647,184,SEARCH,2025-12-20 11:36:18
1647,205,ADD_TO_CART,2025-12-21 12:11:01
1647,203,ADD_TO_CART,2026-01-02 02:01:06
1647,199,VIEW,2026-01-02 21:52:55
1647,211,VIEW,2026-01-05 04:40:27
1647,209,VIEW,2026-01-12 08:06:06
1647,192,VIEW,2026-01-22 02:03:39
1647,182,VIEW,2026-01-23 06:41:35
1647,179,VIEW,2026-01-26 15:11:53
1647,211,VIEW,2026-01-27 20:23:03
1647,194,VIEW,2026-01-30 07:52:09
1647,205,VIEW,2026-02-02 16:22:57
1647,187,VIEW,2026-02-03 09:00:08
1647,203,SEARCH,2026-02-16 20:54:06
1647,214,VIEW,2026-02-25 19:31:15
1647,179,VIEW,2026-02-27 16:10:20
1647,186,SEARCH,2026-03-06 13:45:41
1647,212,VIEW,2026-03-12 01:16:02
1647,205,FAVORITE,2026-03-18 04:37:34
1647,203,VIEW,2026-03-19 05:30:14
1647,204,VIEW,2026-03-24 05:06:50
1647,181,VIEW,2026-03-25 07:55:53
1647,212,VIEW,2026-04-01 18:06:23
1647,217,SEARCH,2026-04-02 04:38:49
1647,204,VIEW,2026-04-23 20:27:32
1647,186,FAVORITE,2026-04-25 09:20:53
1647,185,VIEW,2026-04-27 02:28:21
1647,187,VIEW,2026-04-29 06:19:52
1647,201,ADD_TO_CART,2026-05-02 02:03:02
1647,187,VIEW,2026-05-05 16:46:45
1647,194,SEARCH,2026-05-05 22:39:02
1647,188,SEARCH,2026-05-08 03:08:58
1647,203,VIEW,2026-05-12 23:39:12
1647,185,VIEW,2026-05-12 23:40:48
1647,193,VIEW,2026-05-13 05:55:09
1647,187,VIEW,2026-05-14 22:49:34
1647,185,VIEW,2026-05-16 18:30:15
1647,211,VIEW,2026-05-17 16:22:32
1647,186,VIEW,2026-05-22 10:14:42
1647,213,VIEW,2026-05-22 17:21:48
1647,204,VIEW,2026-06-03 18:46:00
1648,217,ADD_TO_CART,2025-06-15 10:51:12
1648,189,VIEW,2025-06-16 06:17:23
1648,202,VIEW,2025-07-08 10:43:04
1648,193,VIEW,2025-07-17 14:36:05
1648,213,SEARCH,2025-08-07 13:29:35
1648,203,VIEW,2025-08-19 12:17:53
1648,213,VIEW,2025-08-27 20:30:50
1648,204,VIEW,2025-09-08 18:08:18
1648,215,SEARCH,2025-10-20 19:44:25
1648,184,VIEW,2025-10-28 18:37:49
1648,193,SEARCH,2025-11-12 00:29:20
1648,184,VIEW,2025-11-14 22:17:26
1648,193,ADD_TO_CART,2025-11-15 14:43:39
1648,206,VIEW,2025-12-04 13:13:42
1648,186,VIEW,2025-12-17 10:38:42
1648,184,VIEW,2025-12-23 16:15:22
1648,180,VIEW,2026-01-14 16:37:20
1648,183,ADD_TO_CART,2026-01-23 20:57:34
1648,218,VIEW,2026-02-15 22:46:28
1648,194,VIEW,2026-02-24 12:01:12
1648,213,SEARCH,2026-02-24 19:11:14
1648,213,VIEW,2026-02-27 22:01:51
1648,202,SEARCH,2026-03-05 01:41:03
1648,193,SEARCH,2026-03-20 12:53:18
1648,194,VIEW,2026-03-26 08:12:08
1648,193,SEARCH,2026-04-03 15:42:43
1648,187,VIEW,2026-04-24 07:08:20
1648,183,VIEW,2026-04-30 02:14:08
1648,193,SEARCH,2026-05-16 06:56:38
1648,193,VIEW,2026-06-01 10:49:14
1648,213,ADD_TO_CART,2026-06-05 15:34:17
1648,194,SEARCH,2026-06-18 13:48:35
1648,213,VIEW,2026-07-31 14:24:00
1649,191,VIEW,2025-06-17 13:06:06
1649,210,VIEW,2025-06-27 05:17:55
1649,193,SEARCH,2025-07-08 12:23:10
1649,191,VIEW,2025-08-05 07:46:13
1649,181,FAVORITE,2025-08-05 11:12:23
1649,210,VIEW,2025-08-15 02:38:10
1649,213,VIEW,2025-08-27 14:22:58
1649,210,VIEW,2025-09-11 13:40:07
1649,189,VIEW,2025-09-15 16:09:25
1649,210,SEARCH,2025-09-18 07:31:44
1649,218,VIEW,2025-09-18 10:41:18
1649,191,VIEW,2025-09-27 23:23:31
1649,188,SEARCH,2025-10-13 00:26:40
1649,210,VIEW,2025-10-15 19:11:21
1649,209,VIEW,2025-10-30 13:02:10
1649,187,VIEW,2025-11-05 18:24:31
1649,216,VIEW,2025-11-21 04:28:11
1649,187,VIEW,2025-11-24 05:08:59
1649,209,VIEW,2025-11-26 04:04:09
1649,210,VIEW,2025-11-29 12:35:48
1649,189,ADD_TO_CART,2025-12-14 04:55:25
1649,185,ADD_TO_CART,2026-01-04 16:10:01
1649,190,VIEW,2026-01-06 14:43:21
1649,210,VIEW,2026-01-08 16:22:33
1649,189,VIEW,2026-01-13 18:27:00
1649,194,SEARCH,2026-01-21 16:10:44
1649,210,VIEW,2026-02-02 16:27:10
1649,210,FAVORITE,2026-03-03 20:42:26
1649,183,VIEW,2026-03-15 16:12:34
1649,209,VIEW,2026-03-18 01:15:27
1649,209,VIEW,2026-04-13 13:24:34
1649,209,VIEW,2026-04-18 06:05:43
1649,185,VIEW,2026-04-20 12:37:00
1650,209,VIEW,2026-02-10 20:34:00
1650,210,VIEW,2026-02-12 07:01:08
1650,209,SEARCH,2026-02-12 14:15:21
1650,211,VIEW,2026-02-13 21:06:36
1650,190,SEARCH,2026-02-19 12:24:12
1650,190,VIEW,2026-02-22 13:06:08
1650,186,SHARE,2026-02-22 21:31:10
1650,211,VIEW,2026-02-25 12:43:02
1650,210,SEARCH,2026-03-01 19:38:28
1650,185,VIEW,2026-03-09 22:23:35
1650,210,VIEW,2026-03-29 17:43:15
1650,191,VIEW,2026-04-01 01:12:45
1650,185,VIEW,2026-04-01 01:26:47
1650,190,FAVORITE,2026-04-03 21:45:00
1650,180,VIEW,2026-04-11 07:08:50
1650,204,VIEW,2026-04-12 10:44:13
1650,189,VIEW,2026-04-18 08:26:01
1650,191,FAVORITE,2026-04-19 11:46:21
1650,210,VIEW,2026-04-28 12:34:13
1650,187,FAVORITE,2026-05-11 09:10:55
1650,186,VIEW,2026-05-21 09:42:00
1651,182,VIEW,2024-08-22 23:04:42
1651,194,SEARCH,2024-08-23 11:36:28
1651,213,ADD_TO_CART,2024-08-24 16:12:46
1651,180,VIEW,2024-09-06 20:20:04
1651,193,FAVORITE,2024-09-16 08:56:49
1651,205,SEARCH,2024-10-12 23:21:02
1651,194,VIEW,2024-10-14 14:05:59
1651,213,VIEW,2024-11-21 11:42:35
1651,194,VIEW,2024-12-08 04:39:40
1651,208,ADD_TO_CART,2024-12-22 09:47:48
1651,194,VIEW,2024-12-22 12:45:27
1651,194,VIEW,2025-01-02 17:03:36
1651,180,VIEW,2025-01-06 10:00:33
1651,183,SHARE,2025-01-16 13:26:19
1651,213,SEARCH,2025-03-18 22:27:25
1651,201,ADD_TO_CART,2025-03-20 09:43:28
1651,194,SEARCH,2025-03-27 23:00:34
1651,194,VIEW,2025-03-31 17:59:28
1651,218,SHARE,2025-04-11 14:57:33
1651,200,ADD_TO_CART,2025-08-19 06:38:08
1651,194,VIEW,2025-08-31 09:35:55
1651,193,VIEW,2025-09-03 04:43:26
1651,213,SHARE,2025-09-14 01:22:33
1651,193,SEARCH,2025-09-25 08:15:25
1651,180,VIEW,2025-09-28 10:53:08
1651,181,SEARCH,2025-10-29 07:22:29
1651,208,VIEW,2025-10-30 11:18:15
1651,213,VIEW,2025-10-31 23:25:30
1651,185,VIEW,2025-11-10 21:53:39
1651,215,SEARCH,2025-11-14 18:59:01
1651,203,SEARCH,2025-11-15 12:07:08
1651,215,SEARCH,2025-11-21 00:07:08
1651,180,VIEW,2025-11-22 09:09:17
1651,196,SEARCH,2025-12-19 10:08:04
1651,194,SEARCH,2025-12-20 23:53:55
1651,194,SHARE,2025-12-25 09:12:42
1651,209,VIEW,2025-12-26 15:22:38
1651,197,SEARCH,2026-01-18 18:32:20
1651,214,SHARE,2026-01-23 19:47:26
1651,194,SEARCH,2026-01-25 17:24:30
1651,194,SHARE,2026-02-10 11:38:16
1651,198,SEARCH,2026-02-22 15:03:29
1651,194,VIEW,2026-03-03 15:45:18
1651,217,VIEW,2026-03-14 13:05:57
1651,214,VIEW,2026-03-19 00:42:18
1651,193,VIEW,2026-04-03 08:36:53
1651,187,SEARCH,2026-05-03 03:00:06
1651,206,VIEW,2026-05-06 11:38:49
1651,214,SEARCH,2026-05-17 18:50:57
1651,207,VIEW,2026-05-19 13:28:04
1651,201,VIEW,2026-05-21 06:53:18
1651,182,VIEW,2026-06-07 12:09:49
1651,198,VIEW,2026-06-11 21:09:07
1651,198,SEARCH,2026-06-20 12:01:32
1651,194,VIEW,2026-06-21 01:26:21
1651,213,VIEW,2026-06-23 08:54:45
1651,193,ADD_TO_CART,2026-06-25 12:23:59
1651,194,VIEW,2026-07-02 09:05:20
1651,191,VIEW,2026-07-09 11:39:00
1652,215,ADD_TO_CART,2024-10-24 23:16:03
1652,195,VIEW,2024-11-22 22:38:32
1652,217,VIEW,2024-12-05 16:43:42
1652,181,VIEW,2024-12-30 19:12:01
1652,196,SEARCH,2025-03-26 21:36:20
1652,193,VIEW,2025-08-27 19:26:07
1652,195,FAVORITE,2025-09-26 20:12:06
1652,197,SEARCH,2025-10-09 13:54:00
1653,186,VIEW,2024-10-26 07:42:09
1653,179,VIEW,2024-11-01 19:53:31
1653,190,VIEW,2024-11-02 22:37:35
1653,210,VIEW,2024-11-12 17:07:42
1653,194,SEARCH,2024-12-10 00:54:02
1653,213,VIEW,2024-12-17 21:38:11
1653,209,VIEW,2025-03-03 02:33:15
1653,194,VIEW,2025-03-13 02:24:39
1653,194,VIEW,2025-03-22 16:00:20
1653,213,SEARCH,2025-04-06 07:57:59
1653,194,VIEW,2025-04-21 20:03:50
1653,213,VIEW,2025-05-31 07:05:58
1653,193,VIEW,2025-07-06 23:29:17
1653,189,VIEW,2025-07-08 03:43:47
1653,207,VIEW,2025-07-12 22:09:43
1653,213,VIEW,2025-07-23 05:20:24
1653,193,VIEW,2025-08-31 02:08:32
1653,193,VIEW,2025-09-03 22:26:17
1653,194,SHARE,2025-09-12 16:30:43
1653,210,VIEW,2025-09-16 11:42:59
1653,214,VIEW,2025-09-18 12:11:10
1653,184,FAVORITE,2025-09-26 10:53:30
1653,209,SHARE,2025-09-27 08:38:11
1653,213,SHARE,2025-09-30 16:15:05
1653,210,VIEW,2025-10-16 15:46:20
1653,194,FAVORITE,2025-10-17 04:40:30
1653,210,SEARCH,2025-12-03 21:54:58
1653,213,ADD_TO_CART,2025-12-30 17:57:50
1653,193,VIEW,2026-01-10 10:13:37
1653,213,VIEW,2026-01-17 00:38:04
1653,211,VIEW,2026-01-31 03:13:18
1653,193,VIEW,2026-02-15 14:12:25
1653,194,SEARCH,2026-03-17 21:35:09
1653,180,VIEW,2026-03-30 12:45:14
1653,193,SEARCH,2026-04-08 12:36:41
1653,208,VIEW,2026-04-25 15:13:41
1653,213,VIEW,2026-05-26 15:00:21
1653,213,VIEW,2026-06-22 11:29:00
1654,211,FAVORITE,2024-05-12 16:03:59
1654,181,SHARE,2024-06-16 19:42:39
1654,192,VIEW,2024-06-19 17:46:45
1654,185,VIEW,2024-09-18 08:19:41
1654,213,ADD_TO_CART,2024-10-15 22:22:42
1654,207,VIEW,2024-10-29 15:08:46
1654,211,VIEW,2024-11-07 07:41:25
1654,208,VIEW,2024-12-12 18:14:17
1654,186,VIEW,2024-12-16 01:54:15
1654,210,VIEW,2025-02-27 11:31:31
1654,206,VIEW,2025-03-08 14:56:53
1654,210,SHARE,2025-03-26 18:09:09
1654,210,VIEW,2025-05-18 19:28:20
1654,211,VIEW,2025-05-18 22:54:42
1654,198,VIEW,2025-07-09 18:57:32
1654,211,ADD_TO_CART,2025-08-31 05:05:24
1654,211,VIEW,2025-09-18 09:08:14
1654,207,SEARCH,2025-09-24 20:28:11
1654,198,SEARCH,2025-10-11 12:05:06
1654,207,VIEW,2025-10-25 20:39:07
1654,182,SHARE,2025-11-03 16:33:14
1654,209,VIEW,2025-12-13 21:55:48
1654,186,VIEW,2026-03-18 03:04:26
1654,211,SEARCH,2026-05-15 10:30:34
1654,192,VIEW,2026-05-18 11:52:19
1654,193,VIEW,2026-05-24 23:51:26
1654,207,SHARE,2026-05-28 17:48:22
1654,212,VIEW,2026-06-08 18:29:00
1655,190,SEARCH,2024-07-05 08:57:28
1655,180,SEARCH,2024-07-05 16:30:11
1655,193,VIEW,2024-08-30 02:29:16
1655,207,SEARCH,2024-09-10 11:58:54
1655,180,SEARCH,2024-09-29 00:30:17
1655,213,VIEW,2024-10-01 10:12:49
1655,218,FAVORITE,2024-10-07 01:08:30
1655,216,VIEW,2024-11-27 01:28:16
1655,214,VIEW,2024-11-28 00:37:11
1655,193,VIEW,2024-12-12 09:19:38
1655,180,SHARE,2024-12-22 06:46:25
1655,193,VIEW,2024-12-29 04:08:49
1655,194,VIEW,2025-01-09 23:13:02
1655,193,SEARCH,2025-01-12 00:42:53
1655,213,ADD_TO_CART,2025-02-16 17:08:17
1655,198,VIEW,2025-02-22 22:31:02
1655,194,VIEW,2025-03-10 09:16:19
1655,180,FAVORITE,2025-04-21 11:42:50
1655,207,VIEW,2025-05-01 00:10:11
1655,217,VIEW,2025-05-02 23:42:03
1655,209,VIEW,2025-05-09 04:50:22
1655,207,VIEW,2025-05-21 09:41:20
1655,181,VIEW,2025-05-30 19:08:36
1655,196,VIEW,2025-06-02 08:34:24
1655,179,ADD_TO_CART,2025-06-07 02:01:51
1655,213,SEARCH,2025-06-08 03:35:22
1655,180,ADD_TO_CART,2025-06-24 10:30:50
1655,194,SHARE,2025-06-25 12:05:49
1655,180,ADD_TO_CART,2025-07-13 16:40:29
1655,214,SEARCH,2025-07-18 01:54:59
1655,193,ADD_TO_CART,2025-07-28 03:14:25
1655,181,VIEW,2025-08-01 06:28:15
1655,193,VIEW,2025-08-15 21:39:41
1655,180,VIEW,2025-08-22 06:06:01
1655,199,VIEW,2025-08-30 02:46:06
1655,194,SEARCH,2025-09-01 09:03:02
1655,218,VIEW,2025-09-08 03:34:01
1655,213,VIEW,2025-10-01 14:57:33
1655,213,VIEW,2025-10-11 03:22:21
1655,213,VIEW,2025-10-22 11:21:25
1655,214,VIEW,2025-10-30 03:11:21
1655,194,SEARCH,2025-10-30 09:42:08
1655,198,FAVORITE,2025-11-21 07:58:37
1655,207,VIEW,2025-12-05 04:37:42
1655,199,VIEW,2025-12-27 15:26:13
1655,199,VIEW,2026-01-02 20:01:06
1655,213,VIEW,2026-01-12 13:53:23
1655,194,VIEW,2026-01-17 03:06:03
1655,208,VIEW,2026-01-27 03:28:55
1655,213,SHARE,2026-02-16 04:43:56
1655,180,VIEW,2026-02-25 06:55:34
1655,180,VIEW,2026-03-01 15:21:08
1655,194,VIEW,2026-03-10 23:56:27
1655,197,VIEW,2026-03-12 12:32:36
1655,179,VIEW,2026-03-12 21:51:42
1655,211,VIEW,2026-03-29 11:45:36
1655,193,SEARCH,2026-03-31 17:01:15
1655,195,VIEW,2026-05-09 20:25:02
1655,203,VIEW,2026-05-10 22:33:12
1655,194,VIEW,2026-05-29 07:23:22
1655,210,ADD_TO_CART,2026-06-03 04:08:37
1655,218,VIEW,2026-06-13 11:24:52
1655,207,SEARCH,2026-06-18 03:38:30
1655,181,VIEW,2026-06-22 13:46:00
1656,204,SEARCH,2025-08-15 08:08:40
1656,193,VIEW,2025-08-16 06:14:20
1656,204,VIEW,2025-09-06 03:04:57
1656,195,SHARE,2025-09-12 17:02:12
1656,204,ADD_TO_CART,2025-09-18 07:23:42
1656,203,VIEW,2025-09-19 08:23:28
1656,186,SEARCH,2025-10-08 05:15:41
1656,187,VIEW,2025-10-30 14:00:11
1656,195,FAVORITE,2025-11-01 04:24:20
1656,217,SEARCH,2025-11-06 07:08:19
1656,186,VIEW,2025-11-10 11:32:42
1656,214,SHARE,2025-11-20 02:55:39
1656,180,SEARCH,2025-11-23 22:45:11
1656,204,SEARCH,2025-11-29 23:04:24
1656,195,VIEW,2025-12-04 18:30:05
1656,186,VIEW,2025-12-11 02:18:08
1656,187,VIEW,2025-12-13 07:40:56
1656,204,SEARCH,2026-01-01 13:24:52
1656,185,SEARCH,2026-01-06 14:37:53
1656,213,VIEW,2026-01-07 18:15:15
1656,186,VIEW,2026-01-10 05:03:38
1656,195,VIEW,2026-01-14 09:41:02
1656,203,VIEW,2026-01-14 20:26:47
1656,209,VIEW,2026-01-20 16:26:23
1656,185,VIEW,2026-02-09 01:59:09
1656,185,VIEW,2026-02-14 17:48:12
1656,204,VIEW,2026-02-17 13:28:18
1656,188,VIEW,2026-02-23 03:00:20
1656,217,VIEW,2026-02-28 22:52:13
1656,198,VIEW,2026-03-02 00:59:35
1656,186,ADD_TO_CART,2026-03-02 16:30:57
1656,209,VIEW,2026-03-09 01:17:48
1656,186,VIEW,2026-03-12 13:51:43
1656,207,VIEW,2026-03-17 22:50:30
1656,195,VIEW,2026-03-24 16:34:06
1656,215,SEARCH,2026-03-28 22:47:15
1656,188,ADD_TO_CART,2026-04-01 01:39:27
1656,204,VIEW,2026-04-16 16:06:34
1656,198,SEARCH,2026-04-18 16:46:00
