product_id,product_name,classification,acquisition_type,month,year,month_number,units_sold,units_rented,monthly_demand,completed_sale_orders,valid_rental_requests,average_rental_days,views,searches,add_to_cart,favorites,shares,unit_price,rental_daily_price,stock_at_month_start,active_promotion,requires_prescription,previous_month_sales,previous_month_rentals,previous_month_views,previous_month_demand,average_demand_previous_3_months
179,Silla de ruedas estándar,Movilidad,MIXTO,2024-01-01,2024,1,0,0,0,0,0,0.0,0,0,0,0,0,6206.17,280.0,24,True,False,0,0,0,0,0.0
179,Silla de ruedas estándar,Movilidad,MIXTO,2024-02-01,2024,2,0,0,0,0,0,0.0,0,0,0,0,0,6269.8,280.0,26,False,False,0,0,0,0,0.0
179,Silla de ruedas estándar,Movilidad,MIXTO,2024-03-01,2024,3,0,0,0,0,0,0.0,1,0,0,0,0,6200.23,280.0,25,False,False,0,0,0,0,0.0
179,Silla de ruedas estándar,Movilidad,MIXTO,2024-04-01,2024,4,0,0,0,0,0,0.0,1,0,0,0,0,6197.98,280.0,22,False,False,0,0,1,0,0.0
179,Silla de ruedas estándar,Movilidad,MIXTO,2024-05-01,2024,5,0,0,0,0,0,0.0,2,0,0,0,0,6223.61,280.0,21,False,False,0,0,1,0,0.0
179,Silla de ruedas estándar,Movilidad,MIXTO,2024-06-01,2024,6,0,2,2,0,2,4.5,1,0,0,0,0,6249.06,280.0,19,True,False,0,0,2,0,0.0
179,Silla de ruedas estándar,Movilidad,MIXTO,2024-07-01,2024,7,1,0,1,1,0,0.0,2,2,2,0,0,6297.86,280.0,16,False,False,0,2,1,2,0.67
179,Silla de ruedas estándar,Movilidad,MIXTO,2024-08-01,2024,8,1,0,1,1,0,0.0,1,0,0,0,0,6272.93,280.0,16,False,False,1,0,2,1,1.0
179,Silla de ruedas estándar,Movilidad,MIXTO,2024-09-01,2024,9,2,0,2,1,0,0.0,2,0,0,2,0,6299.2,280.0,14,False,False,1,0,1,1,1.33
179,Silla de ruedas estándar,Movilidad,MIXTO,2024-10-01,2024,10,3,0,3,3,0,0.0,3,0,0,0,0,6295.05,280.0,19,False,False,2,0,2,2,1.33
179,Silla de ruedas estándar,Movilidad,MIXTO,2024-11-01,2024,11,4,0,4,2,0,0.0,7,1,0,1,0,6251.61,280.0,17,True,False,3,0,3,3,2.0
179,Silla de ruedas estándar,Movilidad,MIXTO,2024-12-01,2024,12,7,1,8,2,1,6.0,4,1,2,1,1,6259.83,280.0,26,False,False,4,0,7,4,3.0
179,Silla de ruedas estándar,Movilidad,MIXTO,2025-01-01,2025,1,15,0,15,5,0,0.0,2,1,0,2,1,6288.65,280.0,17,True,False,7,1,4,8,5.0
179,Silla de ruedas estándar,Movilidad,MIXTO,2025-02-01,2025,2,4,1,5,1,1,10.0,5,3,0,1,1,6215.64,280.0,41,False,False,15,0,2,15,9.0
179,Silla de ruedas estándar,Movilidad,MIXTO,2025-03-01,2025,3,1,2,3,1,2,6.0,7,3,1,0,1,6199.74,280.0,35,False,False,4,1,5,5,9.33
179,Silla de ruedas estándar,Movilidad,MIXTO,2025-04-01,2025,4,10,0,10,4,0,0.0,5,1,1,0,0,6165.27,280.0,32,False,False,1,2,7,3,7.67
179,Silla de ruedas estándar,Movilidad,MIXTO,2025-05-01,2025,5,3,0,3,2,0,0.0,8,0,1,1,0,6168.35,280.0,22,False,False,10,0,5,10,6.0
179,Silla de ruedas estándar,Movilidad,MIXTO,2025-06-01,2025,6,13,1,14,4,1,8.0,5,1,1,1,3,6186.66,280.0,17,False,False,3,0,8,3,5.33
179,Silla de ruedas estándar,Movilidad,MIXTO,2025-07-01,2025,7,7,0,7,5,0,0.0,8,2,0,0,0,6156.03,280.0,31,False,False,13,1,5,14,9.0
179,Silla de ruedas estándar,Movilidad,MIXTO,2025-08-01,2025,8,18,2,20,8,2,8.0,4,4,3,2,0,6121.04,280.0,21,False,False,7,0,8,7,8.0
179,Silla de ruedas estándar,Movilidad,MIXTO,2025-09-01,2025,9,13,1,14,6,1,5.0,4,0,3,1,0,6161.66,280.0,39,False,False,18,2,4,20,13.67
179,Silla de ruedas estándar,Movilidad,MIXTO,2025-10-01,2025,10,14,1,15,6,1,4.0,11,2,0,2,0,6149.88,280.0,26,False,False,13,1,4,14,13.67
179,Silla de ruedas estándar,Movilidad,MIXTO,2025-11-01,2025,11,17,2,19,8,2,6.5,7,1,1,0,2,6123.1,280.0,39,False,False,14,1,11,15,16.33
179,Silla de ruedas estándar,Movilidad,MIXTO,2025-12-01,2025,12,6,1,7,3,1,4.0,16,4,0,0,1,6129.62,280.0,17,True,False,17,2,7,19,16.0
179,Silla de ruedas estándar,Movilidad,MIXTO,2026-01-01,2026,1,23,3,26,8,3,6.0,13,0,2,0,1,6053.78,280.0,7,False,False,6,1,16,7,13.67
179,Silla de ruedas estándar,Movilidad,MIXTO,2026-02-01,2026,2,16,1,17,7,1,14.0,14,3,2,1,2,6054.59,280.0,21,False,False,23,3,13,26,17.33
179,Silla de ruedas estándar,Movilidad,MIXTO,2026-03-01,2026,3,16,2,18,11,2,7.5,16,6,2,1,0,6103.79,280.0,35,False,False,16,1,14,17,16.67
179,Silla de ruedas estándar,Movilidad,MIXTO,2026-04-01,2026,4,42,4,46,17,4,5.75,20,2,2,3,0,6092.84,280.0,53,True,False,16,2,16,18,20.33
179,Silla de ruedas estándar,Movilidad,MIXTO,2026-05-01,2026,5,25,2,27,11,2,5.0,23,7,6,1,0,6069.97,280.0,6,False,False,42,4,20,46,27.0
179,Silla de ruedas estándar,Movilidad,MIXTO,2026-06-01,2026,6,21,0,21,11,0,0.0,19,6,0,2,1,6157.17,280.0,24,False,False,25,2,23,27,30.33
179,Silla de ruedas estándar,Movilidad,MIXTO,2026-07-01,2026,7,7,3,10,3,3,7.0,7,3,1,0,1,6164.07,280.0,42,True,False,21,0,19,21,31.33
180,Silla de ruedas reclinable,Movilidad,MIXTO,2024-01-01,2024,1,0,0,0,0,0,0.0,0,0,0,0,0,10010.81,420.0,37,False,False,0,0,0,0,0.0
180,Silla de ruedas reclinable,Movilidad,MIXTO,2024-02-01,2024,2,0,0,0,0,0,0.0,0,0,0,0,0,9985.88,420.0,35,False,False,0,0,0,0,0.0
180,Silla de ruedas reclinable,Movilidad,MIXTO,2024-03-01,2024,3,0,0,0,0,0,0.0,0,0,0,0,0,10121.45,420.0,33,False,False,0,0,0,0,0.0
180,Silla de ruedas reclinable,Movilidad,MIXTO,2024-04-01,2024,4,2,0,2,1,0,0.0,0,0,0,0,0,10098.26,420.0,31,False,False,0,0,0,0,0.0
180,Silla de ruedas reclinable,Movilidad,MIXTO,2024-05-01,2024,5,2,0,2,1,0,0.0,3,1,0,0,0,10102.62,420.0,28,False,False,2,0,0,2,0.67
180,Silla de ruedas reclinable,Movilidad,MIXTO,2024-06-01,2024,6,2,0,2,2,0,0.0,1,1,1,1,0,10172.69,420.0,25,False,False,2,0,3,2,1.33
180,Silla de ruedas reclinable,Movilidad,MIXTO,2024-07-01,2024,7,2,0,2,1,0,0.0,0,3,0,1,0,10246.4,420.0,21,False,False,2,0,1,2,2.0
180,Silla de ruedas reclinable,Movilidad,MIXTO,2024-08-01,2024,8,4,0,4,2,0,0.0,2,2,0,1,0,10344.76,420.0,15,True,False,2,0,0,2,2.0
180,Silla de ruedas reclinable,Movilidad,MIXTO,2024-09-01,2024,9,2,0,2,1,0,0.0,3,2,1,0,0,10445.27,420.0,22,False,False,4,0,2,4,2.67
180,Silla de ruedas reclinable,Movilidad,MIXTO,2024-10-01,2024,10,4,1,5,2,1,7.0,5,1,1,0,0,10453.42,420.0,19,False,False,2,0,3,2,2.67
180,Silla de ruedas reclinable,Movilidad,MIXTO,2024-11-01,2024,11,0,0,0,0,0,0.0,3,1,2,0,0,10555.33,420.0,15,False,False,4,1,5,5,3.67
180,Silla de ruedas reclinable,Movilidad,MIXTO,2024-12-01,2024,12,1,0,1,1,0,0.0,5,3,0,0,1,10571.34,420.0,17,False,False,0,0,3,0,2.33
180,Silla de ruedas reclinable,Movilidad,MIXTO,2025-01-01,2025,1,0,0,0,0,0,0.0,5,2,2,2,0,10626.68,420.0,14,True,False,1,0,5,1,2.0
180,Silla de ruedas reclinable,Movilidad,MIXTO,2025-02-01,2025,2,2,1,3,1,1,7.0,2,2,0,0,1,10574.09,420.0,21,False,False,0,0,5,0,0.33
180,Silla de ruedas reclinable,Movilidad,MIXTO,2025-03-01,2025,3,1,0,1,1,0,0.0,4,2,0,1,1,10606.64,420.0,19,False,False,2,1,2,3,1.33
180,Silla de ruedas reclinable,Movilidad,MIXTO,2025-04-01,2025,4,7,0,7,5,0,0.0,7,4,3,2,1,10618.11,420.0,17,True,False,1,0,4,1,1.33
180,Silla de ruedas reclinable,Movilidad,MIXTO,2025-05-01,2025,5,5,0,5,2,0,0.0,8,2,1,1,0,10623.68,420.0,28,False,False,7,0,7,7,3.67
180,Silla de ruedas reclinable,Movilidad,MIXTO,2025-06-01,2025,6,10,0,10,4,0,0.0,13,2,4,1,0,10704.72,420.0,20,True,False,5,0,8,5,4.33
180,Silla de ruedas reclinable,Movilidad,MIXTO,2025-07-01,2025,7,10,0,10,4,0,0.0,11,3,1,2,0,10732.95,420.0,9,False,False,10,0,13,10,7.33
180,Silla de ruedas reclinable,Movilidad,MIXTO,2025-08-01,2025,8,12,0,12,4,0,0.0,19,6,2,2,0,10732.61,420.0,24,False,False,10,0,11,10,8.33
180,Silla de ruedas reclinable,Movilidad,MIXTO,2025-09-01,2025,9,15,1,16,8,1,12.0,22,5,4,2,2,10732.97,420.0,9,True,False,12,0,19,12,10.67
180,Silla de ruedas reclinable,Movilidad,MIXTO,2025-10-01,2025,10,10,2,12,4,2,7.5,17,10,2,0,0,10732.39,420.0,21,False,False,15,1,22,16,12.67
180,Silla de ruedas reclinable,Movilidad,MIXTO,2025-11-01,2025,11,11,1,12,7,1,5.0,18,7,2,2,0,10729.18,420.0,19,False,False,10,2,17,12,13.33
180,Silla de ruedas reclinable,Movilidad,MIXTO,2025-12-01,2025,12,3,1,4,1,1,4.0,15,6,4,2,0,10695.55,420.0,36,False,False,11,1,18,12,13.33
180,Silla de ruedas reclinable,Movilidad,MIXTO,2026-01-01,2026,1,10,1,11,5,1,4.0,33,8,3,2,0,10733.1,420.0,35,False,False,3,1,15,4,9.33
180,Silla de ruedas reclinable,Movilidad,MIXTO,2026-02-01,2026,2,11,0,11,5,0,0.0,25,5,3,3,2,10732.69,420.0,31,False,False,10,1,33,11,9.0
180,Silla de ruedas reclinable,Movilidad,MIXTO,2026-03-01,2026,3,16,0,16,9,0,0.0,38,6,5,1,2,10733.13,420.0,22,False,False,11,0,25,11,8.67
180,Silla de ruedas reclinable,Movilidad,MIXTO,2026-04-01,2026,4,12,0,12,7,0,0.0,28,8,7,1,3,10681.56,420.0,26,True,False,16,0,38,16,12.67
180,Silla de ruedas reclinable,Movilidad,MIXTO,2026-05-01,2026,5,10,0,10,6,0,0.0,22,10,3,2,0,10666.99,420.0,44,False,False,12,0,28,12,13.0
180,Silla de ruedas reclinable,Movilidad,MIXTO,2026-06-01,2026,6,21,1,22,12,1,10.0,16,3,3,0,1,10606.63,420.0,36,False,False,10,0,22,10,12.67
180,Silla de ruedas reclinable,Movilidad,MIXTO,2026-07-01,2026,7,1,0,1,1,0,0.0,11,1,2,0,1,10622.63,420.0,62,False,False,21,1,16,22,14.67
181,Silla de ruedas bariátrica,Movilidad,RENTA,2024-01-01,2024,1,0,0,0,0,0,0.0,0,0,0,0,0,17342.89,590.0,32,True,False,0,0,0,0,0.0
181,Silla de ruedas bariátrica,Movilidad,RENTA,2024-02-01,2024,2,0,0,0,0,0,0.0,0,0,0,0,0,17447.67,590.0,31,False,False,0,0,0,0,0.0
181,Silla de ruedas bariátrica,Movilidad,RENTA,2024-03-01,2024,3,0,0,0,0,0,0.0,0,0,0,0,0,17496.71,590.0,32,False,False,0,0,0,0,0.0
181,Silla de ruedas bariátrica,Movilidad,RENTA,2024-04-01,2024,4,0,0,0,0,0,0.0,0,0,0,0,0,17570.12,590.0,29,False,False,0,0,0,0,0.0
181,Silla de ruedas bariátrica,Movilidad,RENTA,2024-05-01,2024,5,0,0,0,0,0,0.0,2,0,0,0,0,17670.74,590.0,27,False,False,0,0,0,0,0.0
181,Silla de ruedas bariátrica,Movilidad,RENTA,2024-06-01,2024,6,0,0,0,0,0,0.0,1,1,0,0,1,17638.38,590.0,27,True,False,0,0,2,0,0.0
181,Silla de ruedas bariátrica,Movilidad,RENTA,2024-07-01,2024,7,0,0,0,0,0,0.0,4,1,0,1,0,17564.62,590.0,26,False,False,0,0,1,0,0.0
181,Silla de ruedas bariátrica,Movilidad,RENTA,2024-08-01,2024,8,0,0,0,0,0,0.0,2,0,0,0,0,17721.88,590.0,27,False,False,0,0,4,0,0.0
181,Silla de ruedas bariátrica,Movilidad,RENTA,2024-09-01,2024,9,0,0,0,0,0,0.0,9,0,0,1,0,17818.57,590.0,27,True,False,0,0,2,0,0.0
181,Silla de ruedas bariátrica,Movilidad,RENTA,2024-10-01,2024,10,0,0,0,0,0,0.0,2,2,0,0,0,17768.24,590.0,26,False,False,0,0,9,0,0.0
181,Silla de ruedas bariátrica,Movilidad,RENTA,2024-11-01,2024,11,0,0,0,0,0,0.0,6,2,0,0,0,17986.04,590.0,23,False,False,0,0,2,0,0.0
181,Silla de ruedas bariátrica,Movilidad,RENTA,2024-12-01,2024,12,0,0,0,0,0,0.0,7,2,1,0,0,17929.42,590.0,21,False,False,0,0,6,0,0.0
181,Silla de ruedas bariátrica,Movilidad,RENTA,2025-01-01,2025,1,0,0,0,0,0,0.0,5,1,4,1,0,17813.14,590.0,22,False,False,0,0,7,0,0.0
181,Silla de ruedas bariátrica,Movilidad,RENTA,2025-02-01,2025,2,0,0,0,0,0,0.0,6,1,1,1,0,17927.63,590.0,23,False,False,0,0,5,0,0.0
181,Silla de ruedas bariátrica,Movilidad,RENTA,2025-03-01,2025,3,0,0,0,0,0,0.0,8,2,1,1,0,17926.63,590.0,21,False,False,0,0,6,0,0.0
181,Silla de ruedas bariátrica,Movilidad,RENTA,2025-04-01,2025,4,0,0,0,0,0,0.0,5,4,0,0,1,17977.18,590.0,19,False,False,0,0,8,0,0.0
181,Silla de ruedas bariátrica,Movilidad,RENTA,2025-05-01,2025,5,0,0,0,0,0,0.0,14,4,1,3,1,18083.68,590.0,17,True,False,0,0,5,0,0.0
181,Silla de ruedas bariátrica,Movilidad,RENTA,2025-06-01,2025,6,0,0,0,0,0,0.0,10,4,1,1,1,17900.43,590.0,15,False,False,0,0,14,0,0.0
181,Silla de ruedas bariátrica,Movilidad,RENTA,2025-07-01,2025,7,0,0,0,0,0,0.0,9,6,0,2,1,17976.74,590.0,16,False,False,0,0,10,0,0.0
181,Silla de ruedas bariátrica,Movilidad,RENTA,2025-08-01,2025,8,0,0,0,0,0,0.0,16,3,1,1,0,17820.02,590.0,14,False,False,0,0,9,0,0.0
181,Silla de ruedas bariátrica,Movilidad,RENTA,2025-09-01,2025,9,0,0,0,0,0,0.0,14,1,1,0,0,17879.24,590.0,21,False,False,0,0,16,0,0.0
181,Silla de ruedas bariátrica,Movilidad,RENTA,2025-10-01,2025,10,0,0,0,0,0,0.0,28,2,1,1,1,17799.02,590.0,21,True,False,0,0,14,0,0.0
181,Silla de ruedas bariátrica,Movilidad,RENTA,2025-11-01,2025,11,0,0,0,0,0,0.0,18,5,0,0,2,17828.63,590.0,19,False,False,0,0,28,0,0.0
181,Silla de ruedas bariátrica,Movilidad,RENTA,2025-12-01,2025,12,0,0,0,0,0,0.0,15,8,7,2,0,17740.72,590.0,17,False,False,0,0,18,0,0.0
181,Silla de ruedas bariátrica,Movilidad,RENTA,2026-01-01,2026,1,0,1,1,0,1,5.0,17,7,3,3,2,17956.08,590.0,15,False,False,0,0,15,0,0.0
181,Silla de ruedas bariátrica,Movilidad,RENTA,2026-02-01,2026,2,0,1,1,0,1,7.0,12,7,0,3,1,18010.86,590.0,14,False,False,0,1,17,1,0.33
181,Silla de ruedas bariátrica,Movilidad,RENTA,2026-03-01,2026,3,0,0,0,0,0,0.0,39,6,4,3,3,18029.47,590.0,13,False,False,0,1,12,1,0.67
181,Silla de ruedas bariátrica,Movilidad,RENTA,2026-04-01,2026,4,0,0,0,0,0,0.0,32,10,2,0,3,18166.9,590.0,13,False,False,0,0,39,0,0.67
181,Silla de ruedas bariátrica,Movilidad,RENTA,2026-05-01,2026,5,0,0,0,0,0,0.0,26,8,5,3,0,18081.4,590.0,14,False,False,0,0,32,0,0.33
181,Silla de ruedas bariátrica,Movilidad,RENTA,2026-06-01,2026,6,0,0,0,0,0,0.0,26,8,5,1,1,18262.71,590.0,11,False,False,0,0,26,0,0.0
181,Silla de ruedas bariátrica,Movilidad,RENTA,2026-07-01,2026,7,0,0,0,0,0,0.0,4,4,0,1,0,18396.5,590.0,12,False,False,0,0,26,0,0.0
182,Andadera plegable aluminio,Apoyo para caminar,MIXTO,2024-01-01,2024,1,0,0,0,0,0,0.0,0,0,0,0,0,2710.26,145.0,28,False,False,0,0,0,0,0.0
182,Andadera plegable aluminio,Apoyo para caminar,MIXTO,2024-02-01,2024,2,0,0,0,0,0,0.0,0,0,0,0,0,2724.76,145.0,28,False,False,0,0,0,0,0.0
182,Andadera plegable aluminio,Apoyo para caminar,MIXTO,2024-03-01,2024,3,0,0,0,0,0,0.0,0,0,0,0,0,2714.7,145.0,33,False,False,0,0,0,0,0.0
182,Andadera plegable aluminio,Apoyo para caminar,MIXTO,2024-04-01,2024,4,3,0,3,1,0,0.0,0,0,0,0,0,2733.43,145.0,31,False,False,0,0,0,0,0.0
182,Andadera plegable aluminio,Apoyo para caminar,MIXTO,2024-05-01,2024,5,11,1,12,4,1,5.0,1,0,0,0,0,2751.29,145.0,28,False,False,3,0,0,3,1.0
182,Andadera plegable aluminio,Apoyo para caminar,MIXTO,2024-06-01,2024,6,4,0,4,2,0,0.0,0,0,0,0,0,2734.57,145.0,16,False,False,11,1,1,12,5.0
182,Andadera plegable aluminio,Apoyo para caminar,MIXTO,2024-07-01,2024,7,2,0,2,1,0,0.0,2,0,0,0,0,2735.25,145.0,9,False,False,4,0,0,4,6.33
182,Andadera plegable aluminio,Apoyo para caminar,MIXTO,2024-08-01,2024,8,3,0,3,1,0,0.0,3,0,0,0,0,2730.96,145.0,24,True,False,2,0,2,2,6.0
182,Andadera plegable aluminio,Apoyo para caminar,MIXTO,2024-09-01,2024,9,8,1,9,4,1,3.0,2,1,0,0,0,2742.95,145.0,19,True,False,3,0,3,3,3.0
182,Andadera plegable aluminio,Apoyo para caminar,MIXTO,2024-10-01,2024,10,10,1,11,4,1,5.0,1,0,3,1,0,2716.23,145.0,14,True,False,8,1,2,9,4.67
182,Andadera plegable aluminio,Apoyo para caminar,MIXTO,2024-11-01,2024,11,6,0,6,2,0,0.0,0,1,0,1,0,2720.83,145.0,28,False,False,10,1,1,11,7.67
182,Andadera plegable aluminio,Apoyo para caminar,MIXTO,2024-12-01,2024,12,7,1,8,5,1,5.0,4,1,1,0,0,2732.88,145.0,20,False,False,6,0,0,6,8.67
182,Andadera plegable aluminio,Apoyo para caminar,MIXTO,2025-01-01,2025,1,13,0,13,4,0,0.0,5,0,0,1,1,2729.06,145.0,13,False,False,7,1,4,8,8.33
182,Andadera plegable aluminio,Apoyo para caminar,MIXTO,2025-02-01,2025,2,10,3,13,4,3,5.67,4,2,1,0,1,2755.1,145.0,25,False,False,13,0,5,13,9.0
182,Andadera plegable aluminio,Apoyo para caminar,MIXTO,2025-03-01,2025,3,6,0,6,2,0,0.0,5,3,0,2,0,2749.44,145.0,14,False,False,10,3,4,13,11.33
182,Andadera plegable aluminio,Apoyo para caminar,MIXTO,2025-04-01,2025,4,4,2,6,2,2,9.0,5,2,2,0,0,2758.57,145.0,5,False,False,6,0,5,6,10.67
182,Andadera plegable aluminio,Apoyo para caminar,MIXTO,2025-05-01,2025,5,23,3,26,7,3,7.33,5,2,0,0,0,2764.94,145.0,18,True,False,4,2,5,6,8.33
182,Andadera plegable aluminio,Apoyo para caminar,MIXTO,2025-06-01,2025,6,6,2,8,3,2,6.0,4,0,2,0,0,2790.51,145.0,36,False,False,23,3,5,26,12.67
182,Andadera plegable aluminio,Apoyo para caminar,MIXTO,2025-07-01,2025,7,3,0,3,1,0,0.0,10,1,0,0,0,2810.59,145.0,25,False,False,6,2,4,8,13.33
182,Andadera plegable aluminio,Apoyo para caminar,MIXTO,2025-08-01,2025,8,15,5,20,6,5,7.2,16,1,0,0,0,2800.09,145.0,20,False,False,3,0,10,3,12.33
182,Andadera plegable aluminio,Apoyo para caminar,MIXTO,2025-09-01,2025,9,8,3,11,2,3,5.33,12,2,0,0,0,2790.52,145.0,30,True,False,15,5,16,20,10.33
182,Andadera plegable aluminio,Apoyo para caminar,MIXTO,2025-10-01,2025,10,9,1,10,4,1,3.0,7,1,2,1,0,2776.39,145.0,17,False,False,8,3,12,11,11.33
182,Andadera plegable aluminio,Apoyo para caminar,MIXTO,2025-11-01,2025,11,30,0,30,10,0,0.0,9,2,0,0,1,2799.17,145.0,37,False,False,9,1,7,10,13.67
182,Andadera plegable aluminio,Apoyo para caminar,MIXTO,2025-12-01,2025,12,22,4,26,9,4,3.75,14,2,1,1,0,2810.06,145.0,54,True,False,30,0,9,30,17.0
182,Andadera plegable aluminio,Apoyo para caminar,MIXTO,2026-01-01,2026,1,34,3,37,13,3,8.33,18,7,2,0,0,2824.76,145.0,28,False,False,22,4,14,26,22.0
182,Andadera plegable aluminio,Apoyo para caminar,MIXTO,2026-02-01,2026,2,38,5,43,16,5,6.8,12,5,3,6,2,2856.6,145.0,40,True,False,34,3,18,37,31.0
182,Andadera plegable aluminio,Apoyo para caminar,MIXTO,2026-03-01,2026,3,27,7,34,11,7,7.57,20,7,1,4,1,2840.89,145.0,65,False,False,38,5,12,43,35.33
182,Andadera plegable aluminio,Apoyo para caminar,MIXTO,2026-04-01,2026,4,42,1,43,16,1,7.0,12,5,1,2,0,2831.47,145.0,35,False,False,27,7,20,34,38.0
182,Andadera plegable aluminio,Apoyo para caminar,MIXTO,2026-05-01,2026,5,53,5,58,18,5,7.8,16,6,2,2,1,2793.45,145.0,43,False,False,42,1,12,43,40.0
182,Andadera plegable aluminio,Apoyo para caminar,MIXTO,2026-06-01,2026,6,21,2,23,7,2,6.5,17,5,1,2,1,2793.56,145.0,59,False,False,53,5,16,58,45.0
182,Andadera plegable aluminio,Apoyo para caminar,MIXTO,2026-07-01,2026,7,19,1,20,6,1,6.0,1,1,1,1,0,2781.54,145.0,39,False,False,21,2,17,23,41.33
183,Bastón de cuatro apoyos,Apoyo para caminar,VENTA,2024-01-01,2024,1,0,0,0,0,0,0.0,0,0,0,0,0,1262.39,0.0,25,True,False,0,0,0,0,0.0
183,Bastón de cuatro apoyos,Apoyo para caminar,VENTA,2024-02-01,2024,2,0,0,0,0,0,0.0,0,0,0,0,0,1266.51,0.0,23,False,False,0,0,0,0,0.0
183,Bastón de cuatro apoyos,Apoyo para caminar,VENTA,2024-03-01,2024,3,0,0,0,0,0,0.0,0,0,0,0,0,1281.19,0.0,20,True,False,0,0,0,0,0.0
183,Bastón de cuatro apoyos,Apoyo para caminar,VENTA,2024-04-01,2024,4,0,0,0,0,0,0.0,0,0,0,0,0,1271.77,0.0,20,False,False,0,0,0,0,0.0
183,Bastón de cuatro apoyos,Apoyo para caminar,VENTA,2024-05-01,2024,5,10,0,10,3,0,0.0,1,0,0,0,0,1270.25,0.0,21,False,False,0,0,0,0,0.0
183,Bastón de cuatro apoyos,Apoyo para caminar,VENTA,2024-06-01,2024,6,1,0,1,1,0,0.0,3,1,0,0,0,1265.43,0.0,39,False,False,10,0,1,10,3.33
183,Bastón de cuatro apoyos,Apoyo para caminar,VENTA,2024-07-01,2024,7,0,0,0,0,0,0.0,2,0,0,0,0,1274.61,0.0,37,False,False,1,0,3,1,3.67
183,Bastón de cuatro apoyos,Apoyo para caminar,VENTA,2024-08-01,2024,8,0,0,0,0,0,0.0,5,1,0,0,0,1258.45,0.0,35,False,False,0,0,2,0,3.67
183,Bastón de cuatro apoyos,Apoyo para caminar,VENTA,2024-09-01,2024,9,4,0,4,1,0,0.0,0,0,4,1,0,1262.19,0.0,33,False,False,0,0,5,0,0.33
183,Bastón de cuatro apoyos,Apoyo para caminar,VENTA,2024-10-01,2024,10,2,0,2,1,0,0.0,4,3,0,0,0,1272.89,0.0,29,False,False,4,0,0,4,1.33
183,Bastón de cuatro apoyos,Apoyo para caminar,VENTA,2024-11-01,2024,11,7,0,7,2,0,0.0,9,1,2,0,0,1271.96,0.0,27,True,False,2,0,4,2,2.0
183,Bastón de cuatro apoyos,Apoyo para caminar,VENTA,2024-12-01,2024,12,3,0,3,1,0,0.0,9,1,0,0,1,1292.41,0.0,19,True,False,7,0,9,7,4.33
183,Bastón de cuatro apoyos,Apoyo para caminar,VENTA,2025-01-01,2025,1,5,0,5,2,0,0.0,4,0,4,1,1,1315.22,0.0,19,True,False,3,0,9,3,4.0
183,Bastón de cuatro apoyos,Apoyo para caminar,VENTA,2025-02-01,2025,2,8,0,8,3,0,0.0,8,0,2,1,0,1323.63,0.0,15,False,False,5,0,4,5,5.0
183,Bastón de cuatro apoyos,Apoyo para caminar,VENTA,2025-03-01,2025,3,3,0,3,1,0,0.0,5,4,0,1,1,1325.2,0.0,34,False,False,8,0,8,8,5.33
183,Bastón de cuatro apoyos,Apoyo para caminar,VENTA,2025-04-01,2025,4,5,0,5,2,0,0.0,10,6,2,1,0,1309.72,0.0,30,True,False,3,0,5,3,5.33
183,Bastón de cuatro apoyos,Apoyo para caminar,VENTA,2025-05-01,2025,5,12,0,12,4,0,0.0,11,2,0,0,0,1320.8,0.0,24,False,False,5,0,10,5,5.33
183,Bastón de cuatro apoyos,Apoyo para caminar,VENTA,2025-06-01,2025,6,6,0,6,3,0,0.0,10,2,1,1,0,1331.21,0.0,41,False,False,12,0,11,12,6.67
183,Bastón de cuatro apoyos,Apoyo para caminar,VENTA,2025-07-01,2025,7,16,0,16,6,0,0.0,11,0,2,0,0,1319.83,0.0,33,False,False,6,0,10,6,7.67
183,Bastón de cuatro apoyos,Apoyo para caminar,VENTA,2025-08-01,2025,8,22,0,22,6,0,0.0,21,4,0,4,1,1325.17,0.0,21,True,False,16,0,11,16,11.33
183,Bastón de cuatro apoyos,Apoyo para caminar,VENTA,2025-09-01,2025,9,14,0,14,5,0,0.0,22,4,2,1,1,1327.3,0.0,30,True,False,22,0,21,22,14.67
183,Bastón de cuatro apoyos,Apoyo para caminar,VENTA,2025-10-01,2025,10,7,0,7,4,0,0.0,13,4,3,3,1,1341.27,0.0,15,False,False,14,0,22,14,17.33
183,Bastón de cuatro apoyos,Apoyo para caminar,VENTA,2025-11-01,2025,11,13,0,13,6,0,0.0,19,5,1,1,3,1342.03,0.0,20,False,False,7,0,13,7,14.33
183,Bastón de cuatro apoyos,Apoyo para caminar,VENTA,2025-12-01,2025,12,17,0,17,7,0,0.0,21,6,0,2,0,1339.07,0.0,3,False,False,13,0,19,13,11.33
183,Bastón de cuatro apoyos,Apoyo para caminar,VENTA,2026-01-01,2026,1,2,0,2,1,0,0.0,24,3,3,2,2,1330.84,0.0,25,False,False,17,0,21,17,12.33
183,Bastón de cuatro apoyos,Apoyo para caminar,VENTA,2026-02-01,2026,2,26,0,26,9,0,0.0,16,7,4,3,0,1325.22,0.0,23,False,False,2,0,24,2,10.67
183,Bastón de cuatro apoyos,Apoyo para caminar,VENTA,2026-03-01,2026,3,23,0,23,7,0,0.0,23,9,1,3,0,1324.46,0.0,34,False,False,26,0,16,26,15.0
183,Bastón de cuatro apoyos,Apoyo para caminar,VENTA,2026-04-01,2026,4,25,0,25,10,0,0.0,23,14,2,2,1,1324.56,0.0,51,False,False,23,0,23,23,17.0
183,Bastón de cuatro apoyos,Apoyo para caminar,VENTA,2026-05-01,2026,5,20,0,20,6,0,0.0,23,11,4,2,2,1325.47,0.0,25,False,False,25,0,23,25,24.67
183,Bastón de cuatro apoyos,Apoyo para caminar,VENTA,2026-06-01,2026,6,44,0,44,14,0,0.0,31,7,5,4,3,1325.35,0.0,42,False,False,20,0,23,20,22.67
183,Bastón de cuatro apoyos,Apoyo para caminar,VENTA,2026-07-01,2026,7,6,0,6,3,0,0.0,8,3,0,1,0,1318.19,0.0,56,False,False,44,0,31,44,29.67
184,Muletas axilares ajustables,Apoyo para caminar,MIXTO,2024-01-01,2024,1,0,0,0,0,0,0.0,0,0,0,0,0,1610.67,95.0,38,False,False,0,0,0,0,0.0
184,Muletas axilares ajustables,Apoyo para caminar,MIXTO,2024-02-01,2024,2,0,0,0,0,0,0.0,0,0,0,0,0,1614.1,95.0,34,False,False,0,0,0,0,0.0
184,Muletas axilares ajustables,Apoyo para caminar,MIXTO,2024-03-01,2024,3,0,0,0,0,0,0.0,0,0,0,0,0,1614.54,95.0,33,True,False,0,0,0,0,0.0
184,Muletas axilares ajustables,Apoyo para caminar,MIXTO,2024-04-01,2024,4,3,0,3,1,0,0.0,3,0,0,0,0,1612.69,95.0,35,True,False,0,0,0,0,0.0
184,Muletas axilares ajustables,Apoyo para caminar,MIXTO,2024-05-01,2024,5,4,0,4,1,0,0.0,0,0,2,0,0,1622.65,95.0,35,False,False,3,0,3,3,1.0
184,Muletas axilares ajustables,Apoyo para caminar,MIXTO,2024-06-01,2024,6,0,1,1,0,1,8.0,0,0,0,0,0,1604.3,95.0,28,False,False,4,0,0,4,2.33
184,Muletas axilares ajustables,Apoyo para caminar,MIXTO,2024-07-01,2024,7,4,1,5,1,1,3.0,3,2,0,0,0,1607.93,95.0,27,False,False,0,1,0,1,2.67
184,Muletas axilares ajustables,Apoyo para caminar,MIXTO,2024-08-01,2024,8,8,0,8,2,0,0.0,1,1,0,0,0,1621.14,95.0,23,False,False,4,1,3,5,3.33
184,Muletas axilares ajustables,Apoyo para caminar,MIXTO,2024-09-01,2024,9,7,1,8,3,1,4.0,6,0,0,0,0,1634.9,95.0,15,False,False,8,0,1,8,4.67
184,Muletas axilares ajustables,Apoyo para caminar,MIXTO,2024-10-01,2024,10,0,1,1,0,1,8.0,5,2,1,0,0,1631.4,95.0,25,False,False,7,1,6,8,7.0
184,Muletas axilares ajustables,Apoyo para caminar,MIXTO,2024-11-01,2024,11,1,0,1,1,0,0.0,3,1,0,0,0,1646.05,95.0,23,False,False,0,1,5,1,5.67
184,Muletas axilares ajustables,Apoyo para caminar,MIXTO,2024-12-01,2024,12,13,2,15,4,2,12.0,9,0,1,0,0,1660.51,95.0,22,False,False,1,0,3,1,3.33
184,Muletas axilares ajustables,Apoyo para caminar,MIXTO,2025-01-01,2025,1,6,3,9,2,3,8.0,3,2,0,0,0,1666.92,95.0,37,False,False,13,2,9,15,5.67
184,Muletas axilares ajustables,Apoyo para caminar,MIXTO,2025-02-01,2025,2,4,0,4,2,0,0.0,5,0,0,0,0,1679.07,95.0,28,False,False,6,3,3,9,8.33
184,Muletas axilares ajustables,Apoyo para caminar,MIXTO,2025-03-01,2025,3,0,2,2,0,2,11.0,10,3,1,2,0,1685.15,95.0,25,True,False,4,0,5,4,9.33
184,Muletas axilares ajustables,Apoyo para caminar,MIXTO,2025-04-01,2025,4,7,1,8,2,1,5.0,4,3,0,0,0,1676.01,95.0,22,False,False,0,2,10,2,5.0
184,Muletas axilares ajustables,Apoyo para caminar,MIXTO,2025-05-01,2025,5,9,2,11,4,2,9.5,11,1,1,1,1,1698.07,95.0,36,False,False,7,1,4,8,4.67
184,Muletas axilares ajustables,Apoyo para caminar,MIXTO,2025-06-01,2025,6,10,4,14,3,4,8.0,12,1,1,0,0,1692.14,95.0,26,False,False,9,2,11,11,7.0
184,Muletas axilares ajustables,Apoyo para caminar,MIXTO,2025-07-01,2025,7,7,2,9,3,2,9.0,11,4,3,1,2,1713.28,95.0,11,False,False,10,4,12,14,11.0
184,Muletas axilares ajustables,Apoyo para caminar,MIXTO,2025-08-01,2025,8,22,6,28,8,6,7.33,10,9,3,0,0,1713.77,95.0,29,False,False,7,2,11,9,11.33
184,Muletas axilares ajustables,Apoyo para caminar,MIXTO,2025-09-01,2025,9,26,2,28,9,2,8.5,20,2,4,2,1,1705.69,95.0,45,True,False,22,6,10,28,17.0
184,Muletas axilares ajustables,Apoyo para caminar,MIXTO,2025-10-01,2025,10,27,2,29,9,2,7.5,17,6,3,0,0,1701.9,95.0,17,False,False,26,2,20,28,21.67
184,Muletas axilares ajustables,Apoyo para caminar,MIXTO,2025-11-01,2025,11,26,5,31,8,5,8.0,25,4,3,0,0,1700.98,95.0,32,True,False,27,2,17,29,28.33
184,Muletas axilares ajustables,Apoyo para caminar,MIXTO,2025-12-01,2025,12,18,7,25,8,7,9.0,19,8,2,2,3,1688.25,95.0,53,True,False,26,5,25,31,29.33
184,Muletas axilares ajustables,Apoyo para caminar,MIXTO,2026-01-01,2026,1,10,7,17,4,7,6.86,23,2,3,1,3,1702.21,95.0,34,False,False,18,7,19,25,28.33
184,Muletas axilares ajustables,Apoyo para caminar,MIXTO,2026-02-01,2026,2,27,3,30,10,3,5.67,34,5,6,1,1,1709.11,95.0,14,True,False,10,7,23,17,24.33
184,Muletas axilares ajustables,Apoyo para caminar,MIXTO,2026-03-01,2026,3,27,6,33,9,6,9.0,36,12,4,2,1,1718.19,95.0,39,True,False,27,3,34,30,24.0
184,Muletas axilares ajustables,Apoyo para caminar,MIXTO,2026-04-01,2026,4,34,0,34,10,0,0.0,37,11,10,3,4,1720.22,95.0,56,False,False,27,6,36,33,26.67
184,Muletas axilares ajustables,Apoyo para caminar,MIXTO,2026-05-01,2026,5,43,3,46,15,3,7.33,38,13,7,1,0,1720.16,95.0,27,False,False,34,0,37,34,32.33
184,Muletas axilares ajustables,Apoyo para caminar,MIXTO,2026-06-01,2026,6,44,5,49,15,5,7.8,24,4,6,4,3,1719.67,95.0,42,False,False,43,3,38,46,37.67
184,Muletas axilares ajustables,Apoyo para caminar,MIXTO,2026-07-01,2026,7,11,3,14,4,3,12.33,11,3,1,0,1,1719.87,95.0,71,True,False,44,5,24,49,43.0
185,Concentrador de oxígeno 5 L,Oxigenoterapia,RENTA,2024-01-01,2024,1,0,0,0,0,0,0.0,0,0,0,0,0,23555.69,690.0,24,False,True,0,0,0,0,0.0
185,Concentrador de oxígeno 5 L,Oxigenoterapia,RENTA,2024-02-01,2024,2,0,0,0,0,0,0.0,0,0,2,0,0,23633.5,690.0,26,False,True,0,0,0,0,0.0
185,Concentrador de oxígeno 5 L,Oxigenoterapia,RENTA,2024-03-01,2024,3,0,0,0,0,0,0.0,0,0,0,0,0,23599.09,690.0,24,False,True,0,0,0,0,0.0
185,Concentrador de oxígeno 5 L,Oxigenoterapia,RENTA,2024-04-01,2024,4,0,0,0,0,0,0.0,0,0,0,0,0,23507.2,690.0,24,False,True,0,0,0,0,0.0
185,Concentrador de oxígeno 5 L,Oxigenoterapia,RENTA,2024-05-01,2024,5,0,0,0,0,0,0.0,1,1,0,0,0,23305.02,690.0,24,True,True,0,0,0,0,0.0
185,Concentrador de oxígeno 5 L,Oxigenoterapia,RENTA,2024-06-01,2024,6,0,0,0,0,0,0.0,1,0,0,1,0,23175.75,690.0,22,False,True,0,0,1,0,0.0
185,Concentrador de oxígeno 5 L,Oxigenoterapia,RENTA,2024-07-01,2024,7,0,0,0,0,0,0.0,4,0,0,0,0,23146.45,690.0,18,False,True,0,0,1,0,0.0
185,Concentrador de oxígeno 5 L,Oxigenoterapia,RENTA,2024-08-01,2024,8,0,0,0,0,0,0.0,1,1,2,1,0,23163.39,690.0,20,False,True,0,0,4,0,0.0
185,Concentrador de oxígeno 5 L,Oxigenoterapia,RENTA,2024-09-01,2024,9,0,0,0,0,0,0.0,2,0,0,0,0,23233.19,690.0,20,False,True,0,0,1,0,0.0
185,Concentrador de oxígeno 5 L,Oxigenoterapia,RENTA,2024-10-01,2024,10,0,0,0,0,0,0.0,1,2,0,0,2,23370.54,690.0,17,False,True,0,0,2,0,0.0
185,Concentrador de oxígeno 5 L,Oxigenoterapia,RENTA,2024-11-01,2024,11,0,0,0,0,0,0.0,4,2,0,1,0,23284.58,690.0,23,False,True,0,0,1,0,0.0
185,Concentrador de oxígeno 5 L,Oxigenoterapia,RENTA,2024-12-01,2024,12,0,0,0,0,0,0.0,5,2,0,1,0,23171.77,690.0,24,False,True,0,0,4,0,0.0
185,Concentrador de oxígeno 5 L,Oxigenoterapia,RENTA,2025-01-01,2025,1,0,0,0,0,0,0.0,3,1,1,0,0,23401.63,690.0,21,False,True,0,0,5,0,0.0
185,Concentrador de oxígeno 5 L,Oxigenoterapia,RENTA,2025-02-01,2025,2,0,0,0,0,0,0.0,8,1,1,2,0,23547.64,690.0,17,False,True,0,0,3,0,0.0
185,Concentrador de oxígeno 5 L,Oxigenoterapia,RENTA,2025-03-01,2025,3,0,0,0,0,0,0.0,4,2,0,0,0,23607.79,690.0,17,True,True,0,0,8,0,0.0
185,Concentrador de oxígeno 5 L,Oxigenoterapia,RENTA,2025-04-01,2025,4,0,0,0,0,0,0.0,5,2,0,1,0,23607.45,690.0,17,False,True,0,0,4,0,0.0
185,Concentrador de oxígeno 5 L,Oxigenoterapia,RENTA,2025-05-01,2025,5,0,0,0,0,0,0.0,14,0,1,0,0,23573.08,690.0,15,True,True,0,0,5,0,0.0
185,Concentrador de oxígeno 5 L,Oxigenoterapia,RENTA,2025-06-01,2025,6,0,0,0,0,0,0.0,7,3,3,0,0,23272.06,690.0,11,False,True,0,0,14,0,0.0
185,Concentrador de oxígeno 5 L,Oxigenoterapia,RENTA,2025-07-01,2025,7,0,0,0,0,0,0.0,7,2,0,0,0,23208.26,690.0,11,False,True,0,0,7,0,0.0
185,Concentrador de oxígeno 5 L,Oxigenoterapia,RENTA,2025-08-01,2025,8,0,0,0,0,0,0.0,15,1,2,1,0,23274.86,690.0,12,True,True,0,0,7,0,0.0
185,Concentrador de oxígeno 5 L,Oxigenoterapia,RENTA,2025-09-01,2025,9,0,0,0,0,0,0.0,8,3,1,2,0,23140.99,690.0,14,False,True,0,0,15,0,0.0
185,Concentrador de oxígeno 5 L,Oxigenoterapia,RENTA,2025-10-01,2025,10,0,0,0,0,0,0.0,11,4,1,0,0,23065.76,690.0,13,False,True,0,0,8,0,0.0
185,Concentrador de oxígeno 5 L,Oxigenoterapia,RENTA,2025-11-01,2025,11,0,0,0,0,0,0.0,12,6,2,0,0,23099.86,690.0,14,False,True,0,0,11,0,0.0
185,Concentrador de oxígeno 5 L,Oxigenoterapia,RENTA,2025-12-01,2025,12,0,0,0,0,0,0.0,11,6,1,1,0,23033.98,690.0,15,False,True,0,0,12,0,0.0
185,Concentrador de oxígeno 5 L,Oxigenoterapia,RENTA,2026-01-01,2026,1,0,0,0,0,0,0.0,13,5,3,0,0,23258.13,690.0,12,False,True,0,0,11,0,0.0
185,Concentrador de oxígeno 5 L,Oxigenoterapia,RENTA,2026-02-01,2026,2,0,0,0,0,0,0.0,15,7,5,3,1,23334.64,690.0,9,True,True,0,0,13,0,0.0
185,Concentrador de oxígeno 5 L,Oxigenoterapia,RENTA,2026-03-01,2026,3,0,1,1,0,1,8.0,19,3,3,0,1,23339.01,690.0,19,False,True,0,0,15,0,0.0
185,Concentrador de oxígeno 5 L,Oxigenoterapia,RENTA,2026-04-01,2026,4,0,0,0,0,0,0.0,24,6,1,1,1,23123.23,690.0,21,False,True,0,1,19,1,0.33
185,Concentrador de oxígeno 5 L,Oxigenoterapia,RENTA,2026-05-01,2026,5,0,1,1,0,1,7.0,27,4,3,3,0,23013.1,690.0,20,False,True,0,0,24,0,0.33
185,Concentrador de oxígeno 5 L,Oxigenoterapia,RENTA,2026-06-01,2026,6,0,0,0,0,0,0.0,16,7,0,1,2,22925.93,690.0,18,False,True,0,1,27,1,0.67
185,Concentrador de oxígeno 5 L,Oxigenoterapia,RENTA,2026-07-01,2026,7,0,0,0,0,0,0.0,4,3,0,1,0,23063.19,690.0,18,True,True,0,0,16,0,0.33
186,Concentrador de oxígeno portátil,Oxigenoterapia,MIXTO,2024-01-01,2024,1,0,0,0,0,0,0.0,0,0,0,0,0,39164.75,950.0,43,True,True,0,0,0,0,0.0
186,Concentrador de oxígeno portátil,Oxigenoterapia,MIXTO,2024-02-01,2024,2,0,0,0,0,0,0.0,0,0,0,0,0,39158.24,950.0,43,True,True,0,0,0,0,0.0
186,Concentrador de oxígeno portátil,Oxigenoterapia,MIXTO,2024-03-01,2024,3,0,0,0,0,0,0.0,1,1,0,0,1,39356.11,950.0,44,True,True,0,0,0,0,0.0
186,Concentrador de oxígeno portátil,Oxigenoterapia,MIXTO,2024-04-01,2024,4,0,0,0,0,0,0.0,0,0,0,0,0,39987.69,950.0,48,False,True,0,0,1,0,0.0
186,Concentrador de oxígeno portátil,Oxigenoterapia,MIXTO,2024-05-01,2024,5,0,0,0,0,0,0.0,1,0,0,0,0,40020.86,950.0,50,True,True,0,0,0,0,0.0
186,Concentrador de oxígeno portátil,Oxigenoterapia,MIXTO,2024-06-01,2024,6,0,0,0,0,0,0.0,3,1,0,0,0,40019.61,950.0,53,True,True,0,0,1,0,0.0
186,Concentrador de oxígeno portátil,Oxigenoterapia,MIXTO,2024-07-01,2024,7,0,0,0,0,0,0.0,1,0,0,0,0,40238.62,950.0,52,False,True,0,0,3,0,0.0
186,Concentrador de oxígeno portátil,Oxigenoterapia,MIXTO,2024-08-01,2024,8,0,0,0,0,0,0.0,2,1,0,0,2,40476.15,950.0,52,False,True,0,0,1,0,0.0
186,Concentrador de oxígeno portátil,Oxigenoterapia,MIXTO,2024-09-01,2024,9,0,0,0,0,0,0.0,1,1,0,0,0,40556.7,950.0,51,False,True,0,0,2,0,0.0
186,Concentrador de oxígeno portátil,Oxigenoterapia,MIXTO,2024-10-01,2024,10,0,0,0,0,0,0.0,5,2,0,0,0,40441.39,950.0,48,False,True,0,0,1,0,0.0
186,Concentrador de oxígeno portátil,Oxigenoterapia,MIXTO,2024-11-01,2024,11,0,0,0,0,0,0.0,3,0,0,0,0,40699.88,950.0,49,False,True,0,0,5,0,0.0
186,Concentrador de oxígeno portátil,Oxigenoterapia,MIXTO,2024-12-01,2024,12,0,0,0,0,0,0.0,4,1,0,0,0,41128.86,950.0,46,False,True,0,0,3,0,0.0
186,Concentrador de oxígeno portátil,Oxigenoterapia,MIXTO,2025-01-01,2025,1,0,0,0,0,0,0.0,3,3,0,0,0,41195.43,950.0,43,False,True,0,0,4,0,0.0
186,Concentrador de oxígeno portátil,Oxigenoterapia,MIXTO,2025-02-01,2025,2,0,0,0,0,0,0.0,7,2,2,0,0,41156.2,950.0,43,False,True,0,0,3,0,0.0
186,Concentrador de oxígeno portátil,Oxigenoterapia,MIXTO,2025-03-01,2025,3,0,0,0,0,0,0.0,2,2,0,1,0,41189.99,950.0,41,False,True,0,0,7,0,0.0
186,Concentrador de oxígeno portátil,Oxigenoterapia,MIXTO,2025-04-01,2025,4,1,0,1,1,0,0.0,1,4,2,0,0,41387.77,950.0,38,False,True,0,0,2,0,0.0
186,Concentrador de oxígeno portátil,Oxigenoterapia,MIXTO,2025-05-01,2025,5,0,0,0,0,0,0.0,11,0,1,1,0,41387.48,950.0,38,True,True,1,0,1,1,0.33
186,Concentrador de oxígeno portátil,Oxigenoterapia,MIXTO,2025-06-01,2025,6,0,0,0,0,0,0.0,8,4,1,0,1,41130.02,950.0,38,False,True,0,0,11,0,0.33
186,Concentrador de oxígeno portátil,Oxigenoterapia,MIXTO,2025-07-01,2025,7,0,0,0,0,0,0.0,12,2,2,1,0,41238.61,950.0,37,False,True,0,0,8,0,0.33
186,Concentrador de oxígeno portátil,Oxigenoterapia,MIXTO,2025-08-01,2025,8,0,0,0,0,0,0.0,8,3,3,0,0,41387.57,950.0,39,False,True,0,0,12,0,0.0
186,Concentrador de oxígeno portátil,Oxigenoterapia,MIXTO,2025-09-01,2025,9,1,0,1,1,0,0.0,16,7,3,2,0,41387.64,950.0,40,True,True,0,0,8,0,0.0
186,Concentrador de oxígeno portátil,Oxigenoterapia,MIXTO,2025-10-01,2025,10,1,0,1,1,0,0.0,10,9,1,1,0,41387.23,950.0,43,True,True,1,0,16,1,0.33
186,Concentrador de oxígeno portátil,Oxigenoterapia,MIXTO,2025-11-01,2025,11,0,0,0,0,0,0.0,20,9,1,2,0,41387.45,950.0,44,True,True,1,0,10,1,0.67
186,Concentrador de oxígeno portátil,Oxigenoterapia,MIXTO,2025-12-01,2025,12,0,0,0,0,0,0.0,22,5,6,2,1,41387.78,950.0,44,True,True,0,0,20,0,0.67
186,Concentrador de oxígeno portátil,Oxigenoterapia,MIXTO,2026-01-01,2026,1,0,0,0,0,0,0.0,23,5,3,0,1,41387.67,950.0,42,False,True,0,0,22,0,0.33
186,Concentrador de oxígeno portátil,Oxigenoterapia,MIXTO,2026-02-01,2026,2,8,0,8,3,0,0.0,14,3,2,3,2,41134.86,950.0,44,False,True,0,0,23,0,0.0
186,Concentrador de oxígeno portátil,Oxigenoterapia,MIXTO,2026-03-01,2026,3,2,0,2,2,0,0.0,30,6,7,3,1,41250.45,950.0,33,True,True,8,0,14,8,2.67
186,Concentrador de oxígeno portátil,Oxigenoterapia,MIXTO,2026-04-01,2026,4,0,0,0,0,0,0.0,12,5,2,2,1,41372.1,950.0,38,False,True,2,0,30,2,3.33
186,Concentrador de oxígeno portátil,Oxigenoterapia,MIXTO,2026-05-01,2026,5,1,0,1,1,0,0.0,27,7,3,3,0,41387.26,950.0,37,False,True,0,0,12,0,3.33
186,Concentrador de oxígeno portátil,Oxigenoterapia,MIXTO,2026-06-01,2026,6,0,0,0,0,0,0.0,25,7,2,2,0,41346.49,950.0,36,False,True,1,0,27,1,1.0
186,Concentrador de oxígeno portátil,Oxigenoterapia,MIXTO,2026-07-01,2026,7,0,0,0,0,0,0.0,6,0,3,1,0,41387.48,950.0,36,True,True,0,0,25,0,0.33
187,Tanque de oxígeno 682 L,Oxigenoterapia,MIXTO,2024-01-01,2024,1,0,0,0,0,0,0.0,0,0,0,0,0,8213.46,310.0,36,True,True,0,0,0,0,0.0
187,Tanque de oxígeno 682 L,Oxigenoterapia,MIXTO,2024-02-01,2024,2,0,0,0,0,0,0.0,0,0,0,0,0,8179.56,310.0,36,True,True,0,0,0,0,0.0
187,Tanque de oxígeno 682 L,Oxigenoterapia,MIXTO,2024-03-01,2024,3,0,0,0,0,0,0.0,1,0,0,0,0,8226.24,310.0,37,True,True,0,0,0,0,0.0
187,Tanque de oxígeno 682 L,Oxigenoterapia,MIXTO,2024-04-01,2024,4,1,0,1,1,0,0.0,1,0,0,0,0,8281.45,310.0,37,False,True,0,0,1,0,0.0
187,Tanque de oxígeno 682 L,Oxigenoterapia,MIXTO,2024-05-01,2024,5,0,0,0,0,0,0.0,0,0,0,0,0,8306.09,310.0,35,False,True,1,0,1,1,0.33
187,Tanque de oxígeno 682 L,Oxigenoterapia,MIXTO,2024-06-01,2024,6,0,1,1,0,1,5.0,1,0,0,0,0,8293.98,310.0,35,True,True,0,0,0,0,0.33
187,Tanque de oxígeno 682 L,Oxigenoterapia,MIXTO,2024-07-01,2024,7,0,0,0,0,0,0.0,1,0,1,0,0,8238.73,310.0,35,False,True,0,1,1,1,0.67
187,Tanque de oxígeno 682 L,Oxigenoterapia,MIXTO,2024-08-01,2024,8,0,0,0,0,0,0.0,0,2,0,0,0,8258.77,310.0,34,False,True,0,0,1,0,0.33
187,Tanque de oxígeno 682 L,Oxigenoterapia,MIXTO,2024-09-01,2024,9,1,0,1,1,0,0.0,4,4,0,0,0,8266.77,310.0,34,False,True,0,0,0,0,0.33
187,Tanque de oxígeno 682 L,Oxigenoterapia,MIXTO,2024-10-01,2024,10,3,0,3,1,0,0.0,3,0,1,0,0,8285.7,310.0,33,True,True,1,0,4,1,0.33
187,Tanque de oxígeno 682 L,Oxigenoterapia,MIXTO,2024-11-01,2024,11,0,1,1,0,1,3.0,1,1,0,0,0,8271.28,310.0,35,False,True,3,0,3,3,1.33
187,Tanque de oxígeno 682 L,Oxigenoterapia,MIXTO,2024-12-01,2024,12,2,2,4,1,2,10.0,4,1,2,0,0,8351.17,310.0,34,False,True,0,1,1,1,1.67
187,Tanque de oxígeno 682 L,Oxigenoterapia,MIXTO,2025-01-01,2025,1,7,0,7,4,0,0.0,10,1,1,0,0,8346.68,310.0,29,False,True,2,2,4,4,2.67
187,Tanque de oxígeno 682 L,Oxigenoterapia,MIXTO,2025-02-01,2025,2,0,0,0,0,0,0.0,4,1,1,0,0,8376.67,310.0,20,False,True,7,0,10,7,4.0
187,Tanque de oxígeno 682 L,Oxigenoterapia,MIXTO,2025-03-01,2025,3,7,0,7,2,0,0.0,4,1,2,0,0,8357.96,310.0,22,False,True,0,0,4,0,3.67
187,Tanque de oxígeno 682 L,Oxigenoterapia,MIXTO,2025-04-01,2025,4,5,0,5,3,0,0.0,6,0,0,0,1,8352.57,310.0,39,False,True,7,0,4,7,4.67
187,Tanque de oxígeno 682 L,Oxigenoterapia,MIXTO,2025-05-01,2025,5,4,3,7,2,3,5.67,6,1,0,0,0,8363.5,310.0,34,False,True,5,0,6,5,4.0
187,Tanque de oxígeno 682 L,Oxigenoterapia,MIXTO,2025-06-01,2025,6,8,1,9,5,1,3.0,15,3,2,1,0,8352.0,310.0,26,True,True,4,3,6,7,6.33
187,Tanque de oxígeno 682 L,Oxigenoterapia,MIXTO,2025-07-01,2025,7,4,0,4,3,0,0.0,19,4,1,0,0,8354.83,310.0,23,True,True,8,1,15,9,7.0
187,Tanque de oxígeno 682 L,Oxigenoterapia,MIXTO,2025-08-01,2025,8,4,0,4,3,0,0.0,5,4,0,3,1,8424.0,310.0,21,False,True,4,0,19,4,6.67
187,Tanque de oxígeno 682 L,Oxigenoterapia,MIXTO,2025-09-01,2025,9,6,0,6,3,0,0.0,18,3,1,1,0,8459.06,310.0,15,False,True,4,0,5,4,5.67
187,Tanque de oxígeno 682 L,Oxigenoterapia,MIXTO,2025-10-01,2025,10,7,1,8,2,1,5.0,14,5,3,1,0,8505.92,310.0,6,False,True,6,0,18,6,4.67
187,Tanque de oxígeno 682 L,Oxigenoterapia,MIXTO,2025-11-01,2025,11,16,1,17,12,1,8.0,26,4,6,2,1,8507.46,310.0,25,True,True,7,1,14,8,6.0
187,Tanque de oxígeno 682 L,Oxigenoterapia,MIXTO,2025-12-01,2025,12,22,5,27,12,5,6.0,30,14,4,1,1,8548.99,310.0,38,True,True,16,1,26,17,10.33
187,Tanque de oxígeno 682 L,Oxigenoterapia,MIXTO,2026-01-01,2026,1,10,1,11,4,1,5.0,18,5,7,1,0,8514.85,310.0,59,False,True,22,5,30,27,17.33
187,Tanque de oxígeno 682 L,Oxigenoterapia,MIXTO,2026-02-01,2026,2,11,2,13,5,2,5.5,28,6,2,2,0,8590.45,310.0,43,False,True,10,1,18,11,18.33
187,Tanque de oxígeno 682 L,Oxigenoterapia,MIXTO,2026-03-01,2026,3,5,1,6,3,1,8.0,27,10,3,2,1,8598.14,310.0,29,False,True,11,2,28,13,17.0
187,Tanque de oxígeno 682 L,Oxigenoterapia,MIXTO,2026-04-01,2026,4,16,2,18,8,2,8.5,25,14,3,2,2,8539.74,310.0,22,False,True,5,1,27,6,10.0
187,Tanque de oxígeno 682 L,Oxigenoterapia,MIXTO,2026-05-01,2026,5,20,2,22,12,2,6.0,30,10,8,5,2,8505.62,310.0,28,True,True,16,2,25,18,12.33
187,Tanque de oxígeno 682 L,Oxigenoterapia,MIXTO,2026-06-01,2026,6,34,1,35,15,1,5.0,19,9,5,2,6,8516.96,310.0,45,True,True,20,2,30,22,15.33
187,Tanque de oxígeno 682 L,Oxigenoterapia,MIXTO,2026-07-01,2026,7,13,0,13,4,0,0.0,7,0,0,1,0,8609.49,310.0,63,False,True,34,1,19,35,25.0
188,Nebulizador compresor,Oxigenoterapia,VENTA,2024-01-01,2024,1,0,0,0,0,0,0.0,0,0,0,0,0,1736.6,0.0,40,False,False,0,0,0,0,0.0
188,Nebulizador compresor,Oxigenoterapia,VENTA,2024-02-01,2024,2,2,0,2,1,0,0.0,1,0,0,0,0,1720.31,0.0,42,False,False,0,0,0,0,0.0
188,Nebulizador compresor,Oxigenoterapia,VENTA,2024-03-01,2024,3,0,0,0,0,0,0.0,0,0,0,0,0,1732.12,0.0,39,True,False,2,0,1,2,1.0
188,Nebulizador compresor,Oxigenoterapia,VENTA,2024-04-01,2024,4,1,0,1,1,0,0.0,0,0,1,0,0,1733.46,0.0,40,False,False,0,0,0,0,0.67
188,Nebulizador compresor,Oxigenoterapia,VENTA,2024-05-01,2024,5,4,0,4,1,0,0.0,0,0,0,0,0,1728.45,0.0,38,False,False,1,0,0,1,1.0
188,Nebulizador compresor,Oxigenoterapia,VENTA,2024-06-01,2024,6,4,0,4,1,0,0.0,1,0,0,0,1,1742.48,0.0,44,False,False,4,0,0,4,1.67
188,Nebulizador compresor,Oxigenoterapia,VENTA,2024-07-01,2024,7,6,0,6,2,0,0.0,1,0,0,0,0,1746.91,0.0,39,False,False,4,0,1,4,3.0
188,Nebulizador compresor,Oxigenoterapia,VENTA,2024-08-01,2024,8,5,0,5,2,0,0.0,1,0,0,0,0,1743.01,0.0,31,False,False,6,0,1,6,4.67
188,Nebulizador compresor,Oxigenoterapia,VENTA,2024-09-01,2024,9,0,0,0,0,0,0.0,4,1,0,0,0,1733.11,0.0,26,False,False,5,0,1,5,5.0
188,Nebulizador compresor,Oxigenoterapia,VENTA,2024-10-01,2024,10,2,0,2,1,0,0.0,3,0,1,0,0,1738.01,0.0,25,False,False,0,0,4,0,3.67
188,Nebulizador compresor,Oxigenoterapia,VENTA,2024-11-01,2024,11,7,0,7,3,0,0.0,4,1,0,0,0,1735.96,0.0,23,False,False,2,0,3,2,2.33
188,Nebulizador compresor,Oxigenoterapia,VENTA,2024-12-01,2024,12,8,0,8,2,0,0.0,3,0,0,0,0,1731.41,0.0,13,False,False,7,0,4,7,3.0
188,Nebulizador compresor,Oxigenoterapia,VENTA,2025-01-01,2025,1,10,0,10,4,0,0.0,3,1,0,1,0,1734.99,0.0,27,False,False,8,0,3,8,5.67
188,Nebulizador compresor,Oxigenoterapia,VENTA,2025-02-01,2025,2,0,0,0,0,0,0.0,4,2,0,0,0,1760.59,0.0,16,False,False,10,0,3,10,8.33
188,Nebulizador compresor,Oxigenoterapia,VENTA,2025-03-01,2025,3,6,0,6,3,0,0.0,5,0,1,0,0,1783.79,0.0,17,True,False,0,0,4,0,6.0
188,Nebulizador compresor,Oxigenoterapia,VENTA,2025-04-01,2025,4,9,0,9,4,0,0.0,4,1,1,0,0,1793.01,0.0,11,False,False,6,0,5,6,5.33
188,Nebulizador compresor,Oxigenoterapia,VENTA,2025-05-01,2025,5,18,0,18,5,0,0.0,8,1,1,2,1,1792.24,0.0,26,False,False,9,0,4,9,5.0
188,Nebulizador compresor,Oxigenoterapia,VENTA,2025-06-01,2025,6,18,0,18,6,0,0.0,5,2,1,0,0,1806.47,0.0,38,False,False,18,0,8,18,11.0
188,Nebulizador compresor,Oxigenoterapia,VENTA,2025-07-01,2025,7,12,0,12,4,0,0.0,10,3,1,1,0,1816.78,0.0,30,False,False,18,0,5,18,15.0
188,Nebulizador compresor,Oxigenoterapia,VENTA,2025-08-01,2025,8,3,0,3,1,0,0.0,4,0,1,1,0,1794.77,0.0,16,False,False,12,0,10,12,16.0
188,Nebulizador compresor,Oxigenoterapia,VENTA,2025-09-01,2025,9,15,0,15,6,0,0.0,12,1,1,0,1,1792.58,0.0,15,False,False,3,0,4,3,11.0
188,Nebulizador compresor,Oxigenoterapia,VENTA,2025-10-01,2025,10,14,0,14,4,0,0.0,12,4,1,1,0,1785.92,0.0,19,False,False,15,0,12,15,10.0
188,Nebulizador compresor,Oxigenoterapia,VENTA,2025-11-01,2025,11,18,0,18,7,0,0.0,12,2,1,1,1,1795.42,0.0,33,False,False,14,0,12,14,10.67
188,Nebulizador compresor,Oxigenoterapia,VENTA,2025-12-01,2025,12,14,0,14,6,0,0.0,14,1,3,2,1,1805.31,0.0,22,False,False,18,0,12,18,15.67
188,Nebulizador compresor,Oxigenoterapia,VENTA,2026-01-01,2026,1,37,0,37,14,0,0.0,8,7,2,2,2,1807.89,0.0,36,False,False,14,0,14,14,15.33
188,Nebulizador compresor,Oxigenoterapia,VENTA,2026-02-01,2026,2,23,0,23,9,0,0.0,25,8,2,0,1,1802.32,0.0,46,False,False,37,0,8,37,23.0
188,Nebulizador compresor,Oxigenoterapia,VENTA,2026-03-01,2026,3,26,0,26,8,0,0.0,27,7,4,3,2,1794.38,0.0,26,True,False,23,0,25,23,24.67
188,Nebulizador compresor,Oxigenoterapia,VENTA,2026-04-01,2026,4,22,0,22,7,0,0.0,22,4,2,1,0,1784.8,0.0,37,False,False,26,0,27,26,28.67
188,Nebulizador compresor,Oxigenoterapia,VENTA,2026-05-01,2026,5,53,0,53,17,0,0.0,25,8,3,2,0,1797.18,0.0,16,False,False,22,0,22,22,23.67
188,Nebulizador compresor,Oxigenoterapia,VENTA,2026-06-01,2026,6,27,0,27,10,0,0.0,19,6,3,1,1,1789.64,0.0,37,False,False,53,0,25,53,33.67
188,Nebulizador compresor,Oxigenoterapia,VENTA,2026-07-01,2026,7,26,0,26,9,0,0.0,4,1,1,1,0,1807.25,0.0,68,False,False,27,0,19,27,34.0
189,Cama hospitalaria manual,Cuidado en cama,RENTA,2024-01-01,2024,1,0,0,0,0,0,0.0,0,0,0,0,0,21691.72,620.0,28,False,False,0,0,0,0,0.0
189,Cama hospitalaria manual,Cuidado en cama,RENTA,2024-02-01,2024,2,0,0,0,0,0,0.0,0,0,0,0,0,21893.81,620.0,26,False,False,0,0,0,0,0.0
189,Cama hospitalaria manual,Cuidado en cama,RENTA,2024-03-01,2024,3,0,0,0,0,0,0.0,1,0,0,0,0,21812.98,620.0,24,False,False,0,0,0,0,0.0
189,Cama hospitalaria manual,Cuidado en cama,RENTA,2024-04-01,2024,4,0,0,0,0,0,0.0,0,0,0,0,0,21821.13,620.0,23,False,False,0,0,1,0,0.0
189,Cama hospitalaria manual,Cuidado en cama,RENTA,2024-05-01,2024,5,0,0,0,0,0,0.0,1,0,0,0,0,21825.04,620.0,21,False,False,0,0,0,0,0.0
189,Cama hospitalaria manual,Cuidado en cama,RENTA,2024-06-01,2024,6,0,0,0,0,0,0.0,0,0,0,0,0,21643.88,620.0,19,False,False,0,0,1,0,0.0
189,Cama hospitalaria manual,Cuidado en cama,RENTA,2024-07-01,2024,7,0,0,0,0,0,0.0,3,0,0,0,0,21771.54,620.0,18,False,False,0,0,0,0,0.0
189,Cama hospitalaria manual,Cuidado en cama,RENTA,2024-08-01,2024,8,0,0,0,0,0,0.0,0,2,0,0,0,21906.48,620.0,17,False,False,0,0,3,0,0.0
189,Cama hospitalaria manual,Cuidado en cama,RENTA,2024-09-01,2024,9,0,0,0,0,0,0.0,0,0,0,1,0,21743.73,620.0,16,False,False,0,0,0,0,0.0
189,Cama hospitalaria manual,Cuidado en cama,RENTA,2024-10-01,2024,10,0,0,0,0,0,0.0,2,0,0,0,0,21765.82,620.0,16,False,False,0,0,0,0,0.0
189,Cama hospitalaria manual,Cuidado en cama,RENTA,2024-11-01,2024,11,0,0,0,0,0,0.0,1,1,0,0,0,21719.01,620.0,12,False,False,0,0,2,0,0.0
189,Cama hospitalaria manual,Cuidado en cama,RENTA,2024-12-01,2024,12,0,0,0,0,0,0.0,4,1,0,1,0,21785.78,620.0,10,False,False,0,0,1,0,0.0
189,Cama hospitalaria manual,Cuidado en cama,RENTA,2025-01-01,2025,1,0,0,0,0,0,0.0,5,2,1,1,0,21870.8,620.0,13,False,False,0,0,4,0,0.0
189,Cama hospitalaria manual,Cuidado en cama,RENTA,2025-02-01,2025,2,0,0,0,0,0,0.0,7,0,1,0,1,21798.34,620.0,15,False,False,0,0,5,0,0.0
189,Cama hospitalaria manual,Cuidado en cama,RENTA,2025-03-01,2025,3,0,0,0,0,0,0.0,7,6,0,0,1,21897.56,620.0,18,False,False,0,0,7,0,0.0
189,Cama hospitalaria manual,Cuidado en cama,RENTA,2025-04-01,2025,4,0,0,0,0,0,0.0,5,3,0,1,0,21887.84,620.0,18,False,False,0,0,7,0,0.0
189,Cama hospitalaria manual,Cuidado en cama,RENTA,2025-05-01,2025,5,0,0,0,0,0,0.0,8,5,0,1,1,21938.32,620.0,16,True,False,0,0,5,0,0.0
189,Cama hospitalaria manual,Cuidado en cama,RENTA,2025-06-01,2025,6,0,1,1,0,1,10.0,7,2,4,2,0,21619.35,620.0,15,False,False,0,0,8,0,0.0
189,Cama hospitalaria manual,Cuidado en cama,RENTA,2025-07-01,2025,7,0,0,0,0,0,0.0,11,3,2,0,0,21491.84,620.0,13,True,False,0,1,7,1,0.33
189,Cama hospitalaria manual,Cuidado en cama,RENTA,2025-08-01,2025,8,0,1,1,0,1,11.0,7,5,3,0,1,21424.65,620.0,13,False,False,0,0,11,0,0.33
189,Cama hospitalaria manual,Cuidado en cama,RENTA,2025-09-01,2025,9,0,0,0,0,0,0.0,15,2,3,1,1,21439.27,620.0,18,True,False,0,1,7,1,0.67
189,Cama hospitalaria manual,Cuidado en cama,RENTA,2025-10-01,2025,10,0,0,0,0,0,0.0,19,10,2,0,2,21290.42,620.0,17,True,False,0,0,15,0,0.33
189,Cama hospitalaria manual,Cuidado en cama,RENTA,2025-11-01,2025,11,0,0,0,0,0,0.0,12,3,5,1,1,21277.39,620.0,16,False,False,0,0,19,0,0.33
189,Cama hospitalaria manual,Cuidado en cama,RENTA,2025-12-01,2025,12,0,1,1,0,1,10.0,15,6,4,3,0,21403.93,620.0,16,True,False,0,0,12,0,0.0
189,Cama hospitalaria manual,Cuidado en cama,RENTA,2026-01-01,2026,1,0,0,0,0,0,0.0,13,4,3,1,0,21276.07,620.0,14,False,False,0,1,15,1,0.33
189,Cama hospitalaria manual,Cuidado en cama,RENTA,2026-02-01,2026,2,0,0,0,0,0,0.0,16,2,3,2,0,21685.9,620.0,13,False,False,0,0,13,0,0.33
189,Cama hospitalaria manual,Cuidado en cama,RENTA,2026-03-01,2026,3,0,2,2,0,2,7.5,23,5,6,2,1,21715.22,620.0,24,False,False,0,0,16,0,0.33
189,Cama hospitalaria manual,Cuidado en cama,RENTA,2026-04-01,2026,4,0,0,0,0,0,0.0,33,11,1,1,1,21830.88,620.0,21,True,False,0,2,23,2,0.67
189,Cama hospitalaria manual,Cuidado en cama,RENTA,2026-05-01,2026,5,0,0,0,0,0,0.0,28,4,6,2,2,21902.22,620.0,18,False,False,0,0,33,0,0.67
189,Cama hospitalaria manual,Cuidado en cama,RENTA,2026-06-01,2026,6,0,0,0,0,0,0.0,28,5,6,1,1,21992.05,620.0,19,False,False,0,0,28,0,0.67
189,Cama hospitalaria manual,Cuidado en cama,RENTA,2026-07-01,2026,7,0,1,1,0,1,10.0,10,1,1,0,0,21858.46,620.0,18,False,False,0,0,28,0,0.0
190,Cama hospitalaria eléctrica,Cuidado en cama,RENTA,2024-01-01,2024,1,0,0,0,0,0,0.0,0,0,0,0,0,43897.66,1150.0,28,False,False,0,0,0,0,0.0
190,Cama hospitalaria eléctrica,Cuidado en cama,RENTA,2024-02-01,2024,2,0,0,0,0,0,0.0,0,0,0,0,0,43827.87,1150.0,23,True,False,0,0,0,0,0.0
190,Cama hospitalaria eléctrica,Cuidado en cama,RENTA,2024-03-01,2024,3,0,0,0,0,0,0.0,0,0,0,0,1,43883.64,1150.0,23,False,False,0,0,0,0,0.0
190,Cama hospitalaria eléctrica,Cuidado en cama,RENTA,2024-04-01,2024,4,0,0,0,0,0,0.0,0,0,0,0,0,43795.86,1150.0,22,False,False,0,0,0,0,0.0
190,Cama hospitalaria eléctrica,Cuidado en cama,RENTA,2024-05-01,2024,5,0,0,0,0,0,0.0,1,0,0,0,0,44085.64,1150.0,17,False,False,0,0,0,0,0.0
190,Cama hospitalaria eléctrica,Cuidado en cama,RENTA,2024-06-01,2024,6,0,0,0,0,0,0.0,0,0,0,0,0,43960.35,1150.0,16,False,False,0,0,1,0,0.0
190,Cama hospitalaria eléctrica,Cuidado en cama,RENTA,2024-07-01,2024,7,0,0,0,0,0,0.0,1,3,0,0,0,44291.68,1150.0,15,True,False,0,0,0,0,0.0
190,Cama hospitalaria eléctrica,Cuidado en cama,RENTA,2024-08-01,2024,8,0,0,0,0,0,0.0,3,1,0,0,0,44762.8,1150.0,13,False,False,0,0,1,0,0.0
190,Cama hospitalaria eléctrica,Cuidado en cama,RENTA,2024-09-01,2024,9,0,0,0,0,0,0.0,1,0,1,0,0,44664.63,1150.0,11,False,False,0,0,3,0,0.0
190,Cama hospitalaria eléctrica,Cuidado en cama,RENTA,2024-10-01,2024,10,0,0,0,0,0,0.0,5,0,1,0,0,44969.97,1150.0,9,False,False,0,0,1,0,0.0
190,Cama hospitalaria eléctrica,Cuidado en cama,RENTA,2024-11-01,2024,11,0,0,0,0,0,0.0,3,0,0,0,1,45263.13,1150.0,7,True,False,0,0,5,0,0.0
190,Cama hospitalaria eléctrica,Cuidado en cama,RENTA,2024-12-01,2024,12,0,0,0,0,0,0.0,5,0,0,0,0,45694.24,1150.0,15,False,False,0,0,3,0,0.0
190,Cama hospitalaria eléctrica,Cuidado en cama,RENTA,2025-01-01,2025,1,0,0,0,0,0,0.0,4,0,0,0,0,45852.66,1150.0,16,False,False,0,0,5,0,0.0
190,Cama hospitalaria eléctrica,Cuidado en cama,RENTA,2025-02-01,2025,2,0,0,0,0,0,0.0,1,0,0,2,1,46293.88,1150.0,18,False,False,0,0,4,0,0.0
190,Cama hospitalaria eléctrica,Cuidado en cama,RENTA,2025-03-01,2025,3,0,0,0,0,0,0.0,7,0,2,0,1,46219.42,1150.0,20,False,False,0,0,1,0,0.0
190,Cama hospitalaria eléctrica,Cuidado en cama,RENTA,2025-04-01,2025,4,0,0,0,0,0,0.0,2,1,1,0,1,46261.17,1150.0,18,False,False,0,0,7,0,0.0
190,Cama hospitalaria eléctrica,Cuidado en cama,RENTA,2025-05-01,2025,5,0,0,0,0,0,0.0,5,3,1,0,2,46011.75,1150.0,17,False,False,0,0,2,0,0.0
190,Cama hospitalaria eléctrica,Cuidado en cama,RENTA,2025-06-01,2025,6,0,0,0,0,0,0.0,10,1,1,0,0,46451.61,1150.0,12,True,False,0,0,5,0,0.0
190,Cama hospitalaria eléctrica,Cuidado en cama,RENTA,2025-07-01,2025,7,0,0,0,0,0,0.0,12,3,1,0,0,46627.94,1150.0,8,False,False,0,0,10,0,0.0
190,Cama hospitalaria eléctrica,Cuidado en cama,RENTA,2025-08-01,2025,8,0,0,0,0,0,0.0,11,5,1,0,0,46805.81,1150.0,17,False,False,0,0,12,0,0.0
190,Cama hospitalaria eléctrica,Cuidado en cama,RENTA,2025-09-01,2025,9,0,0,0,0,0,0.0,13,1,1,2,3,46473.7,1150.0,17,True,False,0,0,11,0,0.0
190,Cama hospitalaria eléctrica,Cuidado en cama,RENTA,2025-10-01,2025,10,0,0,0,0,0,0.0,9,3,4,1,0,47028.66,1150.0,16,False,False,0,0,13,0,0.0
190,Cama hospitalaria eléctrica,Cuidado en cama,RENTA,2025-11-01,2025,11,0,0,0,0,0,0.0,4,5,3,1,0,47084.69,1150.0,18,False,False,0,0,9,0,0.0
190,Cama hospitalaria eléctrica,Cuidado en cama,RENTA,2025-12-01,2025,12,0,0,0,0,0,0.0,12,4,1,1,2,47084.69,1150.0,14,False,False,0,0,4,0,0.0
190,Cama hospitalaria eléctrica,Cuidado en cama,RENTA,2026-01-01,2026,1,0,0,0,0,0,0.0,15,8,6,1,1,47084.6,1150.0,12,True,False,0,0,12,0,0.0
190,Cama hospitalaria eléctrica,Cuidado en cama,RENTA,2026-02-01,2026,2,0,0,0,0,0,0.0,14,3,0,2,0,46747.44,1150.0,14,False,False,0,0,15,0,0.0
190,Cama hospitalaria eléctrica,Cuidado en cama,RENTA,2026-03-01,2026,3,0,0,0,0,0,0.0,25,10,0,0,1,46945.15,1150.0,11,True,False,0,0,14,0,0.0
190,Cama hospitalaria eléctrica,Cuidado en cama,RENTA,2026-04-01,2026,4,0,0,0,0,0,0.0,15,9,3,2,4,47013.65,1150.0,10,False,False,0,0,25,0,0.0
190,Cama hospitalaria eléctrica,Cuidado en cama,RENTA,2026-05-01,2026,5,0,0,0,0,0,0.0,19,10,4,3,0,46870.62,1150.0,11,False,False,0,0,15,0,0.0
190,Cama hospitalaria eléctrica,Cuidado en cama,RENTA,2026-06-01,2026,6,0,0,0,0,0,0.0,25,8,4,3,2,47084.88,1150.0,14,True,False,0,0,19,0,0.0
190,Cama hospitalaria eléctrica,Cuidado en cama,RENTA,2026-07-01,2026,7,0,0,0,0,0,0.0,6,2,0,1,1,47085.29,1150.0,14,False,False,0,0,25,0,0.0
191,Colchón antiescaras,Cuidado en cama,MIXTO,2024-01-01,2024,1,0,0,0,0,0,0.0,0,0,0,0,0,7784.48,240.0,41,True,False,0,0,0,0,0.0
191,Colchón antiescaras,Cuidado en cama,MIXTO,2024-02-01,2024,2,0,0,0,0,0,0.0,0,0,0,0,0,7833.79,240.0,40,False,False,0,0,0,0,0.0
191,Colchón antiescaras,Cuidado en cama,MIXTO,2024-03-01,2024,3,0,0,0,0,0,0.0,0,0,0,0,0,7804.32,240.0,38,False,False,0,0,0,0,0.0
191,Colchón antiescaras,Cuidado en cama,MIXTO,2024-04-01,2024,4,5,0,5,2,0,0.0,0,0,0,0,0,7791.55,240.0,38,False,False,0,0,0,0,0.0
191,Colchón antiescaras,Cuidado en cama,MIXTO,2024-05-01,2024,5,0,0,0,0,0,0.0,0,0,0,0,0,7760.84,240.0,31,False,False,5,0,0,5,1.67
191,Colchón antiescaras,Cuidado en cama,MIXTO,2024-06-01,2024,6,3,0,3,1,0,0.0,1,0,0,0,0,7770.62,240.0,29,True,False,0,0,0,0,1.67
191,Colchón antiescaras,Cuidado en cama,MIXTO,2024-07-01,2024,7,2,1,3,1,1,12.0,1,0,0,0,0,7786.58,240.0,24,False,False,3,0,1,3,2.67
191,Colchón antiescaras,Cuidado en cama,MIXTO,2024-08-01,2024,8,0,0,0,0,0,0.0,1,0,0,0,0,7810.16,240.0,20,False,False,2,1,1,3,2.0
191,Colchón antiescaras,Cuidado en cama,MIXTO,2024-09-01,2024,9,5,0,5,2,0,0.0,1,1,0,0,0,7804.54,240.0,22,True,False,0,0,1,0,2.0
191,Colchón antiescaras,Cuidado en cama,MIXTO,2024-10-01,2024,10,3,0,3,1,0,0.0,2,1,2,0,0,7907.78,240.0,19,False,False,5,0,1,5,2.67
191,Colchón antiescaras,Cuidado en cama,MIXTO,2024-11-01,2024,11,2,0,2,2,0,0.0,2,0,0,0,0,7886.93,240.0,18,False,False,3,0,2,3,2.67
191,Colchón antiescaras,Cuidado en cama,MIXTO,2024-12-01,2024,12,0,0,0,0,0,0.0,2,0,0,0,1,7953.13,240.0,16,False,False,2,0,2,2,3.33
191,Colchón antiescaras,Cuidado en cama,MIXTO,2025-01-01,2025,1,10,0,10,4,0,0.0,2,1,0,1,0,8016.9,240.0,16,True,False,0,0,2,0,1.67
191,Colchón antiescaras,Cuidado en cama,MIXTO,2025-02-01,2025,2,3,0,3,2,0,0.0,3,0,0,0,1,8066.52,240.0,35,False,False,10,0,2,10,4.0
191,Colchón antiescaras,Cuidado en cama,MIXTO,2025-03-01,2025,3,2,1,3,1,1,12.0,4,0,0,0,0,8008.5,240.0,33,False,False,3,0,3,3,4.33
191,Colchón antiescaras,Cuidado en cama,MIXTO,2025-04-01,2025,4,6,0,6,2,0,0.0,5,3,2,0,0,7994.8,240.0,29,False,False,2,1,4,3,5.33
191,Colchón antiescaras,Cuidado en cama,MIXTO,2025-05-01,2025,5,10,1,11,4,1,14.0,9,1,1,0,0,7942.52,240.0,20,False,False,6,0,5,6,4.0
191,Colchón antiescaras,Cuidado en cama,MIXTO,2025-06-01,2025,6,8,0,8,4,0,0.0,5,4,1,1,0,7890.73,240.0,6,True,False,10,1,9,11,6.67
191,Colchón antiescaras,Cuidado en cama,MIXTO,2025-07-01,2025,7,0,1,1,0,1,12.0,9,1,1,1,0,7902.18,240.0,15,True,False,8,0,5,8,8.33
191,Colchón antiescaras,Cuidado en cama,MIXTO,2025-08-01,2025,8,7,0,7,3,0,0.0,4,1,1,1,0,7903.39,240.0,13,False,False,0,1,9,1,6.67
191,Colchón antiescaras,Cuidado en cama,MIXTO,2025-09-01,2025,9,1,2,3,1,2,7.0,8,1,0,0,0,8013.22,240.0,20,False,False,7,0,4,7,5.33
191,Colchón antiescaras,Cuidado en cama,MIXTO,2025-10-01,2025,10,5,1,6,2,1,13.0,4,5,2,0,0,8037.6,240.0,19,False,False,1,2,8,3,3.67
191,Colchón antiescaras,Cuidado en cama,MIXTO,2025-11-01,2025,11,3,0,3,3,0,0.0,11,2,2,1,0,8004.46,240.0,11,False,False,5,1,4,6,5.33
191,Colchón antiescaras,Cuidado en cama,MIXTO,2025-12-01,2025,12,5,0,5,3,0,0.0,8,3,1,0,1,7943.49,240.0,25,False,False,3,0,11,3,4.0
191,Colchón antiescaras,Cuidado en cama,MIXTO,2026-01-01,2026,1,12,1,13,9,1,5.0,10,0,1,1,0,8009.94,240.0,23,False,False,5,0,8,5,4.67
191,Colchón antiescaras,Cuidado en cama,MIXTO,2026-02-01,2026,2,40,0,40,15,0,0.0,13,0,1,1,1,8029.79,240.0,10,True,False,12,1,10,13,7.0
191,Colchón antiescaras,Cuidado en cama,MIXTO,2026-03-01,2026,3,25,0,25,13,0,0.0,18,11,1,1,1,8038.18,240.0,24,True,False,40,0,13,40,19.33
191,Colchón antiescaras,Cuidado en cama,MIXTO,2026-04-01,2026,4,17,2,19,9,2,8.0,12,5,2,1,2,8048.86,240.0,32,False,False,25,0,18,25,26.0
191,Colchón antiescaras,Cuidado en cama,MIXTO,2026-05-01,2026,5,15,1,16,10,1,5.0,9,2,5,2,0,8079.27,240.0,12,False,False,17,2,12,19,28.0
191,Colchón antiescaras,Cuidado en cama,MIXTO,2026-06-01,2026,6,20,2,22,11,2,5.0,16,4,2,2,0,8062.28,240.0,19,False,False,15,1,9,16,20.0
191,Colchón antiescaras,Cuidado en cama,MIXTO,2026-07-01,2026,7,1,0,1,1,0,0.0,6,0,0,0,0,8071.84,240.0,47,False,False,20,2,16,22,19.0
192,Grúa para traslado de pacientes,Cuidado en casa,RENTA,2024-01-01,2024,1,0,0,0,0,0,0.0,0,0,0,0,0,32643.7,980.0,38,True,False,0,0,0,0,0.0
192,Grúa para traslado de pacientes,Cuidado en casa,RENTA,2024-02-01,2024,2,0,0,0,0,0,0.0,0,0,0,0,0,32724.46,980.0,37,False,False,0,0,0,0,0.0
192,Grúa para traslado de pacientes,Cuidado en casa,RENTA,2024-03-01,2024,3,0,0,0,0,0,0.0,0,0,0,0,0,32725.6,980.0,39,False,False,0,0,0,0,0.0
192,Grúa para traslado de pacientes,Cuidado en casa,RENTA,2024-04-01,2024,4,0,0,0,0,0,0.0,2,1,0,0,0,32747.09,980.0,40,True,False,0,0,0,0,0.0
192,Grúa para traslado de pacientes,Cuidado en casa,RENTA,2024-05-01,2024,5,0,0,0,0,0,0.0,0,0,0,0,0,32842.27,980.0,41,False,False,0,0,2,0,0.0
192,Grúa para traslado de pacientes,Cuidado en casa,RENTA,2024-06-01,2024,6,0,0,0,0,0,0.0,3,2,0,1,0,32982.87,980.0,40,True,False,0,0,0,0,0.0
192,Grúa para traslado de pacientes,Cuidado en casa,RENTA,2024-07-01,2024,7,0,0,0,0,0,0.0,0,0,0,0,0,33169.75,980.0,44,False,False,0,0,3,0,0.0
192,Grúa para traslado de pacientes,Cuidado en casa,RENTA,2024-08-01,2024,8,0,0,0,0,0,0.0,1,1,0,0,0,33180.12,980.0,50,True,False,0,0,0,0,0.0
192,Grúa para traslado de pacientes,Cuidado en casa,RENTA,2024-09-01,2024,9,0,0,0,0,0,0.0,2,1,1,0,0,33201.79,980.0,47,True,False,0,0,1,0,0.0
192,Grúa para traslado de pacientes,Cuidado en casa,RENTA,2024-10-01,2024,10,0,0,0,0,0,0.0,6,0,0,0,1,33306.91,980.0,50,False,False,0,0,2,0,0.0
192,Grúa para traslado de pacientes,Cuidado en casa,RENTA,2024-11-01,2024,11,0,0,0,0,0,0.0,3,0,0,0,0,33001.57,980.0,48,False,False,0,0,6,0,0.0
192,Grúa para traslado de pacientes,Cuidado en casa,RENTA,2024-12-01,2024,12,0,0,0,0,0,0.0,3,0,1,0,0,33027.07,980.0,50,False,False,0,0,3,0,0.0
192,Grúa para traslado de pacientes,Cuidado en casa,RENTA,2025-01-01,2025,1,0,0,0,0,0,0.0,6,1,0,0,1,32910.14,980.0,45,True,False,0,0,3,0,0.0
192,Grúa para traslado de pacientes,Cuidado en casa,RENTA,2025-02-01,2025,2,0,0,0,0,0,0.0,6,0,0,1,0,32904.12,980.0,45,False,False,0,0,6,0,0.0
192,Grúa para traslado de pacientes,Cuidado en casa,RENTA,2025-03-01,2025,3,0,0,0,0,0,0.0,5,2,1,0,0,32737.36,980.0,42,False,False,0,0,6,0,0.0
192,Grúa para traslado de pacientes,Cuidado en casa,RENTA,2025-04-01,2025,4,0,0,0,0,0,0.0,2,2,1,1,1,33146.16,980.0,39,False,False,0,0,5,0,0.0
192,Grúa para traslado de pacientes,Cuidado en casa,RENTA,2025-05-01,2025,5,0,0,0,0,0,0.0,5,1,2,0,2,33384.23,980.0,35,True,False,0,0,2,0,0.0
192,Grúa para traslado de pacientes,Cuidado en casa,RENTA,2025-06-01,2025,6,0,0,0,0,0,0.0,5,0,0,0,0,32929.61,980.0,33,True,False,0,0,5,0,0.0
192,Grúa para traslado de pacientes,Cuidado en casa,RENTA,2025-07-01,2025,7,0,0,0,0,0,0.0,9,3,0,1,1,32803.48,980.0,33,False,False,0,0,5,0,0.0
192,Grúa para traslado de pacientes,Cuidado en casa,RENTA,2025-08-01,2025,8,0,0,0,0,0,0.0,10,2,1,1,0,32713.77,980.0,44,False,False,0,0,9,0,0.0
192,Grúa para traslado de pacientes,Cuidado en casa,RENTA,2025-09-01,2025,9,0,0,0,0,0,0.0,13,3,2,0,0,32639.27,980.0,45,False,False,0,0,10,0,0.0
192,Grúa para traslado de pacientes,Cuidado en casa,RENTA,2025-10-01,2025,10,0,0,0,0,0,0.0,11,5,0,0,2,32475.9,980.0,44,False,False,0,0,13,0,0.0
192,Grúa para traslado de pacientes,Cuidado en casa,RENTA,2025-11-01,2025,11,0,0,0,0,0,0.0,14,3,5,2,0,32599.53,980.0,43,False,False,0,0,11,0,0.0
192,Grúa para traslado de pacientes,Cuidado en casa,RENTA,2025-12-01,2025,12,0,0,0,0,0,0.0,14,2,4,1,1,32589.01,980.0,38,False,False,0,0,14,0,0.0
192,Grúa para traslado de pacientes,Cuidado en casa,RENTA,2026-01-01,2026,1,0,0,0,0,0,0.0,32,5,4,2,0,32680.3,980.0,40,True,False,0,0,14,0,0.0
192,Grúa para traslado de pacientes,Cuidado en casa,RENTA,2026-02-01,2026,2,0,0,0,0,0,0.0,15,11,4,4,1,32973.41,980.0,40,True,False,0,0,32,0,0.0
192,Grúa para traslado de pacientes,Cuidado en casa,RENTA,2026-03-01,2026,3,0,0,0,0,0,0.0,20,6,7,1,1,33165.88,980.0,40,False,False,0,0,15,0,0.0
192,Grúa para traslado de pacientes,Cuidado en casa,RENTA,2026-04-01,2026,4,0,0,0,0,0,0.0,25,9,2,0,2,33354.07,980.0,46,True,False,0,0,20,0,0.0
192,Grúa para traslado de pacientes,Cuidado en casa,RENTA,2026-05-01,2026,5,0,0,0,0,0,0.0,34,8,3,5,1,33296.69,980.0,47,True,False,0,0,25,0,0.0
192,Grúa para traslado de pacientes,Cuidado en casa,RENTA,2026-06-01,2026,6,0,0,0,0,0,0.0,25,6,3,3,1,33607.3,980.0,48,True,False,0,0,34,0,0.0
192,Grúa para traslado de pacientes,Cuidado en casa,RENTA,2026-07-01,2026,7,0,0,0,0,0,0.0,3,1,1,1,2,33519.04,980.0,48,False,False,0,0,25,0,0.0
193,Baño portátil con ruedas,Baño y seguridad,MIXTO,2024-01-01,2024,1,0,0,0,0,0,0.0,0,0,0,0,0,4979.99,220.0,21,False,False,0,0,0,0,0.0
193,Baño portátil con ruedas,Baño y seguridad,MIXTO,2024-02-01,2024,2,0,0,0,0,0,0.0,0,0,0,0,0,4993.29,220.0,25,False,False,0,0,0,0,0.0
193,Baño portátil con ruedas,Baño y seguridad,MIXTO,2024-03-01,2024,3,0,0,0,0,0,0.0,0,0,0,0,0,4988.64,220.0,24,False,False,0,0,0,0,0.0
193,Baño portátil con ruedas,Baño y seguridad,MIXTO,2024-04-01,2024,4,0,0,0,0,0,0.0,1,0,0,0,0,4991.72,220.0,24,False,False,0,0,0,0,0.0
193,Baño portátil con ruedas,Baño y seguridad,MIXTO,2024-05-01,2024,5,0,0,0,0,0,0.0,2,1,0,0,2,4961.85,220.0,25,False,False,0,0,1,0,0.0
193,Baño portátil con ruedas,Baño y seguridad,MIXTO,2024-06-01,2024,6,1,0,1,1,0,0.0,2,3,0,0,0,4960.03,220.0,22,True,False,0,0,2,0,0.0
193,Baño portátil con ruedas,Baño y seguridad,MIXTO,2024-07-01,2024,7,2,0,2,1,0,0.0,2,1,1,0,0,4966.87,220.0,23,True,False,1,0,2,1,0.33
193,Baño portátil con ruedas,Baño y seguridad,MIXTO,2024-08-01,2024,8,5,1,6,3,1,6.0,2,0,1,0,0,4951.13,220.0,22,False,False,2,0,2,2,1.0
193,Baño portátil con ruedas,Baño y seguridad,MIXTO,2024-09-01,2024,9,10,0,10,3,0,0.0,5,0,1,1,0,4964.16,220.0,17,True,False,5,1,2,6,3.0
193,Baño portátil con ruedas,Baño y seguridad,MIXTO,2024-10-01,2024,10,3,0,3,1,0,0.0,6,3,1,0,0,4957.07,220.0,29,False,False,10,0,5,10,6.0
193,Baño portátil con ruedas,Baño y seguridad,MIXTO,2024-11-01,2024,11,0,0,0,0,0,0.0,4,0,1,0,0,4969.68,220.0,28,False,False,3,0,6,3,6.33
193,Baño portátil con ruedas,Baño y seguridad,MIXTO,2024-12-01,2024,12,3,2,5,1,2,3.5,6,1,1,0,1,4954.32,220.0,28,False,False,0,0,4,0,4.33
193,Baño portátil con ruedas,Baño y seguridad,MIXTO,2025-01-01,2025,1,10,2,12,5,2,5.0,3,4,1,0,0,4959.37,220.0,23,False,False,3,2,6,5,2.67
193,Baño portátil con ruedas,Baño y seguridad,MIXTO,2025-02-01,2025,2,4,0,4,2,0,0.0,9,2,0,2,0,4945.07,220.0,9,False,False,10,2,3,12,5.67
193,Baño portátil con ruedas,Baño y seguridad,MIXTO,2025-03-01,2025,3,11,0,11,6,0,0.0,11,3,3,2,0,4915.17,220.0,16,True,False,4,0,9,4,7.0
193,Baño portátil con ruedas,Baño y seguridad,MIXTO,2025-04-01,2025,4,5,1,6,3,1,3.0,6,2,1,0,0,4906.43,220.0,37,False,False,11,0,11,11,9.0
193,Baño portátil con ruedas,Baño y seguridad,MIXTO,2025-05-01,2025,5,7,0,7,3,0,0.0,10,4,0,0,0,4918.64,220.0,32,False,False,5,1,6,6,7.0
193,Baño portátil con ruedas,Baño y seguridad,MIXTO,2025-06-01,2025,6,15,0,15,5,0,0.0,7,2,1,0,0,4956.32,220.0,27,False,False,7,0,10,7,8.0
193,Baño portátil con ruedas,Baño y seguridad,MIXTO,2025-07-01,2025,7,23,1,24,7,1,3.0,20,5,3,1,0,5044.83,220.0,15,True,False,15,0,7,15,9.33
193,Baño portátil con ruedas,Baño y seguridad,MIXTO,2025-08-01,2025,8,11,2,13,6,2,4.5,21,4,1,1,1,5088.45,220.0,22,False,False,23,1,20,24,15.33
193,Baño portátil con ruedas,Baño y seguridad,MIXTO,2025-09-01,2025,9,19,1,20,7,1,3.0,23,4,5,0,1,5051.31,220.0,27,True,False,11,2,21,13,17.33
193,Baño portátil con ruedas,Baño y seguridad,MIXTO,2025-10-01,2025,10,18,0,18,5,0,0.0,15,4,1,1,1,5076.09,220.0,49,False,False,19,1,23,20,19.0
193,Baño portátil con ruedas,Baño y seguridad,MIXTO,2025-11-01,2025,11,17,2,19,7,2,6.0,23,6,9,2,1,5082.3,220.0,32,True,False,18,0,15,18,17.0
193,Baño portátil con ruedas,Baño y seguridad,MIXTO,2025-12-01,2025,12,10,3,13,3,3,9.67,20,4,4,2,1,5111.81,220.0,17,False,False,17,2,23,19,19.0
193,Baño portátil con ruedas,Baño y seguridad,MIXTO,2026-01-01,2026,1,16,3,19,9,3,3.0,15,6,5,2,0,5101.32,220.0,26,False,False,10,3,20,13,16.67
193,Baño portátil con ruedas,Baño y seguridad,MIXTO,2026-02-01,2026,2,26,1,27,9,1,4.0,22,4,1,1,0,5117.34,220.0,6,False,False,16,3,15,19,17.0
193,Baño portátil con ruedas,Baño y seguridad,MIXTO,2026-03-01,2026,3,24,2,26,9,2,5.5,35,10,5,1,2,5128.16,220.0,21,False,False,26,1,22,27,19.67
193,Baño portátil con ruedas,Baño y seguridad,MIXTO,2026-04-01,2026,4,32,5,37,14,5,4.6,32,11,12,2,5,5134.34,220.0,33,True,False,24,2,35,26,24.0
193,Baño portátil con ruedas,Baño y seguridad,MIXTO,2026-05-01,2026,5,45,0,45,20,0,0.0,47,9,6,2,1,5139.93,220.0,62,True,False,32,5,32,37,30.0
193,Baño portátil con ruedas,Baño y seguridad,MIXTO,2026-06-01,2026,6,24,1,25,12,1,5.0,29,10,6,1,2,5178.43,220.0,17,False,False,45,0,47,45,36.0
193,Baño portátil con ruedas,Baño y seguridad,MIXTO,2026-07-01,2026,7,9,3,12,3,3,7.33,8,1,0,0,0,5203.97,220.0,28,False,False,24,1,29,25,35.67
194,Banco para regadera,Baño y seguridad,VENTA,2024-01-01,2024,1,0,0,0,0,0,0.0,0,0,0,0,0,1857.72,0.0,25,False,False,0,0,0,0,0.0
194,Banco para regadera,Baño y seguridad,VENTA,2024-02-01,2024,2,0,0,0,0,0,0.0,0,0,0,0,0,1868.8,0.0,24,False,False,0,0,0,0,0.0
194,Banco para regadera,Baño y seguridad,VENTA,2024-03-01,2024,3,2,0,2,1,0,0.0,0,1,0,0,0,1860.27,0.0,23,False,False,0,0,0,0,0.0
194,Banco para regadera,Baño y seguridad,VENTA,2024-04-01,2024,4,4,0,4,1,0,0.0,0,1,1,0,0,1879.12,0.0,19,False,False,2,0,0,2,0.67
194,Banco para regadera,Baño y seguridad,VENTA,2024-05-01,2024,5,3,0,3,1,0,0.0,2,0,0,0,0,1896.5,0.0,17,False,False,4,0,0,4,2.0
194,Banco para regadera,Baño y seguridad,VENTA,2024-06-01,2024,6,2,0,2,1,0,0.0,2,0,0,0,0,1905.62,0.0,13,True,False,3,0,2,3,3.0
194,Banco para regadera,Baño y seguridad,VENTA,2024-07-01,2024,7,6,0,6,2,0,0.0,2,0,0,0,0,1920.56,0.0,19,False,False,2,0,2,2,3.0
194,Banco para regadera,Baño y seguridad,VENTA,2024-08-01,2024,8,2,0,2,1,0,0.0,3,1,0,0,0,1933.48,0.0,13,False,False,6,0,2,6,3.67
194,Banco para regadera,Baño y seguridad,VENTA,2024-09-01,2024,9,0,0,0,0,0,0.0,4,1,0,0,0,1940.92,0.0,9,False,False,2,0,3,2,3.33
194,Banco para regadera,Baño y seguridad,VENTA,2024-10-01,2024,10,10,0,10,3,0,0.0,4,3,2,1,0,1943.65,0.0,15,False,False,0,0,4,0,2.67
194,Banco para regadera,Baño y seguridad,VENTA,2024-11-01,2024,11,0,0,0,0,0,0.0,8,1,0,0,0,1950.15,0.0,25,False,False,10,0,4,10,4.0
194,Banco para regadera,Baño y seguridad,VENTA,2024-12-01,2024,12,7,0,7,2,0,0.0,10,3,1,1,0,1958.94,0.0,24,False,False,0,0,8,0,3.33
194,Banco para regadera,Baño y seguridad,VENTA,2025-01-01,2025,1,1,0,1,1,0,0.0,8,0,2,0,1,1947.83,0.0,15,False,False,7,0,10,7,5.67
194,Banco para regadera,Baño y seguridad,VENTA,2025-02-01,2025,2,4,0,4,1,0,0.0,5,3,1,0,0,1931.12,0.0,10,False,False,1,0,8,1,2.67
194,Banco para regadera,Baño y seguridad,VENTA,2025-03-01,2025,3,0,0,0,0,0,0.0,11,5,0,2,1,1944.4,0.0,27,False,False,4,0,5,4,4.0
194,Banco para regadera,Baño y seguridad,VENTA,2025-04-01,2025,4,11,0,11,5,0,0.0,14,1,3,1,1,1947.29,0.0,26,False,False,0,0,11,0,1.67
194,Banco para regadera,Baño y seguridad,VENTA,2025-05-01,2025,5,6,0,6,2,0,0.0,14,3,3,1,1,1947.06,0.0,13,True,False,11,0,14,11,5.0
194,Banco para regadera,Baño y seguridad,VENTA,2025-06-01,2025,6,12,0,12,4,0,0.0,11,4,1,1,1,1944.99,0.0,5,False,False,6,0,14,6,5.67
194,Banco para regadera,Baño y seguridad,VENTA,2025-07-01,2025,7,13,0,13,4,0,0.0,12,2,0,0,0,1955.51,0.0,26,False,False,12,0,11,12,9.67
194,Banco para regadera,Baño y seguridad,VENTA,2025-08-01,2025,8,2,0,2,1,0,0.0,16,8,1,2,3,1933.23,0.0,13,True,False,13,0,12,13,10.33
194,Banco para regadera,Baño y seguridad,VENTA,2025-09-01,2025,9,11,0,11,4,0,0.0,20,7,3,4,2,1934.78,0.0,26,True,False,2,0,16,2,9.0
194,Banco para regadera,Baño y seguridad,VENTA,2025-10-01,2025,10,24,0,24,7,0,0.0,16,6,2,3,1,1935.83,0.0,11,False,False,11,0,20,11,8.67
194,Banco para regadera,Baño y seguridad,VENTA,2025-11-01,2025,11,14,0,14,5,0,0.0,17,4,5,1,0,1934.12,0.0,33,False,False,24,0,16,24,12.33
194,Banco para regadera,Baño y seguridad,VENTA,2025-12-01,2025,12,14,0,14,6,0,0.0,23,4,6,1,1,1934.71,0.0,27,False,False,14,0,17,14,16.33
194,Banco para regadera,Baño y seguridad,VENTA,2026-01-01,2026,1,44,0,44,15,0,0.0,32,10,6,2,0,1910.87,0.0,9,True,False,14,0,23,14,17.33
194,Banco para regadera,Baño y seguridad,VENTA,2026-02-01,2026,2,17,0,17,6,0,0.0,23,6,1,2,4,1904.76,0.0,22,False,False,44,0,32,44,24.0
194,Banco para regadera,Baño y seguridad,VENTA,2026-03-01,2026,3,25,0,25,8,0,0.0,42,7,5,3,1,1910.82,0.0,31,True,False,17,0,23,17,25.0
194,Banco para regadera,Baño y seguridad,VENTA,2026-04-01,2026,4,24,0,24,8,0,0.0,24,9,2,3,2,1911.14,0.0,52,False,False,25,0,42,25,28.67
194,Banco para regadera,Baño y seguridad,VENTA,2026-05-01,2026,5,56,0,56,18,0,0.0,41,13,3,4,1,1916.5,0.0,27,True,False,24,0,24,24,22.0
194,Banco para regadera,Baño y seguridad,VENTA,2026-06-01,2026,6,30,0,30,10,0,0.0,33,10,8,2,1,1941.77,0.0,42,False,False,56,0,41,56,35.0
194,Banco para regadera,Baño y seguridad,VENTA,2026-07-01,2026,7,20,0,20,7,0,0.0,9,0,1,1,0,1950.51,0.0,10,False,False,30,0,33,30,36.67
195,Faja lumbar ortopédica,Ortesis,VENTA,2024-01-01,2024,1,0,0,0,0,0,0.0,0,1,0,0,0,1445.03,0.0,41,False,False,0,0,0,0,0.0
195,Faja lumbar ortopédica,Ortesis,VENTA,2024-02-01,2024,2,0,0,0,0,0,0.0,0,0,0,0,0,1453.05,0.0,40,False,False,0,0,0,0,0.0
195,Faja lumbar ortopédica,Ortesis,VENTA,2024-03-01,2024,3,0,0,0,0,0,0.0,0,0,0,0,0,1461.79,0.0,38,False,False,0,0,0,0,0.0
195,Faja lumbar ortopédica,Ortesis,VENTA,2024-04-01,2024,4,0,0,0,0,0,0.0,1,0,0,0,0,1466.85,0.0,36,True,False,0,0,0,0,0.0
195,Faja lumbar ortopédica,Ortesis,VENTA,2024-05-01,2024,5,0,0,0,0,0,0.0,0,0,0,0,0,1461.22,0.0,36,False,False,0,0,1,0,0.0
195,Faja lumbar ortopédica,Ortesis,VENTA,2024-06-01,2024,6,0,0,0,0,0,0.0,1,0,0,0,0,1466.1,0.0,41,False,False,0,0,0,0,0.0
195,Faja lumbar ortopédica,Ortesis,VENTA,2024-07-01,2024,7,0,0,0,0,0,0.0,0,0,1,0,0,1465.65,0.0,47,False,False,0,0,1,0,0.0
195,Faja lumbar ortopédica,Ortesis,VENTA,2024-08-01,2024,8,3,0,3,1,0,0.0,2,2,0,0,1,1472.84,0.0,43,False,False,0,0,0,0,0.0
195,Faja lumbar ortopédica,Ortesis,VENTA,2024-09-01,2024,9,8,0,8,2,0,0.0,4,0,0,0,1,1479.95,0.0,39,False,False,3,0,2,3,1.0
195,Faja lumbar ortopédica,Ortesis,VENTA,2024-10-01,2024,10,1,0,1,1,0,0.0,1,1,0,0,0,1482.24,0.0,35,False,False,8,0,4,8,3.67
195,Faja lumbar ortopédica,Ortesis,VENTA,2024-11-01,2024,11,0,0,0,0,0,0.0,4,3,1,2,0,1495.19,0.0,34,False,False,1,0,1,1,4.0
195,Faja lumbar ortopédica,Ortesis,VENTA,2024-12-01,2024,12,9,0,9,4,0,0.0,2,0,0,1,0,1482.43,0.0,32,True,False,0,0,4,0,3.0
195,Faja lumbar ortopédica,Ortesis,VENTA,2025-01-01,2025,1,14,0,14,5,0,0.0,6,2,1,0,1,1493.69,0.0,18,True,False,9,0,2,9,3.33
195,Faja lumbar ortopédica,Ortesis,VENTA,2025-02-01,2025,2,18,0,18,5,0,0.0,6,3,2,0,0,1494.19,0.0,37,False,False,14,0,6,14,7.67
195,Faja lumbar ortopédica,Ortesis,VENTA,2025-03-01,2025,3,12,0,12,4,0,0.0,2,2,2,0,0,1493.35,0.0,16,False,False,18,0,6,18,13.67
195,Faja lumbar ortopédica,Ortesis,VENTA,2025-04-01,2025,4,2,0,2,1,0,0.0,13,2,1,0,1,1493.98,0.0,24,False,False,12,0,2,12,14.67
195,Faja lumbar ortopédica,Ortesis,VENTA,2025-05-01,2025,5,19,0,19,6,0,0.0,5,1,1,0,3,1500.82,0.0,23,True,False,2,0,13,2,10.67
195,Faja lumbar ortopédica,Ortesis,VENTA,2025-06-01,2025,6,12,0,12,5,0,0.0,8,0,1,0,1,1504.17,0.0,40,False,False,19,0,5,19,11.0
195,Faja lumbar ortopédica,Ortesis,VENTA,2025-07-01,2025,7,4,0,4,1,0,0.0,7,2,1,0,2,1510.3,0.0,27,False,False,12,0,8,12,11.0
195,Faja lumbar ortopédica,Ortesis,VENTA,2025-08-01,2025,8,8,0,8,4,0,0.0,8,3,2,3,0,1522.62,0.0,25,False,False,4,0,7,4,11.67
195,Faja lumbar ortopédica,Ortesis,VENTA,2025-09-01,2025,9,18,0,18,6,0,0.0,15,4,3,2,3,1533.52,0.0,20,True,False,8,0,8,8,8.0
195,Faja lumbar ortopédica,Ortesis,VENTA,2025-10-01,2025,10,13,0,13,5,0,0.0,17,6,3,2,0,1545.44,0.0,42,False,False,18,0,15,18,10.0
195,Faja lumbar ortopédica,Ortesis,VENTA,2025-11-01,2025,11,22,0,22,6,0,0.0,20,4,2,2,0,1557.03,0.0,28,True,False,13,0,17,13,13.0
195,Faja lumbar ortopédica,Ortesis,VENTA,2025-12-01,2025,12,13,0,13,5,0,0.0,22,2,4,2,0,1558.55,0.0,41,True,False,22,0,20,22,17.67
195,Faja lumbar ortopédica,Ortesis,VENTA,2026-01-01,2026,1,22,0,22,8,0,0.0,34,4,3,6,1,1558.97,0.0,27,True,False,13,0,22,13,16.0
195,Faja lumbar ortopédica,Ortesis,VENTA,2026-02-01,2026,2,27,0,27,9,0,0.0,29,7,2,1,3,1558.82,0.0,50,False,False,22,0,34,22,19.0
195,Faja lumbar ortopédica,Ortesis,VENTA,2026-03-01,2026,3,24,0,24,10,0,0.0,25,8,3,0,0,1558.76,0.0,22,False,False,27,0,29,27,20.67
195,Faja lumbar ortopédica,Ortesis,VENTA,2026-04-01,2026,4,22,0,22,8,0,0.0,23,10,5,4,0,1558.88,0.0,40,False,False,24,0,25,24,24.33
195,Faja lumbar ortopédica,Ortesis,VENTA,2026-05-01,2026,5,35,0,35,12,0,0.0,25,14,7,0,1,1559.11,0.0,17,False,False,22,0,23,22,24.33
195,Faja lumbar ortopédica,Ortesis,VENTA,2026-06-01,2026,6,11,0,11,5,0,0.0,31,3,4,2,3,1559.15,0.0,41,True,False,35,0,25,35,27.0
195,Faja lumbar ortopédica,Ortesis,VENTA,2026-07-01,2026,7,22,0,22,7,0,0.0,7,1,2,1,1,1558.46,0.0,30,True,False,11,0,31,11,22.67
196,Rodillera estabilizadora,Ortesis,VENTA,2024-01-01,2024,1,0,0,0,0,0,0.0,0,0,0,0,0,2110.02,0.0,20,False,False,0,0,0,0,0.0
196,Rodillera estabilizadora,Ortesis,VENTA,2024-02-01,2024,2,0,0,0,0,0,0.0,0,0,0,0,0,2115.95,0.0,19,True,False,0,0,0,0,0.0
196,Rodillera estabilizadora,Ortesis,VENTA,2024-03-01,2024,3,0,0,0,0,0,0.0,0,0,0,0,0,2128.03,0.0,16,True,False,0,0,0,0,0.0
196,Rodillera estabilizadora,Ortesis,VENTA,2024-04-01,2024,4,4,0,4,1,0,0.0,0,0,0,0,0,2127.73,0.0,17,False,False,0,0,0,0,0.0
196,Rodillera estabilizadora,Ortesis,VENTA,2024-05-01,2024,5,0,0,0,0,0,0.0,0,0,0,0,0,2107.43,0.0,20,True,False,4,0,0,4,1.33
196,Rodillera estabilizadora,Ortesis,VENTA,2024-06-01,2024,6,2,0,2,1,0,0.0,1,2,0,0,0,2104.51,0.0,20,False,False,0,0,0,0,1.33
196,Rodillera estabilizadora,Ortesis,VENTA,2024-07-01,2024,7,0,0,0,0,0,0.0,1,0,0,1,0,2076.67,0.0,17,False,False,2,0,1,2,2.0
196,Rodillera estabilizadora,Ortesis,VENTA,2024-08-01,2024,8,4,0,4,1,0,0.0,1,2,0,0,0,2070.73,0.0,17,True,False,0,0,1,0,0.67
196,Rodillera estabilizadora,Ortesis,VENTA,2024-09-01,2024,9,8,0,8,3,0,0.0,2,2,1,0,0,2076.74,0.0,13,True,False,4,0,1,4,2.0
196,Rodillera estabilizadora,Ortesis,VENTA,2024-10-01,2024,10,0,0,0,0,0,0.0,3,2,0,0,0,2063.96,0.0,26,False,False,8,0,2,8,4.0
196,Rodillera estabilizadora,Ortesis,VENTA,2024-11-01,2024,11,10,0,10,4,0,0.0,8,1,2,0,0,2074.24,0.0,35,True,False,0,0,3,0,4.0
196,Rodillera estabilizadora,Ortesis,VENTA,2024-12-01,2024,12,1,0,1,1,0,0.0,1,0,0,0,0,2079.59,0.0,30,False,False,10,0,8,10,6.0
196,Rodillera estabilizadora,Ortesis,VENTA,2025-01-01,2025,1,4,0,4,1,0,0.0,2,0,0,0,1,2100.79,0.0,28,False,False,1,0,1,1,3.67
196,Rodillera estabilizadora,Ortesis,VENTA,2025-02-01,2025,2,0,0,0,0,0,0.0,4,2,0,1,1,2114.58,0.0,21,True,False,4,0,2,4,5.0
196,Rodillera estabilizadora,Ortesis,VENTA,2025-03-01,2025,3,10,0,10,3,0,0.0,6,2,0,0,0,2113.39,0.0,27,False,False,0,0,4,0,1.67
196,Rodillera estabilizadora,Ortesis,VENTA,2025-04-01,2025,4,11,0,11,4,0,0.0,4,1,1,0,0,2109.88,0.0,15,True,False,10,0,6,10,4.67
196,Rodillera estabilizadora,Ortesis,VENTA,2025-05-01,2025,5,0,0,0,0,0,0.0,8,1,1,0,0,2112.88,0.0,29,True,False,11,0,4,11,7.0
196,Rodillera estabilizadora,Ortesis,VENTA,2025-06-01,2025,6,8,0,8,3,0,0.0,5,2,1,3,0,2122.05,0.0,30,False,False,0,0,8,0,7.0
196,Rodillera estabilizadora,Ortesis,VENTA,2025-07-01,2025,7,9,0,9,4,0,0.0,12,4,0,0,0,2122.78,0.0,19,False,False,8,0,5,8,6.33
196,Rodillera estabilizadora,Ortesis,VENTA,2025-08-01,2025,8,22,0,22,10,0,0.0,10,7,0,0,0,2142.11,0.0,26,True,False,9,0,12,9,5.67
196,Rodillera estabilizadora,Ortesis,VENTA,2025-09-01,2025,9,8,0,8,3,0,0.0,14,3,0,0,0,2122.37,0.0,48,False,False,22,0,10,22,13.0
196,Rodillera estabilizadora,Ortesis,VENTA,2025-10-01,2025,10,13,0,13,6,0,0.0,7,3,3,0,0,2110.58,0.0,39,False,False,8,0,14,8,13.0
196,Rodillera estabilizadora,Ortesis,VENTA,2025-11-01,2025,11,12,0,12,5,0,0.0,10,8,1,2,0,2103.77,0.0,26,False,False,13,0,7,13,14.33
196,Rodillera estabilizadora,Ortesis,VENTA,2025-12-01,2025,12,32,0,32,15,0,0.0,15,4,1,1,0,2099.87,0.0,13,True,False,12,0,10,12,11.0
196,Rodillera estabilizadora,Ortesis,VENTA,2026-01-01,2026,1,33,0,33,11,0,0.0,24,8,2,2,1,2095.69,0.0,40,True,False,32,0,15,32,19.0
196,Rodillera estabilizadora,Ortesis,VENTA,2026-02-01,2026,2,12,0,12,4,0,0.0,14,4,4,0,0,2080.73,0.0,66,False,False,33,0,24,33,25.67
196,Rodillera estabilizadora,Ortesis,VENTA,2026-03-01,2026,3,39,0,39,13,0,0.0,28,7,2,1,2,2094.25,0.0,54,True,False,12,0,14,12,25.67
196,Rodillera estabilizadora,Ortesis,VENTA,2026-04-01,2026,4,48,0,48,17,0,0.0,18,9,2,3,2,2090.32,0.0,18,True,False,39,0,28,39,28.0
196,Rodillera estabilizadora,Ortesis,VENTA,2026-05-01,2026,5,21,0,21,8,0,0.0,24,3,6,2,1,2102.29,0.0,38,False,False,48,0,18,48,33.0
196,Rodillera estabilizadora,Ortesis,VENTA,2026-06-01,2026,6,29,0,29,9,0,0.0,20,9,0,1,0,2100.66,0.0,17,False,False,21,0,24,21,36.0
196,Rodillera estabilizadora,Ortesis,VENTA,2026-07-01,2026,7,10,0,10,5,0,0.0,2,1,0,1,0,2104.75,0.0,31,False,False,29,0,20,29,32.67
197,Silla de transporte ultraligera,Movilidad,MIXTO,2024-01-01,2024,1,0,0,0,0,0,0.0,0,0,0,0,0,7541.13,330.0,39,False,False,0,0,0,0,0.0
197,Silla de transporte ultraligera,Movilidad,MIXTO,2024-02-01,2024,2,0,0,0,0,0,0.0,0,0,0,0,0,7549.7,330.0,38,False,False,0,0,0,0,0.0
197,Silla de transporte ultraligera,Movilidad,MIXTO,2024-03-01,2024,3,4,0,4,1,0,0.0,0,0,0,0,0,7592.51,330.0,34,False,False,0,0,0,0,0.0
197,Silla de transporte ultraligera,Movilidad,MIXTO,2024-04-01,2024,4,2,0,2,1,0,0.0,0,0,0,0,0,7597.22,330.0,28,False,False,4,0,0,4,1.33
197,Silla de transporte ultraligera,Movilidad,MIXTO,2024-05-01,2024,5,0,0,0,0,0,0.0,2,1,0,0,0,7642.09,330.0,27,True,False,2,0,0,2,2.0
197,Silla de transporte ultraligera,Movilidad,MIXTO,2024-06-01,2024,6,3,0,3,1,0,0.0,2,1,1,0,0,7634.97,330.0,27,True,False,0,0,2,0,2.0
197,Silla de transporte ultraligera,Movilidad,MIXTO,2024-07-01,2024,7,0,0,0,0,0,0.0,2,1,0,0,1,7651.21,330.0,23,False,False,3,0,2,3,1.67
197,Silla de transporte ultraligera,Movilidad,MIXTO,2024-08-01,2024,8,1,0,1,1,0,0.0,1,0,0,0,0,7632.81,330.0,20,False,False,0,0,2,0,1.0
197,Silla de transporte ultraligera,Movilidad,MIXTO,2024-09-01,2024,9,0,0,0,0,0,0.0,4,1,1,0,0,7628.04,330.0,19,True,False,1,0,1,1,1.33
197,Silla de transporte ultraligera,Movilidad,MIXTO,2024-10-01,2024,10,2,0,2,2,0,0.0,3,1,0,1,0,7653.22,330.0,17,False,False,0,0,4,0,0.33
197,Silla de transporte ultraligera,Movilidad,MIXTO,2024-11-01,2024,11,0,0,0,0,0,0.0,2,0,0,0,0,7656.29,330.0,16,False,False,2,0,3,2,1.0
197,Silla de transporte ultraligera,Movilidad,MIXTO,2024-12-01,2024,12,2,0,2,1,0,0.0,1,0,0,0,1,7575.57,330.0,17,False,False,0,0,2,0,0.67
197,Silla de transporte ultraligera,Movilidad,MIXTO,2025-01-01,2025,1,6,1,7,4,1,5.0,6,2,1,0,2,7543.55,330.0,12,False,False,2,0,1,2,1.33
197,Silla de transporte ultraligera,Movilidad,MIXTO,2025-02-01,2025,2,2,0,2,1,0,0.0,7,4,2,0,0,7592.68,330.0,25,False,False,6,1,6,7,3.0
197,Silla de transporte ultraligera,Movilidad,MIXTO,2025-03-01,2025,3,6,0,6,3,0,0.0,6,0,1,0,1,7651.92,330.0,26,False,False,2,0,7,2,3.67
197,Silla de transporte ultraligera,Movilidad,MIXTO,2025-04-01,2025,4,13,0,13,5,0,0.0,12,3,2,1,0,7728.03,330.0,21,True,False,6,0,6,6,5.0
197,Silla de transporte ultraligera,Movilidad,MIXTO,2025-05-01,2025,5,12,0,12,5,0,0.0,10,7,2,2,0,7760.49,330.0,41,True,False,13,0,12,13,7.0
197,Silla de transporte ultraligera,Movilidad,MIXTO,2025-06-01,2025,6,11,0,11,5,0,0.0,6,4,1,1,0,7822.62,330.0,27,False,False,12,0,10,12,10.33
197,Silla de transporte ultraligera,Movilidad,MIXTO,2025-07-01,2025,7,14,1,15,5,1,8.0,7,3,2,0,0,7702.52,330.0,15,False,False,11,0,6,11,12.0
197,Silla de transporte ultraligera,Movilidad,MIXTO,2025-08-01,2025,8,19,0,19,8,0,0.0,11,7,2,0,0,7747.33,330.0,37,False,False,14,1,7,15,12.67
197,Silla de transporte ultraligera,Movilidad,MIXTO,2025-09-01,2025,9,10,1,11,3,1,3.0,12,2,2,1,2,7727.65,330.0,16,False,False,19,0,11,19,15.0
197,Silla de transporte ultraligera,Movilidad,MIXTO,2025-10-01,2025,10,12,1,13,5,1,7.0,10,7,2,0,0,7804.6,330.0,30,False,False,10,1,12,11,15.0
197,Silla de transporte ultraligera,Movilidad,MIXTO,2025-11-01,2025,11,15,0,15,10,0,0.0,17,7,4,2,0,7826.86,330.0,15,False,False,12,1,10,13,14.33
197,Silla de transporte ultraligera,Movilidad,MIXTO,2025-12-01,2025,12,21,0,21,10,0,0.0,13,2,3,1,0,7857.65,330.0,35,False,False,15,0,17,15,13.0
197,Silla de transporte ultraligera,Movilidad,MIXTO,2026-01-01,2026,1,19,0,19,10,0,0.0,28,8,5,3,1,7900.85,330.0,59,True,False,21,0,13,21,16.33
197,Silla de transporte ultraligera,Movilidad,MIXTO,2026-02-01,2026,2,27,0,27,11,0,0.0,29,4,1,0,1,7885.01,330.0,37,False,False,19,0,28,19,18.33
197,Silla de transporte ultraligera,Movilidad,MIXTO,2026-03-01,2026,3,19,3,22,11,3,11.0,26,6,4,1,2,7893.49,330.0,59,False,False,27,0,29,27,22.33
197,Silla de transporte ultraligera,Movilidad,MIXTO,2026-04-01,2026,4,19,2,21,9,2,4.0,25,9,4,1,2,7908.06,330.0,33,False,False,19,3,26,22,22.67
197,Silla de transporte ultraligera,Movilidad,MIXTO,2026-05-01,2026,5,19,3,22,10,3,5.0,33,9,4,2,2,7897.06,330.0,12,True,False,19,2,25,21,23.33
197,Silla de transporte ultraligera,Movilidad,MIXTO,2026-06-01,2026,6,35,1,36,17,1,3.0,9,6,3,2,0,7866.51,330.0,36,False,False,19,3,33,22,21.67
197,Silla de transporte ultraligera,Movilidad,MIXTO,2026-07-01,2026,7,9,0,9,5,0,0.0,10,2,0,0,1,7835.04,330.0,52,False,False,35,1,9,36,26.33
198,Silla de ruedas infantil,Movilidad,MIXTO,2024-01-01,2024,1,0,0,0,0,0,0.0,0,0,0,0,0,11925.89,440.0,38,True,False,0,0,0,0,0.0
198,Silla de ruedas infantil,Movilidad,MIXTO,2024-02-01,2024,2,0,0,0,0,0,0.0,0,0,0,0,0,12002.73,440.0,35,True,False,0,0,0,0,0.0
198,Silla de ruedas infantil,Movilidad,MIXTO,2024-03-01,2024,3,0,0,0,0,0,0.0,1,0,0,0,0,12029.18,440.0,42,False,False,0,0,0,0,0.0
198,Silla de ruedas infantil,Movilidad,MIXTO,2024-04-01,2024,4,2,0,2,1,0,0.0,0,0,1,1,0,11927.29,440.0,42,False,False,0,0,1,0,0.0
198,Silla de ruedas infantil,Movilidad,MIXTO,2024-05-01,2024,5,0,0,0,0,0,0.0,3,0,0,0,0,11994.9,440.0,39,False,False,2,0,0,2,0.67
198,Silla de ruedas infantil,Movilidad,MIXTO,2024-06-01,2024,6,0,0,0,0,0,0.0,1,0,0,0,0,12061.44,440.0,40,False,False,0,0,3,0,0.67
198,Silla de ruedas infantil,Movilidad,MIXTO,2024-07-01,2024,7,0,0,0,0,0,0.0,2,1,0,0,1,12030.17,440.0,39,False,False,0,0,1,0,0.67
198,Silla de ruedas infantil,Movilidad,MIXTO,2024-08-01,2024,8,5,0,5,3,0,0.0,1,1,0,0,0,12059.78,440.0,40,True,False,0,0,2,0,0.0
198,Silla de ruedas infantil,Movilidad,MIXTO,2024-09-01,2024,9,1,0,1,1,0,0.0,7,1,0,0,1,12084.0,440.0,35,False,False,5,0,1,5,1.67
198,Silla de ruedas infantil,Movilidad,MIXTO,2024-10-01,2024,10,4,1,5,1,1,7.0,3,1,1,0,0,12166.14,440.0,34,False,False,1,0,7,1,2.0
198,Silla de ruedas infantil,Movilidad,MIXTO,2024-11-01,2024,11,2,0,2,2,0,0.0,4,1,1,0,0,12167.06,440.0,28,False,False,4,1,3,5,3.67
198,Silla de ruedas infantil,Movilidad,MIXTO,2024-12-01,2024,12,5,0,5,3,0,0.0,7,0,0,1,0,12287.51,440.0,23,False,False,2,0,4,2,2.67
198,Silla de ruedas infantil,Movilidad,MIXTO,2025-01-01,2025,1,2,0,2,1,0,0.0,4,1,1,0,0,12256.0,440.0,16,False,False,5,0,7,5,4.0
198,Silla de ruedas infantil,Movilidad,MIXTO,2025-02-01,2025,2,5,0,5,3,0,0.0,9,1,2,0,3,12322.57,440.0,14,False,False,2,0,4,2,3.0
198,Silla de ruedas infantil,Movilidad,MIXTO,2025-03-01,2025,3,2,0,2,1,0,0.0,8,3,1,0,0,12428.46,440.0,9,False,False,5,0,9,5,4.0
198,Silla de ruedas infantil,Movilidad,MIXTO,2025-04-01,2025,4,6,0,6,4,0,0.0,9,6,3,0,0,12431.38,440.0,31,False,False,2,0,8,2,3.0
198,Silla de ruedas infantil,Movilidad,MIXTO,2025-05-01,2025,5,0,0,0,0,0,0.0,19,4,2,2,0,12369.27,440.0,22,True,False,6,0,9,6,4.33
198,Silla de ruedas infantil,Movilidad,MIXTO,2025-06-01,2025,6,1,0,1,1,0,0.0,10,0,2,0,1,12369.06,440.0,22,False,False,0,0,19,0,2.67
198,Silla de ruedas infantil,Movilidad,MIXTO,2025-07-01,2025,7,2,1,3,2,1,4.0,7,6,3,0,1,12249.82,440.0,20,False,False,1,0,10,1,2.33
198,Silla de ruedas infantil,Movilidad,MIXTO,2025-08-01,2025,8,9,2,11,3,2,8.5,11,0,3,2,0,12364.5,440.0,17,False,False,2,1,7,3,1.33
198,Silla de ruedas infantil,Movilidad,MIXTO,2025-09-01,2025,9,10,2,12,6,2,6.5,14,1,1,1,1,12397.78,440.0,39,False,False,9,2,11,11,5.0
198,Silla de ruedas infantil,Movilidad,MIXTO,2025-10-01,2025,10,11,0,11,4,0,0.0,17,9,3,1,3,12369.71,440.0,27,True,False,10,2,14,12,8.67
198,Silla de ruedas infantil,Movilidad,MIXTO,2025-11-01,2025,11,4,0,4,3,0,0.0,15,6,2,1,1,12345.49,440.0,18,False,False,11,0,17,11,11.33
198,Silla de ruedas infantil,Movilidad,MIXTO,2025-12-01,2025,12,16,1,17,10,1,5.0,19,10,7,4,0,12431.49,440.0,15,True,False,4,0,15,4,9.0
198,Silla de ruedas infantil,Movilidad,MIXTO,2026-01-01,2026,1,8,0,8,4,0,0.0,25,7,3,0,0,12345.35,440.0,29,False,False,16,1,19,17,10.67
198,Silla de ruedas infantil,Movilidad,MIXTO,2026-02-01,2026,2,14,0,14,6,0,0.0,28,5,3,7,1,12512.1,440.0,21,False,False,8,0,25,8,9.67
198,Silla de ruedas infantil,Movilidad,MIXTO,2026-03-01,2026,3,2,1,3,2,1,4.0,35,12,4,4,1,12620.19,440.0,33,False,False,14,0,28,14,13.0
198,Silla de ruedas infantil,Movilidad,MIXTO,2026-04-01,2026,4,15,1,16,8,1,9.0,27,7,2,1,1,12606.6,440.0,29,False,False,2,1,35,3,8.33
198,Silla de ruedas infantil,Movilidad,MIXTO,2026-05-01,2026,5,10,1,11,5,1,10.0,26,13,5,3,1,12524.3,440.0,15,False,False,15,1,27,16,11.0
198,Silla de ruedas infantil,Movilidad,MIXTO,2026-06-01,2026,6,12,1,13,7,1,10.0,21,10,3,0,1,12543.42,440.0,28,False,False,10,1,26,11,10.0
198,Silla de ruedas infantil,Movilidad,MIXTO,2026-07-01,2026,7,6,0,6,4,0,0.0,11,5,1,2,0,12763.5,440.0,12,False,False,12,1,21,13,13.33
199,Scooter de movilidad compacto,Movilidad,RENTA,2024-01-01,2024,1,0,0,0,0,0,0.0,0,0,0,0,0,48700.07,1280.0,19,False,False,0,0,0,0,0.0
199,Scooter de movilidad compacto,Movilidad,RENTA,2024-02-01,2024,2,0,0,0,0,0,0.0,0,0,0,0,0,49053.7,1280.0,19,False,False,0,0,0,0,0.0
199,Scooter de movilidad compacto,Movilidad,RENTA,2024-03-01,2024,3,0,0,0,0,0,0.0,0,0,0,0,0,48965.52,1280.0,16,False,False,0,0,0,0,0.0
199,Scooter de movilidad compacto,Movilidad,RENTA,2024-04-01,2024,4,0,0,0,0,0,0.0,1,0,0,0,0,49130.28,1280.0,15,False,False,0,0,0,0,0.0
199,Scooter de movilidad compacto,Movilidad,RENTA,2024-05-01,2024,5,0,0,0,0,0,0.0,0,0,0,0,1,48811.89,1280.0,16,False,False,0,0,1,0,0.0
199,Scooter de movilidad compacto,Movilidad,RENTA,2024-06-01,2024,6,0,0,0,0,0,0.0,1,1,0,0,0,49241.52,1280.0,15,False,False,0,0,0,0,0.0
199,Scooter de movilidad compacto,Movilidad,RENTA,2024-07-01,2024,7,0,0,0,0,0,0.0,1,1,0,0,1,49201.74,1280.0,13,True,False,0,0,1,0,0.0
199,Scooter de movilidad compacto,Movilidad,RENTA,2024-08-01,2024,8,0,0,0,0,0,0.0,0,0,1,0,0,50115.96,1280.0,13,False,False,0,0,1,0,0.0
199,Scooter de movilidad compacto,Movilidad,RENTA,2024-09-01,2024,9,0,0,0,0,0,0.0,3,1,0,0,0,49871.35,1280.0,11,False,False,0,0,0,0,0.0
199,Scooter de movilidad compacto,Movilidad,RENTA,2024-10-01,2024,10,0,0,0,0,0,0.0,2,1,1,0,0,49946.38,1280.0,13,False,False,0,0,3,0,0.0
199,Scooter de movilidad compacto,Movilidad,RENTA,2024-11-01,2024,11,0,0,0,0,0,0.0,2,1,1,0,0,49592.26,1280.0,12,True,False,0,0,2,0,0.0
199,Scooter de movilidad compacto,Movilidad,RENTA,2024-12-01,2024,12,0,0,0,0,0,0.0,7,0,0,0,0,49613.26,1280.0,10,False,False,0,0,2,0,0.0
199,Scooter de movilidad compacto,Movilidad,RENTA,2025-01-01,2025,1,0,0,0,0,0,0.0,5,1,1,0,0,49827.44,1280.0,9,False,False,0,0,7,0,0.0
199,Scooter de movilidad compacto,Movilidad,RENTA,2025-02-01,2025,2,0,0,0,0,0,0.0,6,1,2,1,0,50515.85,1280.0,10,False,False,0,0,5,0,0.0
199,Scooter de movilidad compacto,Movilidad,RENTA,2025-03-01,2025,3,0,0,0,0,0,0.0,7,3,1,1,2,50344.5,1280.0,23,False,False,0,0,6,0,0.0
199,Scooter de movilidad compacto,Movilidad,RENTA,2025-04-01,2025,4,0,0,0,0,0,0.0,8,2,1,2,2,50286.4,1280.0,22,False,False,0,0,7,0,0.0
199,Scooter de movilidad compacto,Movilidad,RENTA,2025-05-01,2025,5,0,0,0,0,0,0.0,18,3,1,1,0,50517.06,1280.0,25,False,False,0,0,8,0,0.0
199,Scooter de movilidad compacto,Movilidad,RENTA,2025-06-01,2025,6,0,0,0,0,0,0.0,11,3,1,0,0,50616.63,1280.0,30,False,False,0,0,18,0,0.0
199,Scooter de movilidad compacto,Movilidad,RENTA,2025-07-01,2025,7,0,0,0,0,0,0.0,6,3,4,1,0,50603.78,1280.0,26,False,False,0,0,11,0,0.0
199,Scooter de movilidad compacto,Movilidad,RENTA,2025-08-01,2025,8,0,0,0,0,0,0.0,13,3,3,2,1,50596.01,1280.0,32,False,False,0,0,6,0,0.0
199,Scooter de movilidad compacto,Movilidad,RENTA,2025-09-01,2025,9,0,0,0,0,0,0.0,20,4,3,2,0,50736.35,1280.0,32,True,False,0,0,13,0,0.0
199,Scooter de movilidad compacto,Movilidad,RENTA,2025-10-01,2025,10,0,0,0,0,0,0.0,9,4,2,1,0,51107.35,1280.0,33,False,False,0,0,20,0,0.0
199,Scooter de movilidad compacto,Movilidad,RENTA,2025-11-01,2025,11,0,0,0,0,0,0.0,25,5,2,1,1,51044.57,1280.0,31,True,False,0,0,9,0,0.0
199,Scooter de movilidad compacto,Movilidad,RENTA,2025-12-01,2025,12,0,0,0,0,0,0.0,31,6,1,3,0,51292.02,1280.0,34,False,False,0,0,25,0,0.0
199,Scooter de movilidad compacto,Movilidad,RENTA,2026-01-01,2026,1,0,0,0,0,0,0.0,24,5,1,4,0,51993.65,1280.0,32,False,False,0,0,31,0,0.0
199,Scooter de movilidad compacto,Movilidad,RENTA,2026-02-01,2026,2,0,0,0,0,0,0.0,41,14,3,1,1,52406.15,1280.0,41,True,False,0,0,24,0,0.0
199,Scooter de movilidad compacto,Movilidad,RENTA,2026-03-01,2026,3,0,0,0,0,0,0.0,34,8,5,2,1,52400.53,1280.0,41,True,False,0,0,41,0,0.0
199,Scooter de movilidad compacto,Movilidad,RENTA,2026-04-01,2026,4,0,0,0,0,0,0.0,36,4,1,1,6,52405.8,1280.0,42,True,False,0,0,34,0,0.0
199,Scooter de movilidad compacto,Movilidad,RENTA,2026-05-01,2026,5,0,0,0,0,0,0.0,33,7,4,1,3,52405.8,1280.0,39,False,False,0,0,36,0,0.0
199,Scooter de movilidad compacto,Movilidad,RENTA,2026-06-01,2026,6,0,0,0,0,0,0.0,33,4,5,0,0,52406.31,1280.0,39,True,False,0,0,33,0,0.0
199,Scooter de movilidad compacto,Movilidad,RENTA,2026-07-01,2026,7,0,0,0,0,0,0.0,9,4,3,1,0,52279.92,1280.0,37,False,False,0,0,33,0,0.0
200,Andadera con asiento y ruedas,Apoyo para caminar,MIXTO,2024-01-01,2024,1,0,0,0,0,0,0.0,0,0,0,0,0,4617.41,190.0,41,False,False,0,0,0,0,0.0
200,Andadera con asiento y ruedas,Apoyo para caminar,MIXTO,2024-02-01,2024,2,2,0,2,1,0,0.0,0,0,0,0,0,4624.06,190.0,40,False,False,0,0,0,0,0.0
200,Andadera con asiento y ruedas,Apoyo para caminar,MIXTO,2024-03-01,2024,3,0,0,0,0,0,0.0,0,0,0,0,0,4603.75,190.0,46,False,False,2,0,0,2,1.0
200,Andadera con asiento y ruedas,Apoyo para caminar,MIXTO,2024-04-01,2024,4,0,0,0,0,0,0.0,0,0,0,0,0,4609.75,190.0,47,False,False,0,0,0,0,0.67
200,Andadera con asiento y ruedas,Apoyo para caminar,MIXTO,2024-05-01,2024,5,2,0,2,1,0,0.0,0,0,0,0,0,4626.21,190.0,47,False,False,0,0,0,0,0.67
200,Andadera con asiento y ruedas,Apoyo para caminar,MIXTO,2024-06-01,2024,6,9,0,9,3,0,0.0,0,0,0,0,0,4633.32,190.0,44,False,False,2,0,0,2,0.67
200,Andadera con asiento y ruedas,Apoyo para caminar,MIXTO,2024-07-01,2024,7,6,1,7,2,1,4.0,0,1,0,0,0,4631.41,190.0,40,True,False,9,0,0,9,3.67
200,Andadera con asiento y ruedas,Apoyo para caminar,MIXTO,2024-08-01,2024,8,4,1,5,2,1,5.0,0,1,1,0,0,4623.02,190.0,31,True,False,6,1,0,7,6.0
200,Andadera con asiento y ruedas,Apoyo para caminar,MIXTO,2024-09-01,2024,9,4,1,5,1,1,4.0,0,1,0,1,0,4625.03,190.0,31,False,False,4,1,0,5,7.0
200,Andadera con asiento y ruedas,Apoyo para caminar,MIXTO,2024-10-01,2024,10,7,1,8,2,1,9.0,5,1,0,0,0,4657.7,190.0,25,True,False,4,1,0,5,5.67
200,Andadera con asiento y ruedas,Apoyo para caminar,MIXTO,2024-11-01,2024,11,0,0,0,0,0,0.0,1,0,0,1,0,4695.83,190.0,18,False,False,7,1,5,8,6.0
200,Andadera con asiento y ruedas,Apoyo para caminar,MIXTO,2024-12-01,2024,12,0,0,0,0,0,0.0,4,1,0,0,0,4709.08,190.0,19,False,False,0,0,1,0,4.33
200,Andadera con asiento y ruedas,Apoyo para caminar,MIXTO,2025-01-01,2025,1,7,0,7,3,0,0.0,3,4,0,0,0,4740.03,190.0,18,False,False,0,0,4,0,2.67
200,Andadera con asiento y ruedas,Apoyo para caminar,MIXTO,2025-02-01,2025,2,8,2,10,4,2,10.0,3,0,0,1,0,4734.31,190.0,11,False,False,7,0,3,7,2.33
200,Andadera con asiento y ruedas,Apoyo para caminar,MIXTO,2025-03-01,2025,3,10,0,10,4,0,0.0,1,0,1,0,0,4742.5,190.0,9,False,False,8,2,3,10,5.67
200,Andadera con asiento y ruedas,Apoyo para caminar,MIXTO,2025-04-01,2025,4,4,0,4,2,0,0.0,4,3,1,0,0,4784.91,190.0,29,False,False,10,0,1,10,9.0
200,Andadera con asiento y ruedas,Apoyo para caminar,MIXTO,2025-05-01,2025,5,7,2,9,3,2,4.5,3,0,1,1,1,4807.02,190.0,26,True,False,4,0,4,4,8.0
200,Andadera con asiento y ruedas,Apoyo para caminar,MIXTO,2025-06-01,2025,6,8,1,9,5,1,4.0,3,3,0,0,0,4835.41,190.0,16,False,False,7,2,3,9,7.67
200,Andadera con asiento y ruedas,Apoyo para caminar,MIXTO,2025-07-01,2025,7,16,1,17,7,1,3.0,6,3,0,0,0,4820.11,190.0,9,False,False,8,1,3,9,7.33
200,Andadera con asiento y ruedas,Apoyo para caminar,MIXTO,2025-08-01,2025,8,9,3,12,3,3,6.33,9,1,1,0,2,4821.76,190.0,24,False,False,16,1,6,17,11.67
200,Andadera con asiento y ruedas,Apoyo para caminar,MIXTO,2025-09-01,2025,9,15,1,16,6,1,3.0,10,2,1,0,0,4848.73,190.0,11,False,False,9,3,9,12,12.67
200,Andadera con asiento y ruedas,Apoyo para caminar,MIXTO,2025-10-01,2025,10,28,6,34,15,6,6.0,5,2,2,0,1,4867.82,190.0,29,False,False,15,1,10,16,15.0
200,Andadera con asiento y ruedas,Apoyo para caminar,MIXTO,2025-11-01,2025,11,18,6,24,8,6,6.67,15,0,2,1,1,4894.71,190.0,37,True,False,28,6,5,34,20.67
200,Andadera con asiento y ruedas,Apoyo para caminar,MIXTO,2025-12-01,2025,12,13,2,15,7,2,11.0,15,4,0,3,0,4899.45,190.0,12,False,False,18,6,15,24,24.67
200,Andadera con asiento y ruedas,Apoyo para caminar,MIXTO,2026-01-01,2026,1,22,0,22,7,0,0.0,17,4,3,2,1,4904.85,190.0,23,True,False,13,2,15,15,24.33
200,Andadera con asiento y ruedas,Apoyo para caminar,MIXTO,2026-02-01,2026,2,23,3,26,9,3,6.67,18,1,0,0,2,4909.09,190.0,38,False,False,22,0,17,22,20.33
200,Andadera con asiento y ruedas,Apoyo para caminar,MIXTO,2026-03-01,2026,3,19,2,21,8,2,5.0,16,3,2,2,3,4922.17,190.0,52,False,False,23,3,18,26,21.0
200,Andadera con asiento y ruedas,Apoyo para caminar,MIXTO,2026-04-01,2026,4,40,5,45,18,5,5.0,19,2,3,1,1,4916.29,190.0,29,True,False,19,2,16,21,23.0
200,Andadera con asiento y ruedas,Apoyo para caminar,MIXTO,2026-05-01,2026,5,44,4,48,17,4,6.75,16,6,5,2,3,4905.66,190.0,41,True,False,40,5,19,45,30.67
200,Andadera con asiento y ruedas,Apoyo para caminar,MIXTO,2026-06-01,2026,6,35,2,37,14,2,4.5,12,3,6,1,0,4925.23,190.0,48,False,False,44,4,16,48,38.0
200,Andadera con asiento y ruedas,Apoyo para caminar,MIXTO,2026-07-01,2026,7,17,0,17,6,0,0.0,4,0,0,1,0,4934.6,190.0,63,False,False,35,2,12,37,43.33
201,Andadera pediátrica ajustable,Apoyo para caminar,VENTA,2024-01-01,2024,1,0,0,0,0,0,0.0,0,0,0,0,0,3178.48,0.0,29,False,False,0,0,0,0,0.0
201,Andadera pediátrica ajustable,Apoyo para caminar,VENTA,2024-02-01,2024,2,0,0,0,0,0,0.0,0,0,0,0,0,3204.14,0.0,30,False,False,0,0,0,0,0.0
201,Andadera pediátrica ajustable,Apoyo para caminar,VENTA,2024-03-01,2024,3,0,0,0,0,0,0.0,0,0,0,0,0,3195.72,0.0,28,False,False,0,0,0,0,0.0
201,Andadera pediátrica ajustable,Apoyo para caminar,VENTA,2024-04-01,2024,4,8,0,8,3,0,0.0,0,0,0,0,0,3220.24,0.0,30,False,False,0,0,0,0,0.0
201,Andadera pediátrica ajustable,Apoyo para caminar,VENTA,2024-05-01,2024,5,0,0,0,0,0,0.0,0,0,0,0,0,3220.53,0.0,24,False,False,8,0,0,8,2.67
201,Andadera pediátrica ajustable,Apoyo para caminar,VENTA,2024-06-01,2024,6,2,0,2,1,0,0.0,3,0,0,0,0,3235.01,0.0,23,False,False,0,0,0,0,2.67
201,Andadera pediátrica ajustable,Apoyo para caminar,VENTA,2024-07-01,2024,7,8,0,8,3,0,0.0,0,2,0,0,1,3255.34,0.0,21,False,False,2,0,3,2,3.33
201,Andadera pediátrica ajustable,Apoyo para caminar,VENTA,2024-08-01,2024,8,6,0,6,2,0,0.0,1,0,3,2,0,3244.18,0.0,14,False,False,8,0,0,8,3.33
201,Andadera pediátrica ajustable,Apoyo para caminar,VENTA,2024-09-01,2024,9,2,0,2,1,0,0.0,2,1,1,0,0,3220.38,0.0,22,False,False,6,0,1,6,5.33
201,Andadera pediátrica ajustable,Apoyo para caminar,VENTA,2024-10-01,2024,10,0,0,0,0,0,0.0,2,0,1,1,0,3243.86,0.0,17,False,False,2,0,2,2,5.33
201,Andadera pediátrica ajustable,Apoyo para caminar,VENTA,2024-11-01,2024,11,15,0,15,5,0,0.0,3,0,1,0,0,3258.86,0.0,16,True,False,0,0,2,0,2.67
201,Andadera pediátrica ajustable,Apoyo para caminar,VENTA,2024-12-01,2024,12,9,0,9,3,0,0.0,4,2,2,0,0,3246.42,0.0,37,False,False,15,0,3,15,5.67
201,Andadera pediátrica ajustable,Apoyo para caminar,VENTA,2025-01-01,2025,1,8,0,8,2,0,0.0,11,0,1,0,0,3252.96,0.0,27,False,False,9,0,4,9,8.0
201,Andadera pediátrica ajustable,Apoyo para caminar,VENTA,2025-02-01,2025,2,13,0,13,6,0,0.0,6,1,1,1,0,3231.1,0.0,17,False,False,8,0,11,8,10.67
201,Andadera pediátrica ajustable,Apoyo para caminar,VENTA,2025-03-01,2025,3,1,0,1,1,0,0.0,13,1,4,2,1,3250.01,0.0,26,True,False,13,0,6,13,10.0
201,Andadera pediátrica ajustable,Apoyo para caminar,VENTA,2025-04-01,2025,4,2,0,2,2,0,0.0,4,4,1,1,1,3220.2,0.0,25,False,False,1,0,13,1,7.33
201,Andadera pediátrica ajustable,Apoyo para caminar,VENTA,2025-05-01,2025,5,18,0,18,6,0,0.0,12,4,3,2,0,3239.01,0.0,21,False,False,2,0,4,2,5.33
201,Andadera pediátrica ajustable,Apoyo para caminar,VENTA,2025-06-01,2025,6,3,0,3,2,0,0.0,9,2,1,1,1,3272.68,0.0,46,False,False,18,0,12,18,7.0
201,Andadera pediátrica ajustable,Apoyo para caminar,VENTA,2025-07-01,2025,7,22,0,22,7,0,0.0,13,7,2,2,0,3285.74,0.0,44,False,False,3,0,9,3,7.67
201,Andadera pediátrica ajustable,Apoyo para caminar,VENTA,2025-08-01,2025,8,30,0,30,9,0,0.0,25,3,3,2,0,3270.47,0.0,20,True,False,22,0,13,22,14.33
201,Andadera pediátrica ajustable,Apoyo para caminar,VENTA,2025-09-01,2025,9,31,0,31,13,0,0.0,14,5,7,1,1,3290.41,0.0,32,False,False,30,0,25,30,18.33
201,Andadera pediátrica ajustable,Apoyo para caminar,VENTA,2025-10-01,2025,10,18,0,18,7,0,0.0,17,9,3,2,0,3318.64,0.0,27,False,False,31,0,14,31,27.67
201,Andadera pediátrica ajustable,Apoyo para caminar,VENTA,2025-11-01,2025,11,26,0,26,11,0,0.0,21,5,4,2,0,3336.46,0.0,12,True,False,18,0,17,18,26.33
201,Andadera pediátrica ajustable,Apoyo para caminar,VENTA,2025-12-01,2025,12,22,0,22,8,0,0.0,23,9,1,2,0,3346.94,0.0,33,False,False,26,0,21,26,25.0
201,Andadera pediátrica ajustable,Apoyo para caminar,VENTA,2026-01-01,2026,1,17,0,17,7,0,0.0,24,10,5,3,1,3357.5,0.0,12,False,False,22,0,23,22,22.0
201,Andadera pediátrica ajustable,Apoyo para caminar,VENTA,2026-02-01,2026,2,18,0,18,7,0,0.0,20,5,2,0,0,3369.62,0.0,39,False,False,17,0,24,17,21.67
201,Andadera pediátrica ajustable,Apoyo para caminar,VENTA,2026-03-01,2026,3,35,0,35,13,0,0.0,26,12,4,1,4,3365.77,0.0,21,False,False,18,0,20,18,19.0
201,Andadera pediátrica ajustable,Apoyo para caminar,VENTA,2026-04-01,2026,4,58,0,58,21,0,0.0,34,8,5,4,1,3332.09,0.0,54,True,False,35,0,26,35,23.33
201,Andadera pediátrica ajustable,Apoyo para caminar,VENTA,2026-05-01,2026,5,34,0,34,16,0,0.0,41,16,7,1,2,3339.66,0.0,64,False,False,58,0,34,58,37.0
201,Andadera pediátrica ajustable,Apoyo para caminar,VENTA,2026-06-01,2026,6,47,0,47,17,0,0.0,37,11,6,3,3,3363.94,0.0,29,True,False,34,0,41,34,42.33
201,Andadera pediátrica ajustable,Apoyo para caminar,VENTA,2026-07-01,2026,7,14,0,14,6,0,0.0,10,4,1,1,0,3354.61,0.0,58,False,False,47,0,37,47,46.33
202,Bastón plegable de aluminio,Apoyo para caminar,VENTA,2024-01-01,2024,1,0,0,0,0,0,0.0,0,0,0,0,0,894.02,0.0,23,False,False,0,0,0,0,0.0
202,Bastón plegable de aluminio,Apoyo para caminar,VENTA,2024-02-01,2024,2,0,0,0,0,0,0.0,0,0,0,0,0,896.38,0.0,21,False,False,0,0,0,0,0.0
202,Bastón plegable de aluminio,Apoyo para caminar,VENTA,2024-03-01,2024,3,0,0,0,0,0,0.0,0,0,0,0,0,890.19,0.0,20,False,False,0,0,0,0,0.0
202,Bastón plegable de aluminio,Apoyo para caminar,VENTA,2024-04-01,2024,4,0,0,0,0,0,0.0,0,0,0,0,0,895.89,0.0,20,False,False,0,0,0,0,0.0
202,Bastón plegable de aluminio,Apoyo para caminar,VENTA,2024-05-01,2024,5,0,0,0,0,0,0.0,0,0,0,0,0,890.23,0.0,17,False,False,0,0,0,0,0.0
202,Bastón plegable de aluminio,Apoyo para caminar,VENTA,2024-06-01,2024,6,2,0,2,1,0,0.0,1,1,0,0,0,896.52,0.0,17,False,False,0,0,0,0,0.0
202,Bastón plegable de aluminio,Apoyo para caminar,VENTA,2024-07-01,2024,7,0,0,0,0,0,0.0,2,1,0,0,0,896.66,0.0,14,True,False,2,0,1,2,0.67
202,Bastón plegable de aluminio,Apoyo para caminar,VENTA,2024-08-01,2024,8,0,0,0,0,0,0.0,2,0,0,0,0,901.53,0.0,14,True,False,0,0,2,0,0.67
202,Bastón plegable de aluminio,Apoyo para caminar,VENTA,2024-09-01,2024,9,0,0,0,0,0,0.0,4,0,1,0,0,903.34,0.0,11,False,False,0,0,2,0,0.67
202,Bastón plegable de aluminio,Apoyo para caminar,VENTA,2024-10-01,2024,10,0,0,0,0,0,0.0,1,1,0,0,0,907.13,0.0,10,False,False,0,0,4,0,0.0
202,Bastón plegable de aluminio,Apoyo para caminar,VENTA,2024-11-01,2024,11,4,0,4,1,0,0.0,7,1,0,0,0,906.32,0.0,11,True,False,0,0,1,0,0.0
202,Bastón plegable de aluminio,Apoyo para caminar,VENTA,2024-12-01,2024,12,0,0,0,0,0,0.0,5,2,0,1,1,909.4,0.0,23,False,False,4,0,7,4,1.33
202,Bastón plegable de aluminio,Apoyo para caminar,VENTA,2025-01-01,2025,1,14,0,14,4,0,0.0,10,3,0,0,0,907.79,0.0,24,False,False,0,0,5,0,1.33
202,Bastón plegable de aluminio,Apoyo para caminar,VENTA,2025-02-01,2025,2,6,0,6,2,0,0.0,12,4,1,1,1,902.85,0.0,8,True,False,14,0,10,14,6.0
202,Bastón plegable de aluminio,Apoyo para caminar,VENTA,2025-03-01,2025,3,2,0,2,1,0,0.0,7,4,0,1,1,899.66,0.0,18,False,False,6,0,12,6,6.67
202,Bastón plegable de aluminio,Apoyo para caminar,VENTA,2025-04-01,2025,4,0,0,0,0,0,0.0,9,3,2,0,0,910.4,0.0,14,False,False,2,0,7,2,7.33
202,Bastón plegable de aluminio,Apoyo para caminar,VENTA,2025-05-01,2025,5,0,0,0,0,0,0.0,11,4,1,0,1,910.03,0.0,13,True,False,0,0,9,0,2.67
202,Bastón plegable de aluminio,Apoyo para caminar,VENTA,2025-06-01,2025,6,8,0,8,3,0,0.0,7,3,0,2,0,910.04,0.0,13,False,False,0,0,11,0,0.67
202,Bastón plegable de aluminio,Apoyo para caminar,VENTA,2025-07-01,2025,7,16,0,16,5,0,0.0,20,3,8,1,0,915.12,0.0,29,False,False,8,0,7,8,2.67
202,Bastón plegable de aluminio,Apoyo para caminar,VENTA,2025-08-01,2025,8,6,0,6,2,0,0.0,20,4,3,2,0,910.38,0.0,11,False,False,16,0,20,16,8.0
202,Bastón plegable de aluminio,Apoyo para caminar,VENTA,2025-09-01,2025,9,10,0,10,4,0,0.0,14,4,3,0,0,916.68,0.0,24,False,False,6,0,20,6,10.0
202,Bastón plegable de aluminio,Apoyo para caminar,VENTA,2025-10-01,2025,10,8,0,8,2,0,0.0,19,5,7,2,0,922.28,0.0,10,False,False,10,0,14,10,10.67
202,Bastón plegable de aluminio,Apoyo para caminar,VENTA,2025-11-01,2025,11,11,0,11,3,0,0.0,26,6,5,7,0,923.81,0.0,28,True,False,8,0,19,8,8.0
202,Bastón plegable de aluminio,Apoyo para caminar,VENTA,2025-12-01,2025,12,16,0,16,6,0,0.0,17,10,4,0,2,923.45,0.0,16,False,False,11,0,26,11,9.67
202,Bastón plegable de aluminio,Apoyo para caminar,VENTA,2026-01-01,2026,1,10,0,10,4,0,0.0,24,7,2,0,2,928.97,0.0,28,False,False,16,0,17,16,11.67
202,Bastón plegable de aluminio,Apoyo para caminar,VENTA,2026-02-01,2026,2,6,0,6,2,0,0.0,26,7,6,0,3,935.84,0.0,21,False,False,10,0,24,10,12.33
202,Bastón plegable de aluminio,Apoyo para caminar,VENTA,2026-03-01,2026,3,8,0,8,3,0,0.0,31,12,6,5,2,935.51,0.0,14,False,False,6,0,26,6,10.67
202,Bastón plegable de aluminio,Apoyo para caminar,VENTA,2026-04-01,2026,4,17,0,17,6,0,0.0,18,7,8,3,0,946.07,0.0,26,False,False,8,0,31,8,8.0
202,Bastón plegable de aluminio,Apoyo para caminar,VENTA,2026-05-01,2026,5,10,0,10,3,0,0.0,46,17,5,4,1,945.09,0.0,10,False,False,17,0,18,17,10.33
202,Bastón plegable de aluminio,Apoyo para caminar,VENTA,2026-06-01,2026,6,12,0,12,4,0,0.0,26,6,6,3,1,952.23,0.0,31,False,False,10,0,46,10,11.67
202,Bastón plegable de aluminio,Apoyo para caminar,VENTA,2026-07-01,2026,7,9,0,9,3,0,0.0,12,5,1,1,1,954.52,0.0,22,False,False,12,0,26,12,13.0
203,Oxímetro de pulso digital,Oxigenoterapia,VENTA,2024-01-01,2024,1,0,0,0,0,0,0.0,0,0,0,0,0,1284.11,0.0,19,True,False,0,0,0,0,0.0
203,Oxímetro de pulso digital,Oxigenoterapia,VENTA,2024-02-01,2024,2,0,0,0,0,0,0.0,0,0,0,0,0,1298.19,0.0,18,False,False,0,0,0,0,0.0
203,Oxímetro de pulso digital,Oxigenoterapia,VENTA,2024-03-01,2024,3,2,0,2,1,0,0.0,1,0,1,0,0,1306.36,0.0,20,True,False,0,0,0,0,0.0
203,Oxímetro de pulso digital,Oxigenoterapia,VENTA,2024-04-01,2024,4,4,0,4,1,0,0.0,0,0,0,0,0,1312.58,0.0,21,False,False,2,0,1,2,0.67
203,Oxímetro de pulso digital,Oxigenoterapia,VENTA,2024-05-01,2024,5,0,0,0,0,0,0.0,2,0,0,0,0,1319.08,0.0,17,True,False,4,0,0,4,2.0
203,Oxímetro de pulso digital,Oxigenoterapia,VENTA,2024-06-01,2024,6,0,0,0,0,0,0.0,0,0,0,0,0,1316.02,0.0,17,False,False,0,0,2,0,2.0
203,Oxímetro de pulso digital,Oxigenoterapia,VENTA,2024-07-01,2024,7,0,0,0,0,0,0.0,1,0,0,1,0,1323.1,0.0,17,False,False,0,0,0,0,1.33
203,Oxímetro de pulso digital,Oxigenoterapia,VENTA,2024-08-01,2024,8,0,0,0,0,0,0.0,1,1,0,0,0,1325.32,0.0,18,False,False,0,0,1,0,0.0
203,Oxímetro de pulso digital,Oxigenoterapia,VENTA,2024-09-01,2024,9,2,0,2,1,0,0.0,5,1,0,0,0,1339.9,0.0,22,True,False,0,0,1,0,0.0
203,Oxímetro de pulso digital,Oxigenoterapia,VENTA,2024-10-01,2024,10,0,0,0,0,0,0.0,2,2,1,0,0,1342.76,0.0,18,False,False,2,0,5,2,0.67
203,Oxímetro de pulso digital,Oxigenoterapia,VENTA,2024-11-01,2024,11,0,0,0,0,0,0.0,6,0,0,0,1,1362.16,0.0,17,False,False,0,0,2,0,0.67
203,Oxímetro de pulso digital,Oxigenoterapia,VENTA,2024-12-01,2024,12,7,0,7,2,0,0.0,5,1,1,0,0,1355.83,0.0,18,False,False,0,0,6,0,0.67
203,Oxímetro de pulso digital,Oxigenoterapia,VENTA,2025-01-01,2025,1,7,0,7,3,0,0.0,12,1,2,0,0,1348.07,0.0,17,True,False,7,0,5,7,2.33
203,Oxímetro de pulso digital,Oxigenoterapia,VENTA,2025-02-01,2025,2,15,0,15,6,0,0.0,10,2,2,1,0,1356.11,0.0,33,True,False,7,0,12,7,4.67
203,Oxímetro de pulso digital,Oxigenoterapia,VENTA,2025-03-01,2025,3,0,0,0,0,0,0.0,10,3,0,1,0,1349.99,0.0,18,False,False,15,0,10,15,9.67
203,Oxímetro de pulso digital,Oxigenoterapia,VENTA,2025-04-01,2025,4,2,0,2,1,0,0.0,6,0,1,1,0,1344.94,0.0,19,False,False,0,0,10,0,7.33
203,Oxímetro de pulso digital,Oxigenoterapia,VENTA,2025-05-01,2025,5,13,0,13,5,0,0.0,5,1,1,1,0,1346.81,0.0,16,False,False,2,0,6,2,5.67
203,Oxímetro de pulso digital,Oxigenoterapia,VENTA,2025-06-01,2025,6,10,0,10,3,0,0.0,16,1,2,2,0,1338.26,0.0,27,False,False,13,0,5,13,5.0
203,Oxímetro de pulso digital,Oxigenoterapia,VENTA,2025-07-01,2025,7,29,0,29,9,0,0.0,16,2,3,2,0,1343.52,0.0,14,True,False,10,0,16,10,8.33
203,Oxímetro de pulso digital,Oxigenoterapia,VENTA,2025-08-01,2025,8,6,0,6,2,0,0.0,22,5,4,3,1,1342.5,0.0,36,True,False,29,0,16,29,17.33
203,Oxímetro de pulso digital,Oxigenoterapia,VENTA,2025-09-01,2025,9,3,0,3,1,0,0.0,12,3,1,1,0,1347.01,0.0,29,False,False,6,0,22,6,15.0
203,Oxímetro de pulso digital,Oxigenoterapia,VENTA,2025-10-01,2025,10,10,0,10,3,0,0.0,14,3,2,2,0,1341.68,0.0,22,False,False,3,0,12,3,12.67
203,Oxímetro de pulso digital,Oxigenoterapia,VENTA,2025-11-01,2025,11,18,0,18,7,0,0.0,25,9,1,3,0,1351.88,0.0,11,True,False,10,0,14,10,6.33
203,Oxímetro de pulso digital,Oxigenoterapia,VENTA,2025-12-01,2025,12,12,0,12,4,0,0.0,16,6,2,2,0,1348.05,0.0,14,False,False,18,0,25,18,10.33
203,Oxímetro de pulso digital,Oxigenoterapia,VENTA,2026-01-01,2026,1,25,0,25,9,0,0.0,28,7,7,7,3,1354.95,0.0,16,False,False,12,0,16,12,13.33
203,Oxímetro de pulso digital,Oxigenoterapia,VENTA,2026-02-01,2026,2,32,0,32,11,0,0.0,35,11,4,3,2,1366.33,0.0,28,True,False,25,0,28,25,18.33
203,Oxímetro de pulso digital,Oxigenoterapia,VENTA,2026-03-01,2026,3,8,0,8,3,0,0.0,31,11,3,4,1,1374.94,0.0,46,False,False,32,0,35,32,23.0
203,Oxímetro de pulso digital,Oxigenoterapia,VENTA,2026-04-01,2026,4,22,0,22,6,0,0.0,27,7,3,0,2,1375.87,0.0,35,False,False,8,0,31,8,21.67
203,Oxímetro de pulso digital,Oxigenoterapia,VENTA,2026-05-01,2026,5,8,0,8,3,0,0.0,38,5,9,3,3,1367.26,0.0,11,False,False,22,0,27,22,20.67
203,Oxímetro de pulso digital,Oxigenoterapia,VENTA,2026-06-01,2026,6,25,0,25,8,0,0.0,31,7,3,2,1,1365.9,0.0,20,False,False,8,0,38,8,12.67
203,Oxímetro de pulso digital,Oxigenoterapia,VENTA,2026-07-01,2026,7,13,0,13,5,0,0.0,11,4,1,0,0,1369.82,0.0,33,True,False,25,0,31,25,18.33
204,Regulador para tanque de oxígeno,Oxigenoterapia,VENTA,2024-01-01,2024,1,0,0,0,0,0,0.0,1,0,0,0,0,2438.01,0.0,45,False,True,0,0,0,0,0.0
204,Regulador para tanque de oxígeno,Oxigenoterapia,VENTA,2024-02-01,2024,2,0,0,0,0,0,0.0,0,0,0,0,0,2424.55,0.0,45,False,True,0,0,1,0,0.0
204,Regulador para tanque de oxígeno,Oxigenoterapia,VENTA,2024-03-01,2024,3,0,0,0,0,0,0.0,0,0,0,0,0,2448.54,0.0,44,True,True,0,0,0,0,0.0
204,Regulador para tanque de oxígeno,Oxigenoterapia,VENTA,2024-04-01,2024,4,2,0,2,1,0,0.0,0,0,0,0,0,2425.1,0.0,45,False,True,0,0,0,0,0.0
204,Regulador para tanque de oxígeno,Oxigenoterapia,VENTA,2024-05-01,2024,5,0,0,0,0,0,0.0,0,0,0,0,0,2422.62,0.0,40,False,True,2,0,0,2,0.67
204,Regulador para tanque de oxígeno,Oxigenoterapia,VENTA,2024-06-01,2024,6,4,0,4,1,0,0.0,0,0,1,0,0,2407.77,0.0,41,True,True,0,0,0,0,0.67
204,Regulador para tanque de oxígeno,Oxigenoterapia,VENTA,2024-07-01,2024,7,4,0,4,1,0,0.0,2,0,0,0,0,2425.71,0.0,37,False,True,4,0,0,4,2.0
204,Regulador para tanque de oxígeno,Oxigenoterapia,VENTA,2024-08-01,2024,8,0,0,0,0,0,0.0,0,2,0,1,0,2455.3,0.0,32,False,True,4,0,2,4,2.67
204,Regulador para tanque de oxígeno,Oxigenoterapia,VENTA,2024-09-01,2024,9,0,0,0,0,0,0.0,1,0,1,0,0,2456.58,0.0,30,True,True,0,0,0,0,2.67
204,Regulador para tanque de oxígeno,Oxigenoterapia,VENTA,2024-10-01,2024,10,4,0,4,1,0,0.0,1,2,0,1,0,2434.19,0.0,30,True,True,0,0,1,0,1.33
204,Regulador para tanque de oxígeno,Oxigenoterapia,VENTA,2024-11-01,2024,11,7,0,7,3,0,0.0,2,0,0,0,0,2412.19,0.0,25,True,True,4,0,1,4,1.33
204,Regulador para tanque de oxígeno,Oxigenoterapia,VENTA,2024-12-01,2024,12,9,0,9,4,0,0.0,3,2,0,0,1,2428.94,0.0,16,False,True,7,0,2,7,3.67
204,Regulador para tanque de oxígeno,Oxigenoterapia,VENTA,2025-01-01,2025,1,1,0,1,1,0,0.0,2,3,1,0,1,2438.33,0.0,22,False,True,9,0,3,9,6.67
204,Regulador para tanque de oxígeno,Oxigenoterapia,VENTA,2025-02-01,2025,2,7,0,7,4,0,0.0,3,2,1,1,0,2417.41,0.0,22,False,True,1,0,2,1,5.67
204,Regulador para tanque de oxígeno,Oxigenoterapia,VENTA,2025-03-01,2025,3,7,0,7,2,0,0.0,3,1,3,0,0,2421.2,0.0,15,False,True,7,0,3,7,5.67
204,Regulador para tanque de oxígeno,Oxigenoterapia,VENTA,2025-04-01,2025,4,6,0,6,3,0,0.0,3,2,0,0,0,2432.05,0.0,31,False,True,7,0,3,7,5.0
204,Regulador para tanque de oxígeno,Oxigenoterapia,VENTA,2025-05-01,2025,5,5,0,5,2,0,0.0,4,1,1,0,0,2450.33,0.0,26,False,True,6,0,3,6,6.67
204,Regulador para tanque de oxígeno,Oxigenoterapia,VENTA,2025-06-01,2025,6,20,0,20,8,0,0.0,4,2,0,1,0,2475.27,0.0,21,False,True,5,0,4,5,6.0
204,Regulador para tanque de oxígeno,Oxigenoterapia,VENTA,2025-07-01,2025,7,8,0,8,3,0,0.0,9,1,2,0,0,2477.51,0.0,29,False,True,20,0,4,20,10.33
204,Regulador para tanque de oxígeno,Oxigenoterapia,VENTA,2025-08-01,2025,8,14,0,14,6,0,0.0,8,3,3,1,2,2450.96,0.0,21,True,True,8,0,9,8,11.0
204,Regulador para tanque de oxígeno,Oxigenoterapia,VENTA,2025-09-01,2025,9,15,0,15,5,0,0.0,12,3,3,1,0,2435.97,0.0,35,True,True,14,0,8,14,14.0
204,Regulador para tanque de oxígeno,Oxigenoterapia,VENTA,2025-10-01,2025,10,12,0,12,5,0,0.0,9,4,0,0,0,2431.75,0.0,18,False,True,15,0,12,15,12.33
204,Regulador para tanque de oxígeno,Oxigenoterapia,VENTA,2025-11-01,2025,11,20,0,20,8,0,0.0,7,5,1,0,1,2431.6,0.0,27,False,True,12,0,9,12,13.67
204,Regulador para tanque de oxígeno,Oxigenoterapia,VENTA,2025-12-01,2025,12,35,0,35,13,0,0.0,17,5,4,1,1,2448.67,0.0,42,True,True,20,0,7,20,15.67
204,Regulador para tanque de oxígeno,Oxigenoterapia,VENTA,2026-01-01,2026,1,48,0,48,18,0,0.0,22,5,2,0,1,2449.27,0.0,50,True,True,35,0,17,35,22.33
204,Regulador para tanque de oxígeno,Oxigenoterapia,VENTA,2026-02-01,2026,2,34,0,34,12,0,0.0,19,5,2,2,0,2452.37,0.0,63,False,True,48,0,22,48,34.33
204,Regulador para tanque de oxígeno,Oxigenoterapia,VENTA,2026-03-01,2026,3,22,0,22,8,0,0.0,23,10,6,3,0,2449.3,0.0,29,True,True,34,0,19,34,39.0
204,Regulador para tanque de oxígeno,Oxigenoterapia,VENTA,2026-04-01,2026,4,36,0,36,15,0,0.0,24,2,5,2,1,2434.84,0.0,33,True,True,22,0,23,22,34.67
204,Regulador para tanque de oxígeno,Oxigenoterapia,VENTA,2026-05-01,2026,5,36,0,36,12,0,0.0,17,3,1,2,3,2452.89,0.0,45,False,True,36,0,24,36,30.67
204,Regulador para tanque de oxígeno,Oxigenoterapia,VENTA,2026-06-01,2026,6,37,0,37,14,0,0.0,19,2,1,3,1,2464.44,0.0,9,False,True,36,0,17,36,31.33
204,Regulador para tanque de oxígeno,Oxigenoterapia,VENTA,2026-07-01,2026,7,16,0,16,5,0,0.0,5,0,1,1,0,2443.55,0.0,24,False,True,37,0,19,37,36.33
205,Cilindro de oxígeno 9500 L,Oxigenoterapia,RENTA,2024-01-01,2024,1,0,0,0,0,0,0.0,0,0,0,0,0,14804.71,520.0,38,False,True,0,0,0,0,0.0
205,Cilindro de oxígeno 9500 L,Oxigenoterapia,RENTA,2024-02-01,2024,2,0,0,0,0,0,0.0,0,0,0,0,0,14787.12,520.0,38,True,True,0,0,0,0,0.0
205,Cilindro de oxígeno 9500 L,Oxigenoterapia,RENTA,2024-03-01,2024,3,0,0,0,0,0,0.0,0,0,0,0,0,14654.54,520.0,39,False,True,0,0,0,0,0.0
205,Cilindro de oxígeno 9500 L,Oxigenoterapia,RENTA,2024-04-01,2024,4,0,0,0,0,0,0.0,0,0,0,0,0,14706.93,520.0,39,False,True,0,0,0,0,0.0
205,Cilindro de oxígeno 9500 L,Oxigenoterapia,RENTA,2024-05-01,2024,5,0,0,0,0,0,0.0,1,0,0,0,0,14721.53,520.0,39,False,True,0,0,0,0,0.0
205,Cilindro de oxígeno 9500 L,Oxigenoterapia,RENTA,2024-06-01,2024,6,0,0,0,0,0,0.0,1,0,0,0,0,14827.86,520.0,37,False,True,0,0,1,0,0.0
205,Cilindro de oxígeno 9500 L,Oxigenoterapia,RENTA,2024-07-01,2024,7,0,0,0,0,0,0.0,0,0,0,0,0,14807.79,520.0,36,False,True,0,0,1,0,0.0
205,Cilindro de oxígeno 9500 L,Oxigenoterapia,RENTA,2024-08-01,2024,8,0,0,0,0,0,0.0,1,0,0,1,0,14790.85,520.0,36,False,True,0,0,0,0,0.0
205,Cilindro de oxígeno 9500 L,Oxigenoterapia,RENTA,2024-09-01,2024,9,0,0,0,0,0,0.0,2,2,0,0,0,14752.59,520.0,36,False,True,0,0,1,0,0.0
205,Cilindro de oxígeno 9500 L,Oxigenoterapia,RENTA,2024-10-01,2024,10,0,0,0,0,0,0.0,5,1,0,0,0,14714.43,520.0,35,False,True,0,0,2,0,0.0
205,Cilindro de oxígeno 9500 L,Oxigenoterapia,RENTA,2024-11-01,2024,11,0,0,0,0,0,0.0,3,0,0,0,0,14719.58,520.0,34,False,True,0,0,5,0,0.0
205,Cilindro de oxígeno 9500 L,Oxigenoterapia,RENTA,2024-12-01,2024,12,0,0,0,0,0,0.0,3,1,0,0,1,14644.73,520.0,35,False,True,0,0,3,0,0.0
205,Cilindro de oxígeno 9500 L,Oxigenoterapia,RENTA,2025-01-01,2025,1,0,0,0,0,0,0.0,2,1,0,0,0,14660.7,520.0,32,False,True,0,0,3,0,0.0
205,Cilindro de oxígeno 9500 L,Oxigenoterapia,RENTA,2025-02-01,2025,2,0,0,0,0,0,0.0,3,2,1,0,0,14807.65,520.0,33,False,True,0,0,2,0,0.0
205,Cilindro de oxígeno 9500 L,Oxigenoterapia,RENTA,2025-03-01,2025,3,0,0,0,0,0,0.0,6,0,1,0,0,14876.17,520.0,31,False,True,0,0,3,0,0.0
205,Cilindro de oxígeno 9500 L,Oxigenoterapia,RENTA,2025-04-01,2025,4,0,0,0,0,0,0.0,6,1,1,1,0,14814.26,520.0,30,False,True,0,0,6,0,0.0
205,Cilindro de oxígeno 9500 L,Oxigenoterapia,RENTA,2025-05-01,2025,5,0,0,0,0,0,0.0,4,2,0,0,2,14844.23,520.0,29,True,True,0,0,6,0,0.0
205,Cilindro de oxígeno 9500 L,Oxigenoterapia,RENTA,2025-06-01,2025,6,0,1,1,0,1,6.0,10,2,1,1,0,14828.43,520.0,28,False,True,0,0,4,0,0.0
205,Cilindro de oxígeno 9500 L,Oxigenoterapia,RENTA,2025-07-01,2025,7,0,0,0,0,0,0.0,15,4,3,1,0,14959.3,520.0,25,True,True,0,1,10,1,0.33
205,Cilindro de oxígeno 9500 L,Oxigenoterapia,RENTA,2025-08-01,2025,8,0,0,0,0,0,0.0,9,2,2,2,0,15023.2,520.0,26,False,True,0,0,15,0,0.33
205,Cilindro de oxígeno 9500 L,Oxigenoterapia,RENTA,2025-09-01,2025,9,0,1,1,0,1,6.0,9,3,4,0,0,15038.93,520.0,24,True,True,0,0,9,0,0.33
205,Cilindro de oxígeno 9500 L,Oxigenoterapia,RENTA,2025-10-01,2025,10,0,0,0,0,0,0.0,14,4,4,0,0,15136.8,520.0,21,True,True,0,1,9,1,0.33
205,Cilindro de oxígeno 9500 L,Oxigenoterapia,RENTA,2025-11-01,2025,11,0,0,0,0,0,0.0,10,3,1,0,1,15206.44,520.0,21,False,True,0,0,14,0,0.33
205,Cilindro de oxígeno 9500 L,Oxigenoterapia,RENTA,2025-12-01,2025,12,0,0,0,0,0,0.0,16,4,4,1,1,15251.13,520.0,22,False,True,0,0,10,0,0.33
205,Cilindro de oxígeno 9500 L,Oxigenoterapia,RENTA,2026-01-01,2026,1,0,0,0,0,0,0.0,17,6,3,2,0,15341.43,520.0,20,False,True,0,0,16,0,0.0
205,Cilindro de oxígeno 9500 L,Oxigenoterapia,RENTA,2026-02-01,2026,2,0,1,1,0,1,11.0,21,7,1,1,1,15374.43,520.0,18,False,True,0,0,17,0,0.0
205,Cilindro de oxígeno 9500 L,Oxigenoterapia,RENTA,2026-03-01,2026,3,0,0,0,0,0,0.0,19,1,7,6,2,15333.44,520.0,17,True,True,0,1,21,1,0.33
205,Cilindro de oxígeno 9500 L,Oxigenoterapia,RENTA,2026-04-01,2026,4,0,0,0,0,0,0.0,23,9,5,2,2,15477.35,520.0,15,True,True,0,0,19,0,0.33
205,Cilindro de oxígeno 9500 L,Oxigenoterapia,RENTA,2026-05-01,2026,5,0,0,0,0,0,0.0,23,4,2,3,2,15606.37,520.0,18,False,True,0,0,23,0,0.33
205,Cilindro de oxígeno 9500 L,Oxigenoterapia,RENTA,2026-06-01,2026,6,0,0,0,0,0,0.0,25,6,3,3,1,15645.87,520.0,20,True,True,0,0,23,0,0.0
205,Cilindro de oxígeno 9500 L,Oxigenoterapia,RENTA,2026-07-01,2026,7,0,1,1,0,1,5.0,7,0,1,0,0,15641.79,520.0,23,True,True,0,0,25,0,0.0
206,Aspirador de secreciones portátil,Terapia respiratoria,MIXTO,2024-01-01,2024,1,0,0,0,0,0,0.0,0,0,0,0,0,9853.04,390.0,18,False,True,0,0,0,0,0.0
206,Aspirador de secreciones portátil,Terapia respiratoria,MIXTO,2024-02-01,2024,2,0,0,0,0,0,0.0,0,0,0,0,0,9910.79,390.0,16,False,True,0,0,0,0,0.0
206,Aspirador de secreciones portátil,Terapia respiratoria,MIXTO,2024-03-01,2024,3,1,0,1,1,0,0.0,0,0,0,0,0,9937.77,390.0,23,False,True,0,0,0,0,0.0
206,Aspirador de secreciones portátil,Terapia respiratoria,MIXTO,2024-04-01,2024,4,1,0,1,1,0,0.0,1,0,0,0,0,9950.7,390.0,21,False,True,1,0,0,1,0.33
206,Aspirador de secreciones portátil,Terapia respiratoria,MIXTO,2024-05-01,2024,5,0,0,0,0,0,0.0,1,0,0,1,1,9995.95,390.0,20,False,True,1,0,1,1,0.67
206,Aspirador de secreciones portátil,Terapia respiratoria,MIXTO,2024-06-01,2024,6,0,0,0,0,0,0.0,2,0,0,1,0,9999.75,390.0,16,False,True,0,0,1,0,0.67
206,Aspirador de secreciones portátil,Terapia respiratoria,MIXTO,2024-07-01,2024,7,0,0,0,0,0,0.0,2,0,0,1,0,10002.52,390.0,15,False,True,0,0,2,0,0.33
206,Aspirador de secreciones portátil,Terapia respiratoria,MIXTO,2024-08-01,2024,8,0,0,0,0,0,0.0,0,0,0,0,0,9957.46,390.0,18,False,True,0,0,2,0,0.0
206,Aspirador de secreciones portátil,Terapia respiratoria,MIXTO,2024-09-01,2024,9,0,0,0,0,0,0.0,1,1,0,0,0,9934.11,390.0,17,False,True,0,0,0,0,0.0
206,Aspirador de secreciones portátil,Terapia respiratoria,MIXTO,2024-10-01,2024,10,1,1,2,1,1,8.0,0,1,0,0,0,9843.65,390.0,14,False,True,0,0,1,0,0.0
206,Aspirador de secreciones portátil,Terapia respiratoria,MIXTO,2024-11-01,2024,11,1,0,1,1,0,0.0,0,0,0,0,0,9835.68,390.0,19,False,True,1,1,0,2,0.67
206,Aspirador de secreciones portátil,Terapia respiratoria,MIXTO,2024-12-01,2024,12,1,1,2,1,1,5.0,4,1,0,0,0,9728.17,390.0,15,False,True,1,0,0,1,1.0
206,Aspirador de secreciones portátil,Terapia respiratoria,MIXTO,2025-01-01,2025,1,2,0,2,1,0,0.0,3,0,0,1,0,9831.35,390.0,10,False,True,1,1,4,2,1.67
206,Aspirador de secreciones portátil,Terapia respiratoria,MIXTO,2025-02-01,2025,2,1,0,1,1,0,0.0,3,0,0,1,0,9872.55,390.0,7,False,True,2,0,3,2,1.67
206,Aspirador de secreciones portátil,Terapia respiratoria,MIXTO,2025-03-01,2025,3,3,1,4,2,1,11.0,5,1,1,0,0,9881.16,390.0,31,False,True,1,0,3,1,1.67
206,Aspirador de secreciones portátil,Terapia respiratoria,MIXTO,2025-04-01,2025,4,8,1,9,3,1,9.0,5,2,1,0,0,9876.45,390.0,27,True,True,3,1,5,4,2.33
206,Aspirador de secreciones portátil,Terapia respiratoria,MIXTO,2025-05-01,2025,5,4,0,4,2,0,0.0,2,2,0,0,0,9889.02,390.0,14,False,True,8,1,5,9,4.67
206,Aspirador de secreciones portátil,Terapia respiratoria,MIXTO,2025-06-01,2025,6,3,0,3,1,0,0.0,1,2,0,0,0,9877.65,390.0,28,False,True,4,0,2,4,5.67
206,Aspirador de secreciones portátil,Terapia respiratoria,MIXTO,2025-07-01,2025,7,2,0,2,2,0,0.0,6,2,1,0,0,9746.22,390.0,20,False,True,3,0,1,3,5.33
206,Aspirador de secreciones portátil,Terapia respiratoria,MIXTO,2025-08-01,2025,8,8,0,8,3,0,0.0,3,5,4,1,0,9819.69,390.0,22,False,True,2,0,6,2,3.0
206,Aspirador de secreciones portátil,Terapia respiratoria,MIXTO,2025-09-01,2025,9,19,0,19,8,0,0.0,8,3,3,1,0,9902.41,390.0,19,False,True,8,0,3,8,4.33
206,Aspirador de secreciones portátil,Terapia respiratoria,MIXTO,2025-10-01,2025,10,7,0,7,4,0,0.0,11,3,5,1,1,9971.41,390.0,31,True,True,19,0,8,19,9.67
206,Aspirador de secreciones portátil,Terapia respiratoria,MIXTO,2025-11-01,2025,11,8,0,8,5,0,0.0,15,2,1,0,0,10005.11,390.0,31,False,True,7,0,11,7,11.33
206,Aspirador de secreciones portátil,Terapia respiratoria,MIXTO,2025-12-01,2025,12,15,3,18,7,3,6.67,13,2,2,1,1,10020.58,390.0,25,False,True,8,0,15,8,11.33
206,Aspirador de secreciones portátil,Terapia respiratoria,MIXTO,2026-01-01,2026,1,11,0,11,6,0,0.0,17,3,3,0,0,9961.74,390.0,41,False,True,15,3,13,18,11.0
206,Aspirador de secreciones portátil,Terapia respiratoria,MIXTO,2026-02-01,2026,2,11,1,12,5,1,15.0,15,4,0,0,0,9933.14,390.0,34,False,True,11,0,17,11,12.33
206,Aspirador de secreciones portátil,Terapia respiratoria,MIXTO,2026-03-01,2026,3,24,0,24,11,0,0.0,18,5,1,1,0,9954.48,390.0,24,True,True,11,1,15,12,13.67
206,Aspirador de secreciones portátil,Terapia respiratoria,MIXTO,2026-04-01,2026,4,8,0,8,4,0,0.0,16,6,2,2,1,10009.84,390.0,33,False,True,24,0,18,24,15.67
206,Aspirador de secreciones portátil,Terapia respiratoria,MIXTO,2026-05-01,2026,5,32,0,32,18,0,0.0,14,5,4,0,2,9978.0,390.0,25,False,True,8,0,16,8,14.67
206,Aspirador de secreciones portátil,Terapia respiratoria,MIXTO,2026-06-01,2026,6,15,0,15,6,0,0.0,11,3,2,0,0,9933.94,390.0,33,False,True,32,0,14,32,21.33
206,Aspirador de secreciones portátil,Terapia respiratoria,MIXTO,2026-07-01,2026,7,9,0,9,4,0,0.0,1,2,0,0,0,9746.36,390.0,16,False,True,15,0,11,15,18.33
207,CPAP automático con humidificador,Terapia respiratoria,MIXTO,2024-01-01,2024,1,0,0,0,0,0,0.0,0,0,0,0,0,26859.47,780.0,29,False,True,0,0,0,0,0.0
207,CPAP automático con humidificador,Terapia respiratoria,MIXTO,2024-02-01,2024,2,0,0,0,0,0,0.0,0,0,0,0,0,27233.74,780.0,31,False,True,0,0,0,0,0.0
207,CPAP automático con humidificador,Terapia respiratoria,MIXTO,2024-03-01,2024,3,0,0,0,0,0,0.0,0,0,0,0,0,27338.09,780.0,32,True,True,0,0,0,0,0.0
207,CPAP automático con humidificador,Terapia respiratoria,MIXTO,2024-04-01,2024,4,2,0,2,2,0,0.0,1,1,0,0,0,27336.64,780.0,37,False,True,0,0,0,0,0.0
207,CPAP automático con humidificador,Terapia respiratoria,MIXTO,2024-05-01,2024,5,0,0,0,0,0,0.0,2,0,0,0,0,27244.18,780.0,35,False,True,2,0,1,2,0.67
207,CPAP automático con humidificador,Terapia respiratoria,MIXTO,2024-06-01,2024,6,0,0,0,0,0,0.0,1,0,0,2,0,27083.31,780.0,35,False,True,0,0,2,0,0.67
207,CPAP automático con humidificador,Terapia respiratoria,MIXTO,2024-07-01,2024,7,0,0,0,0,0,0.0,8,1,0,0,0,27387.09,780.0,34,True,True,0,0,1,0,0.67
207,CPAP automático con humidificador,Terapia respiratoria,MIXTO,2024-08-01,2024,8,0,0,0,0,0,0.0,4,3,1,0,0,27519.9,780.0,35,True,True,0,0,8,0,0.0
207,CPAP automático con humidificador,Terapia respiratoria,MIXTO,2024-09-01,2024,9,1,0,1,1,0,0.0,8,3,0,2,0,27538.59,780.0,36,False,True,0,0,4,0,0.0
207,CPAP automático con humidificador,Terapia respiratoria,MIXTO,2024-10-01,2024,10,3,0,3,1,0,0.0,5,2,3,0,0,27633.46,780.0,36,False,True,1,0,8,1,0.33
207,CPAP automático con humidificador,Terapia respiratoria,MIXTO,2024-11-01,2024,11,0,0,0,0,0,0.0,9,0,3,2,1,27563.8,780.0,32,True,True,3,0,5,3,1.33
207,CPAP automático con humidificador,Terapia respiratoria,MIXTO,2024-12-01,2024,12,0,0,0,0,0,0.0,8,2,0,0,0,27745.25,780.0,32,False,True,0,0,9,0,1.33
207,CPAP automático con humidificador,Terapia respiratoria,MIXTO,2025-01-01,2025,1,1,0,1,1,0,0.0,9,3,1,1,2,27727.74,780.0,34,True,True,0,0,8,0,1.0
207,CPAP automático con humidificador,Terapia respiratoria,MIXTO,2025-02-01,2025,2,1,0,1,1,0,0.0,12,2,1,0,0,27929.81,780.0,32,False,True,1,0,9,1,0.33
207,CPAP automático con humidificador,Terapia respiratoria,MIXTO,2025-03-01,2025,3,0,0,0,0,0,0.0,11,6,2,1,1,27790.12,780.0,31,False,True,1,0,12,1,0.67
207,CPAP automático con humidificador,Terapia respiratoria,MIXTO,2025-04-01,2025,4,3,0,3,2,0,0.0,9,2,1,0,1,27526.88,780.0,31,False,True,0,0,11,0,0.67
207,CPAP automático con humidificador,Terapia respiratoria,MIXTO,2025-05-01,2025,5,1,0,1,1,0,0.0,18,2,6,1,2,27530.98,780.0,28,False,True,3,0,9,3,1.33
207,CPAP automático con humidificador,Terapia respiratoria,MIXTO,2025-06-01,2025,6,4,0,4,2,0,0.0,19,4,4,1,0,27557.85,780.0,25,False,True,1,0,18,1,1.33
207,CPAP automático con humidificador,Terapia respiratoria,MIXTO,2025-07-01,2025,7,2,0,2,1,0,0.0,19,6,4,1,0,27463.64,780.0,28,True,True,4,0,19,4,2.67
207,CPAP automático con humidificador,Terapia respiratoria,MIXTO,2025-08-01,2025,8,1,0,1,1,0,0.0,16,6,1,3,0,27756.14,780.0,22,True,True,2,0,19,2,2.33
207,CPAP automático con humidificador,Terapia respiratoria,MIXTO,2025-09-01,2025,9,2,0,2,2,0,0.0,19,4,5,1,1,27595.91,780.0,20,False,True,1,0,16,1,2.33
207,CPAP automático con humidificador,Terapia respiratoria,MIXTO,2025-10-01,2025,10,0,0,0,0,0,0.0,29,8,3,2,2,27673.7,780.0,17,True,True,2,0,19,2,1.67
207,CPAP automático con humidificador,Terapia respiratoria,MIXTO,2025-11-01,2025,11,2,0,2,2,0,0.0,23,6,5,0,3,27708.77,780.0,16,False,True,0,0,29,0,1.0
207,CPAP automático con humidificador,Terapia respiratoria,MIXTO,2025-12-01,2025,12,3,0,3,1,0,0.0,29,8,5,3,1,27965.75,780.0,13,False,True,2,0,23,2,1.33
207,CPAP automático con humidificador,Terapia respiratoria,MIXTO,2026-01-01,2026,1,2,0,2,2,0,0.0,26,4,4,2,3,27916.34,780.0,10,False,True,3,0,29,3,1.67
207,CPAP automático con humidificador,Terapia respiratoria,MIXTO,2026-02-01,2026,2,0,0,0,0,0,0.0,32,7,3,2,0,28113.67,780.0,12,False,True,2,0,26,2,2.33
207,CPAP automático con humidificador,Terapia respiratoria,MIXTO,2026-03-01,2026,3,2,0,2,2,0,0.0,48,11,10,3,2,28100.29,780.0,14,True,True,0,0,32,0,1.67
207,CPAP automático con humidificador,Terapia respiratoria,MIXTO,2026-04-01,2026,4,2,0,2,2,0,0.0,43,13,4,3,1,28351.86,780.0,12,False,True,2,0,48,2,1.33
207,CPAP automático con humidificador,Terapia respiratoria,MIXTO,2026-05-01,2026,5,3,0,3,2,0,0.0,50,14,6,3,2,28489.01,780.0,22,True,True,2,0,43,2,1.33
207,CPAP automático con humidificador,Terapia respiratoria,MIXTO,2026-06-01,2026,6,4,0,4,2,0,0.0,13,9,3,3,1,28538.57,780.0,19,False,True,3,0,50,3,2.33
207,CPAP automático con humidificador,Terapia respiratoria,MIXTO,2026-07-01,2026,7,1,0,1,1,0,0.0,8,0,1,1,0,28741.3,780.0,22,False,True,4,0,13,4,3.0
208,BiPAP domiciliario,Terapia respiratoria,RENTA,2024-01-01,2024,1,0,0,0,0,0,0.0,0,0,0,0,0,46335.31,1350.0,43,True,True,0,0,0,0,0.0
208,BiPAP domiciliario,Terapia respiratoria,RENTA,2024-02-01,2024,2,0,0,0,0,0,0.0,0,0,0,0,0,46800.6,1350.0,42,False,True,0,0,0,0,0.0
208,BiPAP domiciliario,Terapia respiratoria,RENTA,2024-03-01,2024,3,0,0,0,0,0,0.0,0,0,0,0,0,46642.52,1350.0,41,False,True,0,0,0,0,0.0
208,BiPAP domiciliario,Terapia respiratoria,RENTA,2024-04-01,2024,4,0,0,0,0,0,0.0,1,0,0,0,0,46686.1,1350.0,41,False,True,0,0,0,0,0.0
208,BiPAP domiciliario,Terapia respiratoria,RENTA,2024-05-01,2024,5,0,0,0,0,0,0.0,1,0,1,0,0,46873.72,1350.0,38,True,True,0,0,1,0,0.0
208,BiPAP domiciliario,Terapia respiratoria,RENTA,2024-06-01,2024,6,0,0,0,0,0,0.0,0,0,0,0,0,47014.82,1350.0,37,False,True,0,0,1,0,0.0
208,BiPAP domiciliario,Terapia respiratoria,RENTA,2024-07-01,2024,7,0,0,0,0,0,0.0,0,0,0,0,0,47042.86,1350.0,33,False,True,0,0,0,0,0.0
208,BiPAP domiciliario,Terapia respiratoria,RENTA,2024-08-01,2024,8,0,0,0,0,0,0.0,1,1,1,0,0,47109.73,1350.0,34,True,True,0,0,0,0,0.0
208,BiPAP domiciliario,Terapia respiratoria,RENTA,2024-09-01,2024,9,0,0,0,0,0,0.0,5,1,2,0,1,46672.12,1350.0,37,True,True,0,0,1,0,0.0
208,BiPAP domiciliario,Terapia respiratoria,RENTA,2024-10-01,2024,10,0,0,0,0,0,0.0,5,1,0,0,0,47380.52,1350.0,43,False,True,0,0,5,0,0.0
208,BiPAP domiciliario,Terapia respiratoria,RENTA,2024-11-01,2024,11,0,0,0,0,0,0.0,5,1,1,0,0,47501.72,1350.0,39,True,True,0,0,5,0,0.0
208,BiPAP domiciliario,Terapia respiratoria,RENTA,2024-12-01,2024,12,0,0,0,0,0,0.0,6,1,1,0,0,47289.72,1350.0,45,False,True,0,0,5,0,0.0
208,BiPAP domiciliario,Terapia respiratoria,RENTA,2025-01-01,2025,1,0,0,0,0,0,0.0,3,0,0,0,0,46951.49,1350.0,43,False,True,0,0,6,0,0.0
208,BiPAP domiciliario,Terapia respiratoria,RENTA,2025-02-01,2025,2,0,0,0,0,0,0.0,4,2,2,0,2,47291.66,1350.0,41,False,True,0,0,3,0,0.0
208,BiPAP domiciliario,Terapia respiratoria,RENTA,2025-03-01,2025,3,0,0,0,0,0,0.0,8,2,2,0,0,47270.14,1350.0,40,True,True,0,0,4,0,0.0
208,BiPAP domiciliario,Terapia respiratoria,RENTA,2025-04-01,2025,4,0,0,0,0,0,0.0,8,1,1,0,2,47403.78,1350.0,44,False,True,0,0,8,0,0.0
208,BiPAP domiciliario,Terapia respiratoria,RENTA,2025-05-01,2025,5,0,0,0,0,0,0.0,7,3,2,0,0,47185.11,1350.0,42,True,True,0,0,8,0,0.0
208,BiPAP domiciliario,Terapia respiratoria,RENTA,2025-06-01,2025,6,0,0,0,0,0,0.0,4,2,0,2,2,47520.82,1350.0,42,False,True,0,0,7,0,0.0
208,BiPAP domiciliario,Terapia respiratoria,RENTA,2025-07-01,2025,7,0,0,0,0,0,0.0,3,6,0,0,0,47630.43,1350.0,42,False,True,0,0,4,0,0.0
208,BiPAP domiciliario,Terapia respiratoria,RENTA,2025-08-01,2025,8,0,0,0,0,0,0.0,8,4,4,1,2,47617.16,1350.0,41,False,True,0,0,3,0,0.0
208,BiPAP domiciliario,Terapia respiratoria,RENTA,2025-09-01,2025,9,0,0,0,0,0,0.0,14,4,1,2,3,47987.49,1350.0,41,False,True,0,0,8,0,0.0
208,BiPAP domiciliario,Terapia respiratoria,RENTA,2025-10-01,2025,10,0,0,0,0,0,0.0,12,1,1,2,1,47699.2,1350.0,41,False,True,0,0,14,0,0.0
208,BiPAP domiciliario,Terapia respiratoria,RENTA,2025-11-01,2025,11,0,0,0,0,0,0.0,16,9,5,0,0,47969.47,1350.0,41,False,True,0,0,12,0,0.0
208,BiPAP domiciliario,Terapia respiratoria,RENTA,2025-12-01,2025,12,0,0,0,0,0,0.0,11,3,2,1,1,48039.19,1350.0,40,False,True,0,0,16,0,0.0
208,BiPAP domiciliario,Terapia respiratoria,RENTA,2026-01-01,2026,1,0,0,0,0,0,0.0,17,8,1,1,1,48138.82,1350.0,35,False,True,0,0,11,0,0.0
208,BiPAP domiciliario,Terapia respiratoria,RENTA,2026-02-01,2026,2,0,0,0,0,0,0.0,27,6,3,2,1,48302.03,1350.0,37,True,True,0,0,17,0,0.0
208,BiPAP domiciliario,Terapia respiratoria,RENTA,2026-03-01,2026,3,0,0,0,0,0,0.0,20,3,3,2,1,47800.03,1350.0,35,False,True,0,0,27,0,0.0
208,BiPAP domiciliario,Terapia respiratoria,RENTA,2026-04-01,2026,4,0,0,0,0,0,0.0,20,10,6,3,1,47922.35,1350.0,33,True,True,0,0,20,0,0.0
208,BiPAP domiciliario,Terapia respiratoria,RENTA,2026-05-01,2026,5,0,0,0,0,0,0.0,31,6,8,1,2,47737.57,1350.0,30,True,True,0,0,20,0,0.0
208,BiPAP domiciliario,Terapia respiratoria,RENTA,2026-06-01,2026,6,0,0,0,0,0,0.0,20,6,0,2,1,47794.54,1350.0,27,False,True,0,0,31,0,0.0
208,BiPAP domiciliario,Terapia respiratoria,RENTA,2026-07-01,2026,7,0,0,0,0,0,0.0,4,3,0,0,0,47731.3,1350.0,23,False,True,0,0,20,0,0.0
209,Mesa puente para cama hospitalaria,Cuidado en cama,MIXTO,2024-01-01,2024,1,0,0,0,0,0,0.0,0,0,0,0,0,4223.32,170.0,39,False,False,0,0,0,0,0.0
209,Mesa puente para cama hospitalaria,Cuidado en cama,MIXTO,2024-02-01,2024,2,1,0,1,1,0,0.0,0,0,0,0,0,4246.39,170.0,41,False,False,0,0,0,0,0.0
209,Mesa puente para cama hospitalaria,Cuidado en cama,MIXTO,2024-03-01,2024,3,0,0,0,0,0,0.0,0,0,0,0,0,4269.21,170.0,40,False,False,1,0,0,1,0.5
209,Mesa puente para cama hospitalaria,Cuidado en cama,MIXTO,2024-04-01,2024,4,0,0,0,0,0,0.0,0,0,0,0,0,4302.86,170.0,37,False,False,0,0,0,0,0.33
209,Mesa puente para cama hospitalaria,Cuidado en cama,MIXTO,2024-05-01,2024,5,2,0,2,1,0,0.0,2,0,0,0,1,4365.83,170.0,37,False,False,0,0,0,0,0.33
209,Mesa puente para cama hospitalaria,Cuidado en cama,MIXTO,2024-06-01,2024,6,0,1,1,0,1,9.0,2,0,0,0,0,4320.37,170.0,36,False,False,2,0,2,2,0.67
209,Mesa puente para cama hospitalaria,Cuidado en cama,MIXTO,2024-07-01,2024,7,0,1,1,0,1,3.0,4,0,0,0,0,4300.48,170.0,36,False,False,0,1,2,1,1.0
209,Mesa puente para cama hospitalaria,Cuidado en cama,MIXTO,2024-08-01,2024,8,6,0,6,2,0,0.0,2,1,0,1,0,4299.08,170.0,39,False,False,0,1,4,1,1.33
209,Mesa puente para cama hospitalaria,Cuidado en cama,MIXTO,2024-09-01,2024,9,3,0,3,1,0,0.0,3,1,0,0,0,4285.58,170.0,31,False,False,6,0,2,6,2.67
209,Mesa puente para cama hospitalaria,Cuidado en cama,MIXTO,2024-10-01,2024,10,7,0,7,3,0,0.0,3,1,0,0,0,4271.97,170.0,29,False,False,3,0,3,3,3.33
209,Mesa puente para cama hospitalaria,Cuidado en cama,MIXTO,2024-11-01,2024,11,0,2,2,0,2,6.0,4,2,0,0,0,4254.36,170.0,21,False,False,7,0,3,7,5.33
209,Mesa puente para cama hospitalaria,Cuidado en cama,MIXTO,2024-12-01,2024,12,8,0,8,2,0,0.0,6,5,1,0,2,4305.34,170.0,19,False,False,0,2,4,2,4.0
209,Mesa puente para cama hospitalaria,Cuidado en cama,MIXTO,2025-01-01,2025,1,2,0,2,1,0,0.0,8,0,3,0,0,4311.8,170.0,35,False,False,8,0,6,8,5.67
209,Mesa puente para cama hospitalaria,Cuidado en cama,MIXTO,2025-02-01,2025,2,4,1,5,1,1,3.0,9,3,0,0,0,4304.46,170.0,30,False,False,2,0,8,2,4.0
209,Mesa puente para cama hospitalaria,Cuidado en cama,MIXTO,2025-03-01,2025,3,9,0,9,3,0,0.0,14,3,3,0,0,4346.57,170.0,22,True,False,4,1,9,5,5.0
209,Mesa puente para cama hospitalaria,Cuidado en cama,MIXTO,2025-04-01,2025,4,6,2,8,3,2,5.0,11,3,1,0,0,4404.79,170.0,11,False,False,9,0,14,9,5.33
209,Mesa puente para cama hospitalaria,Cuidado en cama,MIXTO,2025-05-01,2025,5,11,2,13,3,2,4.0,13,1,1,0,0,4430.06,170.0,30,False,False,6,2,11,8,7.33
209,Mesa puente para cama hospitalaria,Cuidado en cama,MIXTO,2025-06-01,2025,6,8,2,10,3,2,8.0,14,8,3,2,2,4464.89,170.0,17,True,False,11,2,13,13,10.0
209,Mesa puente para cama hospitalaria,Cuidado en cama,MIXTO,2025-07-01,2025,7,17,3,20,5,3,3.67,20,3,2,0,0,4490.1,170.0,39,True,False,8,2,14,10,10.33
209,Mesa puente para cama hospitalaria,Cuidado en cama,MIXTO,2025-08-01,2025,8,5,1,6,3,1,15.0,14,8,7,3,2,4478.39,170.0,20,False,False,17,3,20,20,14.33
209,Mesa puente para cama hospitalaria,Cuidado en cama,MIXTO,2025-09-01,2025,9,11,1,12,5,1,6.0,27,0,1,0,1,4451.94,170.0,13,False,False,5,1,14,6,12.0
209,Mesa puente para cama hospitalaria,Cuidado en cama,MIXTO,2025-10-01,2025,10,12,2,14,6,2,6.5,32,7,5,2,3,4429.45,170.0,30,True,False,11,1,27,12,12.67
209,Mesa puente para cama hospitalaria,Cuidado en cama,MIXTO,2025-11-01,2025,11,23,2,25,11,2,3.5,24,3,3,1,1,4452.89,170.0,16,False,False,12,2,32,14,10.67
209,Mesa puente para cama hospitalaria,Cuidado en cama,MIXTO,2025-12-01,2025,12,27,3,30,10,3,9.67,23,13,2,3,2,4436.66,170.0,26,False,False,23,2,24,25,17.0
209,Mesa puente para cama hospitalaria,Cuidado en cama,MIXTO,2026-01-01,2026,1,19,2,21,7,2,9.5,38,11,8,2,0,4455.19,170.0,31,False,False,27,3,23,30,23.0
209,Mesa puente para cama hospitalaria,Cuidado en cama,MIXTO,2026-02-01,2026,2,15,5,20,6,5,4.4,21,6,5,3,1,4483.59,170.0,36,False,False,19,2,38,21,25.33
209,Mesa puente para cama hospitalaria,Cuidado en cama,MIXTO,2026-03-01,2026,3,36,2,38,19,2,5.5,35,9,5,2,3,4478.68,170.0,18,False,False,15,5,21,20,23.67
209,Mesa puente para cama hospitalaria,Cuidado en cama,MIXTO,2026-04-01,2026,4,31,4,35,13,4,7.5,27,14,5,2,0,4494.21,170.0,36,False,False,36,2,35,38,26.33
209,Mesa puente para cama hospitalaria,Cuidado en cama,MIXTO,2026-05-01,2026,5,11,3,14,6,3,7.33,39,10,5,6,5,4501.49,170.0,48,False,False,31,4,27,35,31.0
209,Mesa puente para cama hospitalaria,Cuidado en cama,MIXTO,2026-06-01,2026,6,37,1,38,15,1,9.0,42,11,11,4,2,4497.09,170.0,34,True,False,11,3,39,14,29.0
209,Mesa puente para cama hospitalaria,Cuidado en cama,MIXTO,2026-07-01,2026,7,7,2,9,4,2,3.5,8,7,3,2,0,4485.13,170.0,50,False,False,37,1,42,38,29.0
210,Barandal abatible para cama,Cuidado en cama,VENTA,2024-01-01,2024,1,0,0,0,0,0,0.0,0,0,0,0,0,3600.9,0.0,29,False,False,0,0,0,0,0.0
210,Barandal abatible para cama,Cuidado en cama,VENTA,2024-02-01,2024,2,0,0,0,0,0,0.0,0,0,0,0,0,3575.45,0.0,28,False,False,0,0,0,0,0.0
210,Barandal abatible para cama,Cuidado en cama,VENTA,2024-03-01,2024,3,0,0,0,0,0,0.0,0,0,0,0,0,3619.14,0.0,26,False,False,0,0,0,0,0.0
210,Barandal abatible para cama,Cuidado en cama,VENTA,2024-04-01,2024,4,0,0,0,0,0,0.0,0,0,0,0,0,3646.33,0.0,26,False,False,0,0,0,0,0.0
210,Barandal abatible para cama,Cuidado en cama,VENTA,2024-05-01,2024,5,4,0,4,1,0,0.0,0,1,0,0,0,3675.98,0.0,24,False,False,0,0,0,0,0.0
210,Barandal abatible para cama,Cuidado en cama,VENTA,2024-06-01,2024,6,2,0,2,1,0,0.0,1,1,0,0,0,3674.56,0.0,19,False,False,4,0,0,4,1.33
210,Barandal abatible para cama,Cuidado en cama,VENTA,2024-07-01,2024,7,8,0,8,2,0,0.0,2,1,0,0,0,3639.71,0.0,15,True,False,2,0,1,2,2.0
210,Barandal abatible para cama,Cuidado en cama,VENTA,2024-08-01,2024,8,4,0,4,2,0,0.0,2,2,2,0,0,3612.52,0.0,20,False,False,8,0,2,8,4.67
210,Barandal abatible para cama,Cuidado en cama,VENTA,2024-09-01,2024,9,0,0,0,0,0,0.0,4,1,1,1,0,3615.25,0.0,16,False,False,4,0,2,4,4.67
210,Barandal abatible para cama,Cuidado en cama,VENTA,2024-10-01,2024,10,0,0,0,0,0,0.0,8,2,0,1,0,3607.23,0.0,17,False,False,0,0,4,0,4.0
210,Barandal abatible para cama,Cuidado en cama,VENTA,2024-11-01,2024,11,3,0,3,1,0,0.0,4,5,1,0,1,3637.85,0.0,25,False,False,0,0,8,0,1.33
210,Barandal abatible para cama,Cuidado en cama,VENTA,2024-12-01,2024,12,12,0,12,4,0,0.0,2,1,0,0,0,3659.04,0.0,23,False,False,3,0,4,3,1.0
210,Barandal abatible para cama,Cuidado en cama,VENTA,2025-01-01,2025,1,5,0,5,3,0,0.0,6,3,1,1,0,3682.38,0.0,37,False,False,12,0,2,12,5.0
210,Barandal abatible para cama,Cuidado en cama,VENTA,2025-02-01,2025,2,0,0,0,0,0,0.0,7,4,0,0,0,3698.33,0.0,28,False,False,5,0,6,5,6.67
210,Barandal abatible para cama,Cuidado en cama,VENTA,2025-03-01,2025,3,3,0,3,1,0,0.0,6,4,1,1,1,3717.17,0.0,25,False,False,0,0,7,0,5.67
210,Barandal abatible para cama,Cuidado en cama,VENTA,2025-04-01,2025,4,4,0,4,2,0,0.0,10,2,1,3,1,3708.72,0.0,23,False,False,3,0,6,3,2.67
210,Barandal abatible para cama,Cuidado en cama,VENTA,2025-05-01,2025,5,8,0,8,3,0,0.0,10,3,2,1,0,3736.8,0.0,16,False,False,4,0,10,4,2.33
210,Barandal abatible para cama,Cuidado en cama,VENTA,2025-06-01,2025,6,31,0,31,9,0,0.0,13,2,3,1,0,3737.38,0.0,6,False,False,8,0,10,8,5.0
210,Barandal abatible para cama,Cuidado en cama,VENTA,2025-07-01,2025,7,18,0,18,8,0,0.0,23,5,1,1,0,3744.31,0.0,18,True,False,31,0,13,31,14.33
210,Barandal abatible para cama,Cuidado en cama,VENTA,2025-08-01,2025,8,7,0,7,3,0,0.0,9,1,2,1,2,3773.77,0.0,32,False,False,18,0,23,18,19.0
210,Barandal abatible para cama,Cuidado en cama,VENTA,2025-09-01,2025,9,7,0,7,3,0,0.0,12,6,0,5,1,3811.85,0.0,27,False,False,7,0,9,7,18.67
210,Barandal abatible para cama,Cuidado en cama,VENTA,2025-10-01,2025,10,19,0,19,6,0,0.0,21,3,1,2,3,3808.76,0.0,21,False,False,7,0,12,7,10.67
210,Barandal abatible para cama,Cuidado en cama,VENTA,2025-11-01,2025,11,25,0,25,8,0,0.0,18,2,3,2,0,3852.83,0.0,32,False,False,19,0,21,19,11.0
210,Barandal abatible para cama,Cuidado en cama,VENTA,2025-12-01,2025,12,38,0,38,12,0,0.0,27,3,3,1,0,3849.79,0.0,47,False,False,25,0,18,25,17.0
210,Barandal abatible para cama,Cuidado en cama,VENTA,2026-01-01,2026,1,19,0,19,6,0,0.0,32,3,6,1,1,3858.79,0.0,9,False,False,38,0,27,38,27.33
210,Barandal abatible para cama,Cuidado en cama,VENTA,2026-02-01,2026,2,35,0,35,12,0,0.0,43,7,6,5,3,3859.68,0.0,35,True,False,19,0,32,19,27.33
210,Barandal abatible para cama,Cuidado en cama,VENTA,2026-03-01,2026,3,21,0,21,8,0,0.0,26,7,3,3,1,3825.38,0.0,62,False,False,35,0,43,35,30.67
210,Barandal abatible para cama,Cuidado en cama,VENTA,2026-04-01,2026,4,9,0,9,4,0,0.0,31,11,4,3,1,3780.6,0.0,39,False,False,21,0,26,21,25.0
210,Barandal abatible para cama,Cuidado en cama,VENTA,2026-05-01,2026,5,52,0,52,19,0,0.0,43,13,6,2,1,3811.38,0.0,27,False,False,9,0,31,9,21.67
210,Barandal abatible para cama,Cuidado en cama,VENTA,2026-06-01,2026,6,44,0,44,16,0,0.0,31,11,4,1,1,3823.87,0.0,37,False,False,52,0,43,52,27.33
210,Barandal abatible para cama,Cuidado en cama,VENTA,2026-07-01,2026,7,12,0,12,5,0,0.0,6,0,0,0,0,3821.69,0.0,44,False,False,44,0,31,44,35.0
211,Cojín antiescaras de gel,Cuidado en casa,VENTA,2024-01-01,2024,1,0,0,0,0,0,0.0,0,0,0,0,0,3915.77,0.0,42,False,False,0,0,0,0,0.0
211,Cojín antiescaras de gel,Cuidado en casa,VENTA,2024-02-01,2024,2,0,0,0,0,0,0.0,0,0,0,0,0,3921.6,0.0,40,True,False,0,0,0,0,0.0
211,Cojín antiescaras de gel,Cuidado en casa,VENTA,2024-03-01,2024,3,0,0,0,0,0,0.0,1,0,0,0,1,3954.28,0.0,39,True,False,0,0,0,0,0.0
211,Cojín antiescaras de gel,Cuidado en casa,VENTA,2024-04-01,2024,4,0,0,0,0,0,0.0,0,0,0,0,1,3937.62,0.0,40,False,False,0,0,1,0,0.0
211,Cojín antiescaras de gel,Cuidado en casa,VENTA,2024-05-01,2024,5,7,0,7,2,0,0.0,0,2,0,1,0,3974.33,0.0,41,False,False,0,0,0,0,0.0
211,Cojín antiescaras de gel,Cuidado en casa,VENTA,2024-06-01,2024,6,4,0,4,1,0,0.0,1,0,0,0,0,3992.87,0.0,30,False,False,7,0,0,7,2.33
211,Cojín antiescaras de gel,Cuidado en casa,VENTA,2024-07-01,2024,7,0,0,0,0,0,0.0,1,0,1,0,0,4016.39,0.0,24,False,False,4,0,1,4,3.67
211,Cojín antiescaras de gel,Cuidado en casa,VENTA,2024-08-01,2024,8,0,0,0,0,0,0.0,2,1,0,0,0,4028.04,0.0,25,False,False,0,0,1,0,3.67
211,Cojín antiescaras de gel,Cuidado en casa,VENTA,2024-09-01,2024,9,3,0,3,1,0,0.0,1,0,0,0,0,4074.55,0.0,23,True,False,0,0,2,0,1.33
211,Cojín antiescaras de gel,Cuidado en casa,VENTA,2024-10-01,2024,10,9,0,9,4,0,0.0,0,0,0,1,1,4084.1,0.0,20,True,False,3,0,1,3,1.0
211,Cojín antiescaras de gel,Cuidado en casa,VENTA,2024-11-01,2024,11,0,0,0,0,0,0.0,3,2,0,1,0,4063.8,0.0,13,False,False,9,0,0,9,4.0
211,Cojín antiescaras de gel,Cuidado en casa,VENTA,2024-12-01,2024,12,1,0,1,1,0,0.0,2,3,1,0,0,4068.37,0.0,12,False,False,0,0,3,0,4.0
211,Cojín antiescaras de gel,Cuidado en casa,VENTA,2025-01-01,2025,1,8,0,8,3,0,0.0,7,2,2,0,1,4092.33,0.0,9,False,False,1,0,2,1,3.33
211,Cojín antiescaras de gel,Cuidado en casa,VENTA,2025-02-01,2025,2,15,0,15,6,0,0.0,2,3,0,1,0,4069.47,0.0,24,False,False,8,0,7,8,3.0
211,Cojín antiescaras de gel,Cuidado en casa,VENTA,2025-03-01,2025,3,17,0,17,6,0,0.0,3,1,0,1,2,4101.85,0.0,34,False,False,15,0,2,15,8.0
211,Cojín antiescaras de gel,Cuidado en casa,VENTA,2025-04-01,2025,4,23,0,23,9,0,0.0,6,2,4,0,2,4108.9,0.0,17,True,False,17,0,3,17,13.33
211,Cojín antiescaras de gel,Cuidado en casa,VENTA,2025-05-01,2025,5,6,0,6,3,0,0.0,5,0,1,0,0,4138.55,0.0,37,False,False,23,0,6,23,18.33
211,Cojín antiescaras de gel,Cuidado en casa,VENTA,2025-06-01,2025,6,7,0,7,3,0,0.0,5,5,3,2,3,4131.85,0.0,28,True,False,6,0,5,6,15.33
211,Cojín antiescaras de gel,Cuidado en casa,VENTA,2025-07-01,2025,7,12,0,12,4,0,0.0,8,3,0,1,2,4139.64,0.0,23,False,False,7,0,5,7,12.0
211,Cojín antiescaras de gel,Cuidado en casa,VENTA,2025-08-01,2025,8,10,0,10,4,0,0.0,10,6,4,0,0,4126.72,0.0,39,True,False,12,0,8,12,8.33
211,Cojín antiescaras de gel,Cuidado en casa,VENTA,2025-09-01,2025,9,10,0,10,4,0,0.0,18,3,2,0,1,4127.2,0.0,33,True,False,10,0,10,10,9.67
211,Cojín antiescaras de gel,Cuidado en casa,VENTA,2025-10-01,2025,10,13,0,13,5,0,0.0,12,5,2,3,0,4140.84,0.0,23,False,False,10,0,18,10,10.67
211,Cojín antiescaras de gel,Cuidado en casa,VENTA,2025-11-01,2025,11,6,0,6,3,0,0.0,10,6,3,2,0,4123.8,0.0,38,False,False,13,0,12,13,11.0
211,Cojín antiescaras de gel,Cuidado en casa,VENTA,2025-12-01,2025,12,22,0,22,10,0,0.0,15,4,4,0,0,4132.99,0.0,31,False,False,6,0,10,6,9.67
211,Cojín antiescaras de gel,Cuidado en casa,VENTA,2026-01-01,2026,1,21,0,21,8,0,0.0,24,6,1,4,0,4180.01,0.0,54,False,False,22,0,15,22,13.67
211,Cojín antiescaras de gel,Cuidado en casa,VENTA,2026-02-01,2026,2,32,0,32,13,0,0.0,16,6,2,0,1,4182.03,0.0,32,False,False,21,0,24,21,16.33
211,Cojín antiescaras de gel,Cuidado en casa,VENTA,2026-03-01,2026,3,20,0,20,8,0,0.0,22,6,3,2,0,4181.43,0.0,42,False,False,32,0,16,32,25.0
211,Cojín antiescaras de gel,Cuidado en casa,VENTA,2026-04-01,2026,4,28,0,28,11,0,0.0,28,3,1,3,1,4156.87,0.0,22,False,False,20,0,22,20,24.33
211,Cojín antiescaras de gel,Cuidado en casa,VENTA,2026-05-01,2026,5,31,0,31,14,0,0.0,28,5,2,2,1,4140.62,0.0,36,True,False,28,0,28,28,26.67
211,Cojín antiescaras de gel,Cuidado en casa,VENTA,2026-06-01,2026,6,35,0,35,15,0,0.0,18,6,2,3,0,4179.61,0.0,51,False,False,31,0,28,31,26.33
211,Cojín antiescaras de gel,Cuidado en casa,VENTA,2026-07-01,2026,7,14,0,14,6,0,0.0,8,0,1,0,0,4180.33,0.0,16,False,False,35,0,18,35,31.33
212,Elevador hidráulico de paciente,Cuidado en casa,RENTA,2024-01-01,2024,1,0,0,0,0,0,0.0,0,0,0,0,0,39412.18,1120.0,34,False,False,0,0,0,0,0.0
212,Elevador hidráulico de paciente,Cuidado en casa,RENTA,2024-02-01,2024,2,0,0,0,0,0,0.0,1,0,0,0,0,39640.09,1120.0,31,False,False,0,0,0,0,0.0
212,Elevador hidráulico de paciente,Cuidado en casa,RENTA,2024-03-01,2024,3,0,0,0,0,0,0.0,0,1,0,0,0,39840.61,1120.0,31,False,False,0,0,1,0,0.0
212,Elevador hidráulico de paciente,Cuidado en casa,RENTA,2024-04-01,2024,4,0,0,0,0,0,0.0,0,0,0,0,0,39967.56,1120.0,30,False,False,0,0,0,0,0.0
212,Elevador hidráulico de paciente,Cuidado en casa,RENTA,2024-05-01,2024,5,0,0,0,0,0,0.0,1,0,0,0,0,39757.0,1120.0,35,False,False,0,0,0,0,0.0
212,Elevador hidráulico de paciente,Cuidado en casa,RENTA,2024-06-01,2024,6,0,0,0,0,0,0.0,3,0,1,0,1,39912.75,1120.0,36,True,False,0,0,1,0,0.0
212,Elevador hidráulico de paciente,Cuidado en casa,RENTA,2024-07-01,2024,7,0,0,0,0,0,0.0,1,0,0,0,0,39786.46,1120.0,34,True,False,0,0,3,0,0.0
212,Elevador hidráulico de paciente,Cuidado en casa,RENTA,2024-08-01,2024,8,0,0,0,0,0,0.0,1,0,0,0,0,39626.65,1120.0,29,False,False,0,0,1,0,0.0
212,Elevador hidráulico de paciente,Cuidado en casa,RENTA,2024-09-01,2024,9,0,0,0,0,0,0.0,1,0,0,0,0,39582.62,1120.0,30,False,False,0,0,1,0,0.0
212,Elevador hidráulico de paciente,Cuidado en casa,RENTA,2024-10-01,2024,10,0,0,0,0,0,0.0,1,0,0,1,2,39771.49,1120.0,30,False,False,0,0,1,0,0.0
212,Elevador hidráulico de paciente,Cuidado en casa,RENTA,2024-11-01,2024,11,0,0,0,0,0,0.0,2,2,0,0,0,39471.5,1120.0,27,False,False,0,0,1,0,0.0
212,Elevador hidráulico de paciente,Cuidado en casa,RENTA,2024-12-01,2024,12,0,0,0,0,0,0.0,4,1,1,1,0,39499.19,1120.0,26,False,False,0,0,2,0,0.0
212,Elevador hidráulico de paciente,Cuidado en casa,RENTA,2025-01-01,2025,1,0,0,0,0,0,0.0,4,1,0,0,1,39259.17,1120.0,26,False,False,0,0,4,0,0.0
212,Elevador hidráulico de paciente,Cuidado en casa,RENTA,2025-02-01,2025,2,0,0,0,0,0,0.0,5,3,3,0,0,39062.24,1120.0,27,True,False,0,0,4,0,0.0
212,Elevador hidráulico de paciente,Cuidado en casa,RENTA,2025-03-01,2025,3,0,0,0,0,0,0.0,6,0,1,2,0,38997.59,1120.0,29,False,False,0,0,5,0,0.0
212,Elevador hidráulico de paciente,Cuidado en casa,RENTA,2025-04-01,2025,4,0,0,0,0,0,0.0,7,3,2,1,0,39162.33,1120.0,28,False,False,0,0,6,0,0.0
212,Elevador hidráulico de paciente,Cuidado en casa,RENTA,2025-05-01,2025,5,0,0,0,0,0,0.0,10,2,1,0,0,39287.5,1120.0,26,True,False,0,0,7,0,0.0
212,Elevador hidráulico de paciente,Cuidado en casa,RENTA,2025-06-01,2025,6,0,0,0,0,0,0.0,5,0,0,0,0,39367.58,1120.0,26,False,False,0,0,10,0,0.0
212,Elevador hidráulico de paciente,Cuidado en casa,RENTA,2025-07-01,2025,7,0,0,0,0,0,0.0,3,7,2,0,0,39560.35,1120.0,31,False,False,0,0,5,0,0.0
212,Elevador hidráulico de paciente,Cuidado en casa,RENTA,2025-08-01,2025,8,0,0,0,0,0,0.0,8,2,0,1,0,39618.94,1120.0,32,False,False,0,0,3,0,0.0
212,Elevador hidráulico de paciente,Cuidado en casa,RENTA,2025-09-01,2025,9,0,0,0,0,0,0.0,7,4,1,1,0,39531.66,1120.0,30,False,False,0,0,8,0,0.0
212,Elevador hidráulico de paciente,Cuidado en casa,RENTA,2025-10-01,2025,10,0,0,0,0,0,0.0,15,3,4,0,3,39501.65,1120.0,26,False,False,0,0,7,0,0.0
212,Elevador hidráulico de paciente,Cuidado en casa,RENTA,2025-11-01,2025,11,0,0,0,0,0,0.0,17,5,0,1,0,39601.66,1120.0,25,False,False,0,0,15,0,0.0
212,Elevador hidráulico de paciente,Cuidado en casa,RENTA,2025-12-01,2025,12,0,0,0,0,0,0.0,21,8,2,2,1,39697.05,1120.0,25,True,False,0,0,17,0,0.0
212,Elevador hidráulico de paciente,Cuidado en casa,RENTA,2026-01-01,2026,1,0,0,0,0,0,0.0,20,5,5,2,1,39585.83,1120.0,26,False,False,0,0,21,0,0.0
212,Elevador hidráulico de paciente,Cuidado en casa,RENTA,2026-02-01,2026,2,0,0,0,0,0,0.0,18,7,4,2,0,39444.62,1120.0,25,False,False,0,0,20,0,0.0
212,Elevador hidráulico de paciente,Cuidado en casa,RENTA,2026-03-01,2026,3,0,0,0,0,0,0.0,21,1,7,2,2,39216.0,1120.0,33,False,False,0,0,18,0,0.0
212,Elevador hidráulico de paciente,Cuidado en casa,RENTA,2026-04-01,2026,4,0,0,0,0,0,0.0,16,13,6,4,0,39119.85,1120.0,33,True,False,0,0,21,0,0.0
212,Elevador hidráulico de paciente,Cuidado en casa,RENTA,2026-05-01,2026,5,0,0,0,0,0,0.0,16,9,0,2,2,38754.24,1120.0,29,False,False,0,0,16,0,0.0
212,Elevador hidráulico de paciente,Cuidado en casa,RENTA,2026-06-01,2026,6,0,0,0,0,0,0.0,18,5,3,0,1,38992.11,1120.0,26,False,False,0,0,16,0,0.0
212,Elevador hidráulico de paciente,Cuidado en casa,RENTA,2026-07-01,2026,7,0,0,0,0,0,0.0,6,2,2,0,0,39285.84,1120.0,31,False,False,0,0,18,0,0.0
213,Silla cómoda sanitaria,Baño y seguridad,MIXTO,2024-01-01,2024,1,0,0,0,0,0,0.0,0,0,0,0,0,3506.9,160.0,44,False,False,0,0,0,0,0.0
213,Silla cómoda sanitaria,Baño y seguridad,MIXTO,2024-02-01,2024,2,0,0,0,0,0,0.0,0,0,0,0,0,3531.25,160.0,51,False,False,0,0,0,0,0.0
213,Silla cómoda sanitaria,Baño y seguridad,MIXTO,2024-03-01,2024,3,0,0,0,0,0,0.0,0,0,0,0,0,3517.24,160.0,49,False,False,0,0,0,0,0.0
213,Silla cómoda sanitaria,Baño y seguridad,MIXTO,2024-04-01,2024,4,0,0,0,0,0,0.0,0,1,0,0,0,3541.73,160.0,51,False,False,0,0,0,0,0.0
213,Silla cómoda sanitaria,Baño y seguridad,MIXTO,2024-05-01,2024,5,0,2,2,0,2,6.5,1,0,0,0,0,3570.0,160.0,52,True,False,0,0,0,0,0.0
213,Silla cómoda sanitaria,Baño y seguridad,MIXTO,2024-06-01,2024,6,1,0,1,1,0,0.0,1,1,0,1,0,3560.86,160.0,51,True,False,0,2,1,2,0.67
213,Silla cómoda sanitaria,Baño y seguridad,MIXTO,2024-07-01,2024,7,5,1,6,3,1,3.0,1,0,2,0,0,3549.93,160.0,53,False,False,1,0,1,1,1.0
213,Silla cómoda sanitaria,Baño y seguridad,MIXTO,2024-08-01,2024,8,4,0,4,2,0,0.0,2,0,1,0,0,3597.95,160.0,46,False,False,5,1,1,6,3.0
213,Silla cómoda sanitaria,Baño y seguridad,MIXTO,2024-09-01,2024,9,10,1,11,4,1,13.0,3,2,0,0,0,3592.92,160.0,42,False,False,4,0,2,4,3.67
213,Silla cómoda sanitaria,Baño y seguridad,MIXTO,2024-10-01,2024,10,2,0,2,2,0,0.0,6,3,1,0,0,3575.12,160.0,30,False,False,10,1,3,11,7.0
213,Silla cómoda sanitaria,Baño y seguridad,MIXTO,2024-11-01,2024,11,2,1,3,1,1,3.0,4,1,0,0,0,3576.6,160.0,27,False,False,2,0,6,2,5.67
213,Silla cómoda sanitaria,Baño y seguridad,MIXTO,2024-12-01,2024,12,4,0,4,2,0,0.0,6,1,1,0,0,3523.97,160.0,24,True,False,2,1,4,3,5.33
213,Silla cómoda sanitaria,Baño y seguridad,MIXTO,2025-01-01,2025,1,4,2,6,1,2,8.5,5,0,0,0,0,3529.29,160.0,21,False,False,4,0,6,4,3.0
213,Silla cómoda sanitaria,Baño y seguridad,MIXTO,2025-02-01,2025,2,15,0,15,6,0,0.0,2,0,1,0,0,3547.35,160.0,14,False,False,4,2,5,6,4.33
213,Silla cómoda sanitaria,Baño y seguridad,MIXTO,2025-03-01,2025,3,4,2,6,1,2,8.0,5,2,3,0,0,3557.71,160.0,21,False,False,15,0,2,15,8.33
213,Silla cómoda sanitaria,Baño y seguridad,MIXTO,2025-04-01,2025,4,20,0,20,6,0,0.0,9,4,2,2,0,3577.52,160.0,16,True,False,4,2,5,6,9.0
213,Silla cómoda sanitaria,Baño y seguridad,MIXTO,2025-05-01,2025,5,7,0,7,2,0,0.0,8,4,2,2,1,3599.83,160.0,27,False,False,20,0,9,20,13.67
213,Silla cómoda sanitaria,Baño y seguridad,MIXTO,2025-06-01,2025,6,11,1,12,5,1,3.0,8,5,2,0,0,3633.07,160.0,21,False,False,7,0,8,7,11.0
213,Silla cómoda sanitaria,Baño y seguridad,MIXTO,2025-07-01,2025,7,16,3,19,5,3,9.33,13,4,2,0,0,3632.13,160.0,11,False,False,11,1,8,12,13.0
213,Silla cómoda sanitaria,Baño y seguridad,MIXTO,2025-08-01,2025,8,14,4,18,5,4,6.75,19,5,2,0,0,3643.73,160.0,23,False,False,16,3,13,19,12.67
213,Silla cómoda sanitaria,Baño y seguridad,MIXTO,2025-09-01,2025,9,18,1,19,7,1,14.0,12,5,0,0,3,3694.75,160.0,31,False,False,14,4,19,18,16.33
213,Silla cómoda sanitaria,Baño y seguridad,MIXTO,2025-10-01,2025,10,9,1,10,3,1,3.0,18,3,1,2,0,3688.01,160.0,38,False,False,18,1,12,19,18.67
213,Silla cómoda sanitaria,Baño y seguridad,MIXTO,2025-11-01,2025,11,24,5,29,8,5,5.0,23,6,3,3,2,3708.46,160.0,29,True,False,9,1,18,10,15.67
213,Silla cómoda sanitaria,Baño y seguridad,MIXTO,2025-12-01,2025,12,28,4,32,10,4,8.5,10,2,1,2,2,3708.56,160.0,56,False,False,24,5,23,29,19.33
213,Silla cómoda sanitaria,Baño y seguridad,MIXTO,2026-01-01,2026,1,34,5,39,13,5,7.0,30,7,2,1,0,3691.97,160.0,24,True,False,28,4,10,32,23.67
213,Silla cómoda sanitaria,Baño y seguridad,MIXTO,2026-02-01,2026,2,27,7,34,11,7,4.43,20,8,2,1,2,3685.18,160.0,45,False,False,34,5,30,39,33.33
213,Silla cómoda sanitaria,Baño y seguridad,MIXTO,2026-03-01,2026,3,34,6,40,12,6,6.0,23,3,3,1,0,3708.42,160.0,23,False,False,27,7,20,34,35.0
213,Silla cómoda sanitaria,Baño y seguridad,MIXTO,2026-04-01,2026,4,19,3,22,8,3,5.33,18,6,5,1,1,3708.28,160.0,38,False,False,34,6,23,40,37.67
213,Silla cómoda sanitaria,Baño y seguridad,MIXTO,2026-05-01,2026,5,53,5,58,20,5,7.6,29,5,3,1,2,3680.05,160.0,24,False,False,19,3,18,22,32.0
213,Silla cómoda sanitaria,Baño y seguridad,MIXTO,2026-06-01,2026,6,41,6,47,16,6,7.5,26,4,6,3,1,3666.71,160.0,32,False,False,53,5,29,58,40.0
213,Silla cómoda sanitaria,Baño y seguridad,MIXTO,2026-07-01,2026,7,8,3,11,5,3,7.67,15,1,0,0,0,3697.51,160.0,41,False,False,41,6,26,47,42.33
214,Barra de apoyo para baño,Baño y seguridad,VENTA,2024-01-01,2024,1,4,0,4,2,0,0.0,0,0,0,0,0,991.74,0.0,44,False,False,0,0,0,0,0.0
214,Barra de apoyo para baño,Baño y seguridad,VENTA,2024-02-01,2024,2,0,0,0,0,0,0.0,1,0,0,0,0,991.87,0.0,39,False,False,4,0,0,4,4.0
214,Barra de apoyo para baño,Baño y seguridad,VENTA,2024-03-01,2024,3,0,0,0,0,0,0.0,0,0,0,0,0,999.82,0.0,38,False,False,0,0,1,0,2.0
214,Barra de apoyo para baño,Baño y seguridad,VENTA,2024-04-01,2024,4,0,0,0,0,0,0.0,0,0,1,0,0,995.41,0.0,38,False,False,0,0,0,0,1.33
214,Barra de apoyo para baño,Baño y seguridad,VENTA,2024-05-01,2024,5,0,0,0,0,0,0.0,1,0,0,0,0,1001.74,0.0,43,True,False,0,0,0,0,0.0
214,Barra de apoyo para baño,Baño y seguridad,VENTA,2024-06-01,2024,6,0,0,0,0,0,0.0,0,0,0,0,0,1009.6,0.0,42,False,False,0,0,1,0,0.0
214,Barra de apoyo para baño,Baño y seguridad,VENTA,2024-07-01,2024,7,2,0,2,1,0,0.0,4,0,0,0,0,1012.07,0.0,40,False,False,0,0,0,0,0.0
214,Barra de apoyo para baño,Baño y seguridad,VENTA,2024-08-01,2024,8,4,0,4,1,0,0.0,2,1,0,0,0,1000.61,0.0,38,False,False,2,0,4,2,0.67
214,Barra de apoyo para baño,Baño y seguridad,VENTA,2024-09-01,2024,9,0,0,0,0,0,0.0,3,0,0,1,0,1006.08,0.0,35,True,False,4,0,2,4,2.0
214,Barra de apoyo para baño,Baño y seguridad,VENTA,2024-10-01,2024,10,0,0,0,0,0,0.0,1,1,1,2,0,1010.85,0.0,34,True,False,0,0,3,0,2.0
214,Barra de apoyo para baño,Baño y seguridad,VENTA,2024-11-01,2024,11,4,0,4,2,0,0.0,3,0,0,0,0,1012.23,0.0,32,False,False,0,0,1,0,1.33
214,Barra de apoyo para baño,Baño y seguridad,VENTA,2024-12-01,2024,12,4,0,4,1,0,0.0,2,1,1,1,0,1010.13,0.0,26,False,False,4,0,3,4,1.33
214,Barra de apoyo para baño,Baño y seguridad,VENTA,2025-01-01,2025,1,2,0,2,1,0,0.0,5,0,0,0,2,1013.45,0.0,27,False,False,4,0,2,4,2.67
214,Barra de apoyo para baño,Baño y seguridad,VENTA,2025-02-01,2025,2,11,0,11,4,0,0.0,3,0,0,1,0,1013.59,0.0,31,False,False,2,0,5,2,3.33
214,Barra de apoyo para baño,Baño y seguridad,VENTA,2025-03-01,2025,3,6,0,6,2,0,0.0,1,0,0,1,0,1009.69,0.0,20,False,False,11,0,3,11,5.67
214,Barra de apoyo para baño,Baño y seguridad,VENTA,2025-04-01,2025,4,12,0,12,3,0,0.0,5,1,0,1,0,1005.14,0.0,13,False,False,6,0,1,6,6.33
214,Barra de apoyo para baño,Baño y seguridad,VENTA,2025-05-01,2025,5,12,0,12,4,0,0.0,3,1,1,0,0,1006.95,0.0,20,True,False,12,0,5,12,9.67
214,Barra de apoyo para baño,Baño y seguridad,VENTA,2025-06-01,2025,6,2,0,2,1,0,0.0,6,2,2,0,0,1008.81,0.0,35,False,False,12,0,3,12,10.0
214,Barra de apoyo para baño,Baño y seguridad,VENTA,2025-07-01,2025,7,5,0,5,3,0,0.0,4,2,0,0,0,1001.46,0.0,34,False,False,2,0,6,2,8.67
214,Barra de apoyo para baño,Baño y seguridad,VENTA,2025-08-01,2025,8,0,0,0,0,0,0.0,4,0,1,0,0,1002.72,0.0,30,False,False,5,0,4,5,6.33
214,Barra de apoyo para baño,Baño y seguridad,VENTA,2025-09-01,2025,9,5,0,5,2,0,0.0,3,0,0,0,0,1004.16,0.0,32,False,False,0,0,4,0,2.33
214,Barra de apoyo para baño,Baño y seguridad,VENTA,2025-10-01,2025,10,24,0,24,7,0,0.0,11,2,1,1,0,1010.61,0.0,23,True,False,5,0,3,5,3.33
214,Barra de apoyo para baño,Baño y seguridad,VENTA,2025-11-01,2025,11,6,0,6,2,0,0.0,13,0,3,0,1,1013.05,0.0,30,False,False,24,0,11,24,9.67
214,Barra de apoyo para baño,Baño y seguridad,VENTA,2025-12-01,2025,12,14,0,14,4,0,0.0,1,3,3,0,1,1022.65,0.0,25,False,False,6,0,13,6,11.67
214,Barra de apoyo para baño,Baño y seguridad,VENTA,2026-01-01,2026,1,18,0,18,6,0,0.0,8,4,2,1,1,1018.08,0.0,13,False,False,14,0,1,14,14.67
214,Barra de apoyo para baño,Baño y seguridad,VENTA,2026-02-01,2026,2,26,0,26,8,0,0.0,18,6,3,0,0,1018.61,0.0,17,True,False,18,0,8,18,12.67
214,Barra de apoyo para baño,Baño y seguridad,VENTA,2026-03-01,2026,3,20,0,20,8,0,0.0,15,1,1,0,0,1021.73,0.0,35,False,False,26,0,18,26,19.33
214,Barra de apoyo para baño,Baño y seguridad,VENTA,2026-04-01,2026,4,28,0,28,10,0,0.0,9,3,3,1,2,1017.66,0.0,15,False,False,20,0,15,20,21.33
214,Barra de apoyo para baño,Baño y seguridad,VENTA,2026-05-01,2026,5,26,0,26,9,0,0.0,9,5,5,2,2,1024.14,0.0,32,True,False,28,0,9,28,24.67
214,Barra de apoyo para baño,Baño y seguridad,VENTA,2026-06-01,2026,6,38,0,38,12,0,0.0,12,6,2,0,0,1029.05,0.0,45,False,False,26,0,9,26,24.67
214,Barra de apoyo para baño,Baño y seguridad,VENTA,2026-07-01,2026,7,11,0,11,3,0,0.0,4,0,1,0,1,1029.99,0.0,70,False,False,38,0,12,38,30.67
215,Collarín cervical semirrígido,Ortesis,VENTA,2024-01-01,2024,1,0,0,0,0,0,0.0,0,0,0,0,0,1176.24,0.0,27,False,False,0,0,0,0,0.0
215,Collarín cervical semirrígido,Ortesis,VENTA,2024-02-01,2024,2,0,0,0,0,0,0.0,0,0,0,0,0,1181.18,0.0,25,False,False,0,0,0,0,0.0
215,Collarín cervical semirrígido,Ortesis,VENTA,2024-03-01,2024,3,0,0,0,0,0,0.0,0,0,0,0,0,1191.24,0.0,23,False,False,0,0,0,0,0.0
215,Collarín cervical semirrígido,Ortesis,VENTA,2024-04-01,2024,4,8,0,8,2,0,0.0,1,0,0,0,0,1209.72,0.0,29,True,False,0,0,0,0,0.0
215,Collarín cervical semirrígido,Ortesis,VENTA,2024-05-01,2024,5,5,0,5,2,0,0.0,1,0,0,0,0,1205.45,0.0,19,False,False,8,0,1,8,2.67
215,Collarín cervical semirrígido,Ortesis,VENTA,2024-06-01,2024,6,3,0,3,1,0,0.0,1,0,0,0,0,1207.53,0.0,13,False,False,5,0,1,5,4.33
215,Collarín cervical semirrígido,Ortesis,VENTA,2024-07-01,2024,7,0,0,0,0,0,0.0,4,0,0,0,0,1219.69,0.0,24,True,False,3,0,1,3,5.33
215,Collarín cervical semirrígido,Ortesis,VENTA,2024-08-01,2024,8,3,0,3,1,0,0.0,2,1,0,0,0,1222.72,0.0,32,False,False,0,0,4,0,2.67
215,Collarín cervical semirrígido,Ortesis,VENTA,2024-09-01,2024,9,2,0,2,1,0,0.0,3,0,1,0,1,1227.06,0.0,29,False,False,3,0,2,3,2.0
215,Collarín cervical semirrígido,Ortesis,VENTA,2024-10-01,2024,10,0,0,0,0,0,0.0,3,0,1,1,1,1222.01,0.0,32,False,False,2,0,3,2,1.67
215,Collarín cervical semirrígido,Ortesis,VENTA,2024-11-01,2024,11,1,0,1,1,0,0.0,1,1,0,1,0,1218.8,0.0,32,False,False,0,0,3,0,1.67
215,Collarín cervical semirrígido,Ortesis,VENTA,2024-12-01,2024,12,10,0,10,4,0,0.0,5,1,1,0,0,1214.52,0.0,29,False,False,1,0,1,1,1.0
215,Collarín cervical semirrígido,Ortesis,VENTA,2025-01-01,2025,1,3,0,3,1,0,0.0,5,0,0,0,0,1225.51,0.0,19,False,False,10,0,5,10,3.67
215,Collarín cervical semirrígido,Ortesis,VENTA,2025-02-01,2025,2,9,0,9,3,0,0.0,1,0,0,1,1,1225.5,0.0,16,False,False,3,0,5,3,4.67
215,Collarín cervical semirrígido,Ortesis,VENTA,2025-03-01,2025,3,2,0,2,1,0,0.0,6,1,1,0,0,1234.7,0.0,7,False,False,9,0,1,9,7.33
215,Collarín cervical semirrígido,Ortesis,VENTA,2025-04-01,2025,4,9,0,9,3,0,0.0,4,1,1,0,0,1249.38,0.0,11,False,False,2,0,6,2,4.67
215,Collarín cervical semirrígido,Ortesis,VENTA,2025-05-01,2025,5,5,0,5,2,0,0.0,5,1,0,1,0,1246.8,0.0,25,False,False,9,0,4,9,6.67
215,Collarín cervical semirrígido,Ortesis,VENTA,2025-06-01,2025,6,7,0,7,2,0,0.0,7,2,0,1,0,1250.4,0.0,19,False,False,5,0,5,5,5.33
215,Collarín cervical semirrígido,Ortesis,VENTA,2025-07-01,2025,7,8,0,8,3,0,0.0,10,9,0,0,1,1248.1,0.0,10,False,False,7,0,7,7,7.0
215,Collarín cervical semirrígido,Ortesis,VENTA,2025-08-01,2025,8,12,0,12,4,0,0.0,7,4,2,0,0,1244.78,0.0,25,False,False,8,0,10,8,6.67
215,Collarín cervical semirrígido,Ortesis,VENTA,2025-09-01,2025,9,8,0,8,2,0,0.0,5,3,2,0,1,1244.07,0.0,11,False,False,12,0,7,12,9.0
215,Collarín cervical semirrígido,Ortesis,VENTA,2025-10-01,2025,10,18,0,18,6,0,0.0,9,3,1,0,0,1254.81,0.0,23,False,False,8,0,5,8,9.33
215,Collarín cervical semirrígido,Ortesis,VENTA,2025-11-01,2025,11,17,0,17,6,0,0.0,8,6,1,2,1,1268.22,0.0,48,False,False,18,0,9,18,12.67
215,Collarín cervical semirrígido,Ortesis,VENTA,2025-12-01,2025,12,17,0,17,5,0,0.0,13,3,2,0,0,1268.51,0.0,36,False,False,17,0,8,17,14.33
215,Collarín cervical semirrígido,Ortesis,VENTA,2026-01-01,2026,1,29,0,29,9,0,0.0,13,3,2,1,0,1268.81,0.0,20,False,False,17,0,13,17,17.33
215,Collarín cervical semirrígido,Ortesis,VENTA,2026-02-01,2026,2,23,0,23,7,0,0.0,17,3,4,3,1,1268.3,0.0,35,False,False,29,0,13,29,21.0
215,Collarín cervical semirrígido,Ortesis,VENTA,2026-03-01,2026,3,23,0,23,9,0,0.0,14,5,3,1,0,1254.11,0.0,10,False,False,23,0,17,23,23.0
215,Collarín cervical semirrígido,Ortesis,VENTA,2026-04-01,2026,4,32,0,32,12,0,0.0,15,3,2,4,0,1259.8,0.0,35,False,False,23,0,14,23,25.0
215,Collarín cervical semirrígido,Ortesis,VENTA,2026-05-01,2026,5,23,0,23,8,0,0.0,17,7,5,0,0,1259.97,0.0,60,False,False,32,0,15,32,26.0
215,Collarín cervical semirrígido,Ortesis,VENTA,2026-06-01,2026,6,21,0,21,7,0,0.0,11,4,2,2,0,1268.15,0.0,39,False,False,23,0,17,23,26.0
215,Collarín cervical semirrígido,Ortesis,VENTA,2026-07-01,2026,7,7,0,7,2,0,0.0,3,0,0,0,0,1268.4,0.0,18,False,False,21,0,11,21,25.33
216,Tobillera estabilizadora,Ortesis,VENTA,2024-01-01,2024,1,0,0,0,0,0,0.0,0,0,0,0,0,1324.6,0.0,45,False,False,0,0,0,0,0.0
216,Tobillera estabilizadora,Ortesis,VENTA,2024-02-01,2024,2,0,0,0,0,0,0.0,0,0,0,0,0,1328.28,0.0,49,False,False,0,0,0,0,0.0
216,Tobillera estabilizadora,Ortesis,VENTA,2024-03-01,2024,3,0,0,0,0,0,0.0,0,0,0,0,0,1333.88,0.0,49,False,False,0,0,0,0,0.0
216,Tobillera estabilizadora,Ortesis,VENTA,2024-04-01,2024,4,0,0,0,0,0,0.0,0,0,0,0,0,1345.93,0.0,50,True,False,0,0,0,0,0.0
216,Tobillera estabilizadora,Ortesis,VENTA,2024-05-01,2024,5,5,0,5,2,0,0.0,2,1,0,0,0,1334.86,0.0,48,False,False,0,0,0,0,0.0
216,Tobillera estabilizadora,Ortesis,VENTA,2024-06-01,2024,6,4,0,4,1,0,0.0,0,0,0,0,0,1337.87,0.0,46,False,False,5,0,2,5,1.67
216,Tobillera estabilizadora,Ortesis,VENTA,2024-07-01,2024,7,5,0,5,2,0,0.0,2,0,0,1,0,1339.42,0.0,38,False,False,4,0,0,4,3.0
216,Tobillera estabilizadora,Ortesis,VENTA,2024-08-01,2024,8,11,0,11,4,0,0.0,1,1,0,0,0,1333.39,0.0,33,False,False,5,0,2,5,4.67
216,Tobillera estabilizadora,Ortesis,VENTA,2024-09-01,2024,9,0,0,0,0,0,0.0,2,0,0,0,0,1345.77,0.0,21,False,False,11,0,1,11,6.67
216,Tobillera estabilizadora,Ortesis,VENTA,2024-10-01,2024,10,0,0,0,0,0,0.0,3,1,0,0,0,1350.47,0.0,24,False,False,0,0,2,0,5.33
216,Tobillera estabilizadora,Ortesis,VENTA,2024-11-01,2024,11,2,0,2,1,0,0.0,1,1,1,1,0,1337.4,0.0,22,False,False,0,0,3,0,3.67
216,Tobillera estabilizadora,Ortesis,VENTA,2024-12-01,2024,12,7,0,7,3,0,0.0,3,0,1,0,0,1339.78,0.0,17,True,False,2,0,1,2,0.67
216,Tobillera estabilizadora,Ortesis,VENTA,2025-01-01,2025,1,2,0,2,1,0,0.0,5,1,1,0,0,1342.2,0.0,8,False,False,7,0,3,7,3.0
216,Tobillera estabilizadora,Ortesis,VENTA,2025-02-01,2025,2,8,0,8,2,0,0.0,3,0,0,0,0,1354.8,0.0,6,False,False,2,0,5,2,3.67
216,Tobillera estabilizadora,Ortesis,VENTA,2025-03-01,2025,3,6,0,6,2,0,0.0,4,1,2,0,0,1348.76,0.0,27,False,False,8,0,3,8,5.67
216,Tobillera estabilizadora,Ortesis,VENTA,2025-04-01,2025,4,1,0,1,1,0,0.0,1,0,0,0,0,1343.39,0.0,17,False,False,6,0,4,6,5.33
216,Tobillera estabilizadora,Ortesis,VENTA,2025-05-01,2025,5,11,0,11,4,0,0.0,5,4,3,1,0,1348.35,0.0,14,True,False,1,0,1,1,5.0
216,Tobillera estabilizadora,Ortesis,VENTA,2025-06-01,2025,6,12,0,12,5,0,0.0,6,2,4,0,1,1332.82,0.0,27,False,False,11,0,5,11,6.0
216,Tobillera estabilizadora,Ortesis,VENTA,2025-07-01,2025,7,16,0,16,4,0,0.0,9,3,2,0,0,1340.11,0.0,15,False,False,12,0,6,12,8.0
216,Tobillera estabilizadora,Ortesis,VENTA,2025-08-01,2025,8,20,0,20,7,0,0.0,11,3,1,2,0,1355.97,0.0,39,False,False,16,0,9,16,13.0
216,Tobillera estabilizadora,Ortesis,VENTA,2025-09-01,2025,9,18,0,18,5,0,0.0,16,1,2,0,0,1351.88,0.0,16,False,False,20,0,11,20,16.0
216,Tobillera estabilizadora,Ortesis,VENTA,2025-10-01,2025,10,16,0,16,7,0,0.0,6,4,1,0,0,1359.27,0.0,26,False,False,18,0,16,18,18.0
216,Tobillera estabilizadora,Ortesis,VENTA,2025-11-01,2025,11,18,0,18,8,0,0.0,14,4,3,1,1,1356.99,0.0,11,True,False,16,0,6,16,18.0
216,Tobillera estabilizadora,Ortesis,VENTA,2025-12-01,2025,12,14,0,14,5,0,0.0,12,2,0,0,1,1366.16,0.0,17,False,False,18,0,14,18,17.33
216,Tobillera estabilizadora,Ortesis,VENTA,2026-01-01,2026,1,18,0,18,6,0,0.0,14,3,1,3,1,1358.34,0.0,29,False,False,14,0,12,14,16.0
216,Tobillera estabilizadora,Ortesis,VENTA,2026-02-01,2026,2,34,0,34,11,0,0.0,22,4,3,3,0,1364.55,0.0,19,True,False,18,0,14,18,16.67
216,Tobillera estabilizadora,Ortesis,VENTA,2026-03-01,2026,3,20,0,20,7,0,0.0,13,7,3,1,0,1381.09,0.0,36,False,False,34,0,22,34,22.0
216,Tobillera estabilizadora,Ortesis,VENTA,2026-04-01,2026,4,25,0,25,9,0,0.0,16,5,2,0,2,1374.09,0.0,14,False,False,20,0,13,20,24.0
216,Tobillera estabilizadora,Ortesis,VENTA,2026-05-01,2026,5,16,0,16,5,0,0.0,23,4,1,2,0,1383.01,0.0,25,False,False,25,0,16,25,26.33
216,Tobillera estabilizadora,Ortesis,VENTA,2026-06-01,2026,6,35,0,35,11,0,0.0,11,0,2,2,0,1392.65,0.0,45,False,False,16,0,23,16,20.33
216,Tobillera estabilizadora,Ortesis,VENTA,2026-07-01,2026,7,2,0,2,1,0,0.0,2,2,0,0,0,1372.27,0.0,61,False,False,35,0,11,35,25.33
217,Muñequera con férula palmar,Ortesis,VENTA,2024-01-01,2024,1,0,0,0,0,0,0.0,0,0,0,0,0,1052.64,0.0,45,True,False,0,0,0,0,0.0
217,Muñequera con férula palmar,Ortesis,VENTA,2024-02-01,2024,2,0,0,0,0,0,0.0,0,0,0,0,0,1054.2,0.0,41,False,False,0,0,0,0,0.0
217,Muñequera con férula palmar,Ortesis,VENTA,2024-03-01,2024,3,0,0,0,0,0,0.0,0,0,0,0,0,1049.26,0.0,39,False,False,0,0,0,0,0.0
217,Muñequera con férula palmar,Ortesis,VENTA,2024-04-01,2024,4,0,0,0,0,0,0.0,0,0,0,0,0,1054.05,0.0,41,False,False,0,0,0,0,0.0
217,Muñequera con férula palmar,Ortesis,VENTA,2024-05-01,2024,5,0,0,0,0,0,0.0,1,2,1,0,0,1056.67,0.0,40,False,False,0,0,0,0,0.0
217,Muñequera con férula palmar,Ortesis,VENTA,2024-06-01,2024,6,4,0,4,1,0,0.0,2,1,1,0,0,1069.66,0.0,38,False,False,0,0,1,0,0.0
217,Muñequera con férula palmar,Ortesis,VENTA,2024-07-01,2024,7,0,0,0,0,0,0.0,3,0,0,0,0,1063.66,0.0,31,True,False,4,0,2,4,1.33
217,Muñequera con férula palmar,Ortesis,VENTA,2024-08-01,2024,8,3,0,3,1,0,0.0,2,4,0,0,0,1076.92,0.0,29,True,False,0,0,3,0,1.33
217,Muñequera con férula palmar,Ortesis,VENTA,2024-09-01,2024,9,6,0,6,2,0,0.0,3,0,0,0,1,1071.79,0.0,25,False,False,3,0,2,3,2.33
217,Muñequera con férula palmar,Ortesis,VENTA,2024-10-01,2024,10,6,0,6,2,0,0.0,5,1,1,0,0,1074.25,0.0,17,False,False,6,0,3,6,3.0
217,Muñequera con férula palmar,Ortesis,VENTA,2024-11-01,2024,11,3,0,3,2,0,0.0,3,0,1,0,1,1070.09,0.0,12,False,False,6,0,5,6,5.0
217,Muñequera con férula palmar,Ortesis,VENTA,2024-12-01,2024,12,6,0,6,2,0,0.0,8,1,1,1,1,1083.58,0.0,26,True,False,3,0,3,3,5.0
217,Muñequera con férula palmar,Ortesis,VENTA,2025-01-01,2025,1,6,0,6,2,0,0.0,3,1,2,0,1,1085.23,0.0,21,False,False,6,0,8,6,5.0
217,Muñequera con férula palmar,Ortesis,VENTA,2025-02-01,2025,2,9,0,9,3,0,0.0,7,4,0,0,0,1082.97,0.0,17,False,False,6,0,3,6,5.0
217,Muñequera con férula palmar,Ortesis,VENTA,2025-03-01,2025,3,10,0,10,3,0,0.0,13,1,1,0,0,1084.77,0.0,6,True,False,9,0,7,9,7.0
217,Muñequera con férula palmar,Ortesis,VENTA,2025-04-01,2025,4,5,0,5,2,0,0.0,11,3,0,1,1,1086.85,0.0,14,False,False,10,0,13,10,8.33
217,Muñequera con férula palmar,Ortesis,VENTA,2025-05-01,2025,5,8,0,8,2,0,0.0,9,1,2,2,0,1083.24,0.0,27,True,False,5,0,11,5,8.0
217,Muñequera con férula palmar,Ortesis,VENTA,2025-06-01,2025,6,8,0,8,4,0,0.0,12,3,4,3,0,1093.88,0.0,24,True,False,8,0,9,8,7.67
217,Muñequera con férula palmar,Ortesis,VENTA,2025-07-01,2025,7,13,0,13,4,0,0.0,16,2,3,2,1,1092.78,0.0,18,False,False,8,0,12,8,7.0
217,Muñequera con férula palmar,Ortesis,VENTA,2025-08-01,2025,8,4,0,4,2,0,0.0,17,5,4,0,0,1090.04,0.0,29,False,False,13,0,16,13,9.67
217,Muñequera con férula palmar,Ortesis,VENTA,2025-09-01,2025,9,7,0,7,2,0,0.0,20,7,5,2,0,1088.97,0.0,25,False,False,4,0,17,4,8.33
217,Muñequera con férula palmar,Ortesis,VENTA,2025-10-01,2025,10,7,0,7,2,0,0.0,22,4,9,4,3,1100.02,0.0,20,True,False,7,0,20,7,8.0
217,Muñequera con férula palmar,Ortesis,VENTA,2025-11-01,2025,11,15,0,15,6,0,0.0,18,5,2,1,0,1104.17,0.0,13,False,False,7,0,22,7,6.0
217,Muñequera con férula palmar,Ortesis,VENTA,2025-12-01,2025,12,13,0,13,5,0,0.0,19,3,2,2,1,1115.94,0.0,28,False,False,15,0,18,15,9.67
217,Muñequera con férula palmar,Ortesis,VENTA,2026-01-01,2026,1,16,0,16,5,0,0.0,26,6,5,2,0,1126.23,0.0,17,False,False,13,0,19,13,11.67
217,Muñequera con férula palmar,Ortesis,VENTA,2026-02-01,2026,2,16,0,16,6,0,0.0,37,4,5,2,0,1128.36,0.0,41,False,False,16,0,26,16,14.67
217,Muñequera con férula palmar,Ortesis,VENTA,2026-03-01,2026,3,13,0,13,5,0,0.0,40,8,8,2,4,1128.63,0.0,28,False,False,16,0,37,16,15.0
217,Muñequera con férula palmar,Ortesis,VENTA,2026-04-01,2026,4,25,0,25,8,0,0.0,46,12,8,5,2,1126.84,0.0,13,True,False,13,0,40,13,15.0
217,Muñequera con férula palmar,Ortesis,VENTA,2026-05-01,2026,5,18,0,18,6,0,0.0,37,13,6,1,3,1128.19,0.0,41,False,False,25,0,46,25,18.0
217,Muñequera con férula palmar,Ortesis,VENTA,2026-06-01,2026,6,36,0,36,13,0,0.0,31,8,3,0,1,1127.28,0.0,21,False,False,18,0,37,18,18.67
217,Muñequera con férula palmar,Ortesis,VENTA,2026-07-01,2026,7,4,0,4,1,0,0.0,2,2,5,0,1,1122.68,0.0,43,False,False,36,0,31,36,26.33
218,Compresero eléctrico terapéutico,Rehabilitación,VENTA,2024-01-01,2024,1,0,0,0,0,0,0.0,0,0,0,0,0,2902.76,0.0,33,False,False,0,0,0,0,0.0
218,Compresero eléctrico terapéutico,Rehabilitación,VENTA,2024-02-01,2024,2,1,0,1,1,0,0.0,0,0,0,0,0,2925.11,0.0,32,True,False,0,0,0,0,0.0
218,Compresero eléctrico terapéutico,Rehabilitación,VENTA,2024-03-01,2024,3,2,0,2,1,0,0.0,0,0,0,0,0,2941.52,0.0,32,False,False,1,0,0,1,0.5
218,Compresero eléctrico terapéutico,Rehabilitación,VENTA,2024-04-01,2024,4,0,0,0,0,0,0.0,1,0,0,0,0,2946.8,0.0,31,False,False,2,0,0,2,1.0
218,Compresero eléctrico terapéutico,Rehabilitación,VENTA,2024-05-01,2024,5,5,0,5,2,0,0.0,1,0,0,0,0,2943.47,0.0,31,False,False,0,0,1,0,1.0
218,Compresero eléctrico terapéutico,Rehabilitación,VENTA,2024-06-01,2024,6,2,0,2,1,0,0.0,0,1,1,0,0,2928.71,0.0,24,False,False,5,0,1,5,2.33
218,Compresero eléctrico terapéutico,Rehabilitación,VENTA,2024-07-01,2024,7,4,0,4,1,0,0.0,3,0,0,0,0,2937.35,0.0,23,False,False,2,0,0,2,2.33
218,Compresero eléctrico terapéutico,Rehabilitación,VENTA,2024-08-01,2024,8,3,0,3,1,0,0.0,1,2,1,1,1,2935.62,0.0,19,True,False,4,0,3,4,3.67
218,Compresero eléctrico terapéutico,Rehabilitación,VENTA,2024-09-01,2024,9,2,0,2,1,0,0.0,3,1,0,0,0,2926.82,0.0,13,False,False,3,0,1,3,3.0
218,Compresero eléctrico terapéutico,Rehabilitación,VENTA,2024-10-01,2024,10,2,0,2,1,0,0.0,2,2,0,1,0,2948.23,0.0,9,False,False,2,0,3,2,3.0
218,Compresero eléctrico terapéutico,Rehabilitación,VENTA,2024-11-01,2024,11,8,0,8,4,0,0.0,3,2,0,1,0,2952.82,0.0,8,True,False,2,0,2,2,2.33
218,Compresero eléctrico terapéutico,Rehabilitación,VENTA,2024-12-01,2024,12,7,0,7,4,0,0.0,8,1,0,0,0,2951.82,0.0,12,False,False,8,0,3,8,4.0
218,Compresero eléctrico terapéutico,Rehabilitación,VENTA,2025-01-01,2025,1,0,0,0,0,0,0.0,6,1,1,0,0,2949.13,0.0,19,False,False,7,0,8,7,5.67
218,Compresero eléctrico terapéutico,Rehabilitación,VENTA,2025-02-01,2025,2,13,0,13,4,0,0.0,5,2,1,0,0,2980.03,0.0,15,False,False,0,0,6,0,5.0
218,Compresero eléctrico terapéutico,Rehabilitación,VENTA,2025-03-01,2025,3,2,0,2,2,0,0.0,7,3,0,0,1,2972.36,0.0,29,False,False,13,0,5,13,6.67
218,Compresero eléctrico terapéutico,Rehabilitación,VENTA,2025-04-01,2025,4,5,0,5,3,0,0.0,9,1,3,2,1,2979.62,0.0,25,False,False,2,0,7,2,5.0
218,Compresero eléctrico terapéutico,Rehabilitación,VENTA,2025-05-01,2025,5,3,0,3,1,0,0.0,8,4,0,2,0,2995.88,0.0,21,False,False,5,0,9,5,6.67
218,Compresero eléctrico terapéutico,Rehabilitación,VENTA,2025-06-01,2025,6,16,0,16,8,0,0.0,10,3,4,2,0,3007.45,0.0,21,True,False,3,0,8,3,3.33
218,Compresero eléctrico terapéutico,Rehabilitación,VENTA,2025-07-01,2025,7,12,0,12,4,0,0.0,15,4,3,2,2,2978.94,0.0,46,False,False,16,0,10,16,8.0
218,Compresero eléctrico terapéutico,Rehabilitación,VENTA,2025-08-01,2025,8,18,0,18,7,0,0.0,23,0,4,2,1,2973.57,0.0,41,True,False,12,0,15,12,10.33
218,Compresero eléctrico terapéutico,Rehabilitación,VENTA,2025-09-01,2025,9,6,0,6,3,0,0.0,17,5,4,1,1,2944.5,0.0,21,False,False,18,0,23,18,15.33
218,Compresero eléctrico terapéutico,Rehabilitación,VENTA,2025-10-01,2025,10,33,0,33,13,0,0.0,15,4,3,1,1,2961.09,0.0,14,True,False,6,0,17,6,12.0
218,Compresero eléctrico terapéutico,Rehabilitación,VENTA,2025-11-01,2025,11,10,0,10,4,0,0.0,15,3,2,0,0,2973.6,0.0,34,False,False,33,0,15,33,19.0
218,Compresero eléctrico terapéutico,Rehabilitación,VENTA,2025-12-01,2025,12,20,0,20,7,0,0.0,19,5,5,2,0,2961.75,0.0,24,False,False,10,0,15,10,16.33
218,Compresero eléctrico terapéutico,Rehabilitación,VENTA,2026-01-01,2026,1,12,0,12,5,0,0.0,27,6,3,1,1,2967.92,0.0,43,False,False,20,0,19,20,21.0
218,Compresero eléctrico terapéutico,Rehabilitación,VENTA,2026-02-01,2026,2,28,0,28,9,0,0.0,21,5,2,3,1,2980.81,0.0,30,False,False,12,0,27,12,14.0
218,Compresero eléctrico terapéutico,Rehabilitación,VENTA,2026-03-01,2026,3,26,0,26,10,0,0.0,22,6,0,4,2,3014.49,0.0,34,False,False,28,0,21,28,20.0
218,Compresero eléctrico terapéutico,Rehabilitación,VENTA,2026-04-01,2026,4,49,0,49,18,0,0.0,20,11,8,2,1,3013.7,0.0,52,True,False,26,0,22,26,22.0
218,Compresero eléctrico terapéutico,Rehabilitación,VENTA,2026-05-01,2026,5,39,0,39,13,0,0.0,30,3,1,2,2,3005.4,0.0,67,False,False,49,0,20,49,34.33
218,Compresero eléctrico terapéutico,Rehabilitación,VENTA,2026-06-01,2026,6,23,0,23,12,0,0.0,34,7,5,2,1,3028.04,0.0,26,False,False,39,0,30,39,38.0
218,Compresero eléctrico terapéutico,Rehabilitación,VENTA,2026-07-01,2026,7,17,0,17,6,0,0.0,12,3,0,1,0,2993.12,0.0,51,True,False,23,0,34,23,37.0
